community_area_id,community_area_name,weekday,hour,trip_count,avg_fare_cents
1,Rogers Park,0,0,32,1717
1,Rogers Park,0,1,35,1728
1,Rogers Park,0,2,16,1739
1,Rogers Park,0,3,17,1750
1,Rogers Park,0,4,18,1761
1,Rogers Park,0,5,17,1772
1,Rogers Park,0,6,54,1533
1,Rogers Park,0,7,72,1544
1,Rogers Park,0,8,77,1555
1,Rogers Park,0,9,82,1566
1,Rogers Park,0,10,51,1577
1,Rogers Park,0,11,67,1588
1,Rogers Park,0,12,61,1599
1,Rogers Park,0,13,65,1610
1,Rogers Park,0,14,57,1621
1,Rogers Park,0,15,51,1452
1,Rogers Park,0,16,100,1463
1,Rogers Park,0,17,91,1474
1,Rogers Park,0,18,97,1485
1,Rogers Park,0,19,88,1496
1,Rogers Park,0,20,64,1507
1,Rogers Park,0,21,69,1518
1,Rogers Park,0,22,62,1779
1,Rogers Park,0,23,35,1790
1,Rogers Park,1,0,38,1717
1,Rogers Park,1,1,35,1728
1,Rogers Park,1,2,19,1739
1,Rogers Park,1,3,17,1750
1,Rogers Park,1,4,19,1761
1,Rogers Park,1,5,17,1772
1,Rogers Park,1,6,55,1533
1,Rogers Park,1,7,86,1544
1,Rogers Park,1,8,78,1555
1,Rogers Park,1,9,83,1566
1,Rogers Park,1,10,51,1577
1,Rogers Park,1,11,68,1588
1,Rogers Park,1,12,73,1599
1,Rogers Park,1,13,66,1610
1,Rogers Park,1,14,57,1621
1,Rogers Park,1,15,52,1452
1,Rogers Park,1,16,101,1463
1,Rogers Park,1,17,108,1474
1,Rogers Park,1,18,98,1485
1,Rogers Park,1,19,105,1496
1,Rogers Park,1,20,65,1507
1,Rogers Park,1,21,69,1518
1,Rogers Park,1,22,63,1779
1,Rogers Park,1,23,35,1790
1,Rogers Park,2,0,37,1717
1,Rogers Park,2,1,34,1728
1,Rogers Park,2,2,18,1739
1,Rogers Park,2,3,20,1750
1,Rogers Park,2,4,18,1761
1,Rogers Park,2,5,19,1772
1,Rogers Park,2,6,52,1533
1,Rogers Park,2,7,83,1544
1,Rogers Park,2,8,75,1555
1,Rogers Park,2,9,80,1566
1,Rogers Park,2,10,58,1577
1,Rogers Park,2,11,65,1588
1,Rogers Park,2,12,70,1599
1,Rogers Park,2,13,63,1610
1,Rogers Park,2,14,55,1621
1,Rogers Park,2,15,59,1452
1,Rogers Park,2,16,97,1463
1,Rogers Park,2,17,104,1474
1,Rogers Park,2,18,94,1485
1,Rogers Park,2,19,101,1496
1,Rogers Park,2,20,73,1507
1,Rogers Park,2,21,67,1518
1,Rogers Park,2,22,71,1779
1,Rogers Park,2,23,34,1790
1,Rogers Park,3,0,36,1717
1,Rogers Park,3,1,38,1728
1,Rogers Park,3,2,18,1739
1,Rogers Park,3,3,19,1750
1,Rogers Park,3,4,17,1761
1,Rogers Park,3,5,18,1772
1,Rogers Park,3,6,59,1533
1,Rogers Park,3,7,79,1544
1,Rogers Park,3,8,85,1555
1,Rogers Park,3,9,77,1566
1,Rogers Park,3,10,56,1577
1,Rogers Park,3,11,63,1588
1,Rogers Park,3,12,67,1599
1,Rogers Park,3,13,72,1610
1,Rogers Park,3,14,53,1621
1,Rogers Park,3,15,57,1452
1,Rogers Park,3,16,93,1463
1,Rogers Park,3,17,100,1474
1,Rogers Park,3,18,107,1485
1,Rogers Park,3,19,97,1496
1,Rogers Park,3,20,71,1507
1,Rogers Park,3,21,64,1518
1,Rogers Park,3,22,69,1779
1,Rogers Park,3,23,38,1790
1,Rogers Park,4,0,34,1717
1,Rogers Park,4,1,37,1728
1,Rogers Park,4,2,17,1739
1,Rogers Park,4,3,18,1750
1,Rogers Park,4,4,19,1761
1,Rogers Park,4,5,18,1772
1,Rogers Park,4,6,57,1533
1,Rogers Park,4,7,76,1544
1,Rogers Park,4,8,82,1555
1,Rogers Park,4,9,87,1566
1,Rogers Park,4,10,54,1577
1,Rogers Park,4,11,71,1588
1,Rogers Park,4,12,65,1599
1,Rogers Park,4,13,69,1610
1,Rogers Park,4,14,51,1621
1,Rogers Park,4,15,55,1452
1,Rogers Park,4,16,106,1463
1,Rogers Park,4,17,96,1474
1,Rogers Park,4,18,103,1485
1,Rogers Park,4,19,93,1496
1,Rogers Park,4,20,68,1507
1,Rogers Park,4,21,73,1518
1,Rogers Park,4,22,66,1779
1,Rogers Park,4,23,37,1790
1,Rogers Park,5,0,33,1817
1,Rogers Park,5,1,35,1828
1,Rogers Park,5,2,19,1839
1,Rogers Park,5,3,17,1850
1,Rogers Park,5,4,19,1861
1,Rogers Park,5,5,17,1872
1,Rogers Park,5,6,55,1633
1,Rogers Park,5,7,87,1644
1,Rogers Park,5,8,79,1655
1,Rogers Park,5,9,84,1666
1,Rogers Park,5,10,52,1677
1,Rogers Park,5,11,69,1688
1,Rogers Park,5,12,73,1699
1,Rogers Park,5,13,67,1710
1,Rogers Park,5,14,58,1721
1,Rogers Park,5,15,52,1552
1,Rogers Park,5,16,102,1563
1,Rogers Park,5,17,92,1574
1,Rogers Park,5,18,99,1585
1,Rogers Park,5,19,106,1596
1,Rogers Park,5,20,65,1607
1,Rogers Park,5,21,70,1618
1,Rogers Park,5,22,63,1879
1,Rogers Park,5,23,36,1890
1,Rogers Park,6,0,36,1817
1,Rogers Park,6,1,32,1828
1,Rogers Park,6,2,18,1839
1,Rogers Park,6,3,16,1850
1,Rogers Park,6,4,17,1861
1,Rogers Park,6,5,18,1872
1,Rogers Park,6,6,50,1633
1,Rogers Park,6,7,79,1644
1,Rogers Park,6,8,72,1655
1,Rogers Park,6,9,77,1666
1,Rogers Park,6,10,56,1677
1,Rogers Park,6,11,63,1688
1,Rogers Park,6,12,67,1699
1,Rogers Park,6,13,61,1710
1,Rogers Park,6,14,53,1721
1,Rogers Park,6,15,57,1552
1,Rogers Park,6,16,94,1563
1,Rogers Park,6,17,100,1574
1,Rogers Park,6,18,91,1585
1,Rogers Park,6,19,97,1596
1,Rogers Park,6,20,59,1607
1,Rogers Park,6,21,64,1618
1,Rogers Park,6,22,69,1879
1,Rogers Park,6,23,33,1890
2,West Ridge,0,0,26,1734
2,West Ridge,0,1,28,1745
2,West Ridge,0,2,13,1756
2,West Ridge,0,3,14,1767
2,West Ridge,0,4,12,1778
2,West Ridge,0,5,13,1789
2,West Ridge,0,6,43,1550
2,West Ridge,0,7,57,1561
2,West Ridge,0,8,62,1572
2,West Ridge,0,9,56,1583
2,West Ridge,0,10,41,1594
2,West Ridge,0,11,54,1605
2,West Ridge,0,12,49,1616
2,West Ridge,0,13,52,1627
2,West Ridge,0,14,38,1458
2,West Ridge,0,15,41,1469
2,West Ridge,0,16,80,1480
2,West Ridge,0,17,73,1491
2,West Ridge,0,18,78,1502
2,West Ridge,0,19,71,1513
2,West Ridge,0,20,51,1524
2,West Ridge,0,21,46,1535
2,West Ridge,0,22,50,1796
2,West Ridge,0,23,28,1807
2,West Ridge,1,0,26,1734
2,West Ridge,1,1,28,1745
2,West Ridge,1,2,15,1756
2,West Ridge,1,3,14,1767
2,West Ridge,1,4,15,1778
2,West Ridge,1,5,13,1789
2,West Ridge,1,6,44,1550
2,West Ridge,1,7,58,1561
2,West Ridge,1,8,62,1572
2,West Ridge,1,9,67,1583
2,West Ridge,1,10,41,1594
2,West Ridge,1,11,55,1605
2,West Ridge,1,12,49,1616
2,West Ridge,1,13,53,1627
2,West Ridge,1,14,46,1458
2,West Ridge,1,15,42,1469
2,West Ridge,1,16,81,1480
2,West Ridge,1,17,73,1491
2,West Ridge,1,18,79,1502
2,West Ridge,1,19,84,1513
2,West Ridge,1,20,52,1524
2,West Ridge,1,21,56,1535
2,West Ridge,1,22,50,1796
2,West Ridge,1,23,28,1807
2,West Ridge,2,0,30,1734
2,West Ridge,2,1,27,1745
2,West Ridge,2,2,15,1756
2,West Ridge,2,3,13,1767
2,West Ridge,2,4,14,1778
2,West Ridge,2,5,15,1789
2,West Ridge,2,6,42,1550
2,West Ridge,2,7,66,1561
2,West Ridge,2,8,60,1572
2,West Ridge,2,9,64,1583
2,West Ridge,2,10,39,1594
2,West Ridge,2,11,52,1605
2,West Ridge,2,12,56,1616
2,West Ridge,2,13,51,1627
2,West Ridge,2,14,44,1458
2,West Ridge,2,15,40,1469
2,West Ridge,2,16,78,1480
2,West Ridge,2,17,84,1491
2,West Ridge,2,18,76,1502
2,West Ridge,2,19,81,1513
2,West Ridge,2,20,50,1524
2,West Ridge,2,21,53,1535
2,West Ridge,2,22,57,1796
2,West Ridge,2,23,27,1807
2,West Ridge,3,0,29,1734
2,West Ridge,3,1,26,1745
2,West Ridge,3,2,14,1756
2,West Ridge,3,3,15,1767
2,West Ridge,3,4,14,1778
2,West Ridge,3,5,15,1789
2,West Ridge,3,6,40,1550
2,West Ridge,3,7,64,1561
2,West Ridge,3,8,68,1572
2,West Ridge,3,9,62,1583
2,West Ridge,3,10,45,1594
2,West Ridge,3,11,50,1605
2,West Ridge,3,12,54,1616
2,West Ridge,3,13,49,1627
2,West Ridge,3,14,42,1458
2,West Ridge,3,15,45,1469
2,West Ridge,3,16,75,1480
2,West Ridge,3,17,80,1491
2,West Ridge,3,18,73,1502
2,West Ridge,3,19,78,1513
2,West Ridge,3,20,57,1524
2,West Ridge,3,21,51,1535
2,West Ridge,3,22,55,1796
2,West Ridge,3,23,26,1807
2,West Ridge,4,0,27,1734
2,West Ridge,4,1,29,1745
2,West Ridge,4,2,14,1756
2,West Ridge,4,3,15,1767
2,West Ridge,4,4,13,1778
2,West Ridge,4,5,14,1789
2,West Ridge,4,6,46,1550
2,West Ridge,4,7,61,1561
2,West Ridge,4,8,66,1572
2,West Ridge,4,9,59,1583
2,West Ridge,4,10,43,1594
2,West Ridge,4,11,57,1605
2,West Ridge,4,12,52,1616
2,West Ridge,4,13,56,1627
2,West Ridge,4,14,41,1458
2,West Ridge,4,15,44,1469
2,West Ridge,4,16,72,1480
2,West Ridge,4,17,77,1491
2,West Ridge,4,18,83,1502
2,West Ridge,4,19,75,1513
2,West Ridge,4,20,55,1524
2,West Ridge,4,21,49,1535
2,West Ridge,4,22,53,1796
2,West Ridge,4,23,30,1807
2,West Ridge,5,0,26,1834
2,West Ridge,5,1,28,1845
2,West Ridge,5,2,13,1856
2,West Ridge,5,3,14,1867
2,West Ridge,5,4,15,1878
2,West Ridge,5,5,14,1889
2,West Ridge,5,6,44,1650
2,West Ridge,5,7,59,1661
2,West Ridge,5,8,63,1672
2,West Ridge,5,9,67,1683
2,West Ridge,5,10,42,1694
2,West Ridge,5,11,55,1705
2,West Ridge,5,12,50,1716
2,West Ridge,5,13,53,1727
2,West Ridge,5,14,46,1558
2,West Ridge,5,15,42,1569
2,West Ridge,5,16,82,1580
2,West Ridge,5,17,74,1591
2,West Ridge,5,18,80,1602
2,West Ridge,5,19,72,1613
2,West Ridge,5,20,52,1624
2,West Ridge,5,21,56,1635
2,West Ridge,5,22,51,1896
2,West Ridge,5,23,29,1907
2,West Ridge,6,0,28,1834
2,West Ridge,6,1,26,1845
2,West Ridge,6,2,14,1856
2,West Ridge,6,3,13,1867
2,West Ridge,6,4,14,1878
2,West Ridge,6,5,12,1889
2,West Ridge,6,6,40,1650
2,West Ridge,6,7,63,1661
2,West Ridge,6,8,57,1672
2,West Ridge,6,9,62,1683
2,West Ridge,6,10,38,1694
2,West Ridge,6,11,50,1705
2,West Ridge,6,12,54,1716
2,West Ridge,6,13,49,1727
2,West Ridge,6,14,42,1558
2,West Ridge,6,15,38,1569
2,West Ridge,6,16,75,1580
2,West Ridge,6,17,80,1591
2,West Ridge,6,18,73,1602
2,West Ridge,6,19,78,1613
2,West Ridge,6,20,48,1624
2,West Ridge,6,21,51,1635
2,West Ridge,6,22,46,1896
2,West Ridge,6,23,26,1907
3,Uptown,0,0,63,1751
3,Uptown,0,1,68,1762
3,Uptown,0,2,31,1773
3,Uptown,0,3,25,1784
3,Uptown,0,4,23,1795
3,Uptown,0,5,25,1806
3,Uptown,0,6,68,1567
3,Uptown,0,7,107,1578
3,Uptown,0,8,115,1589
3,Uptown,0,9,104,1600
3,Uptown,0,10,76,1611
3,Uptown,0,11,85,1622
3,Uptown,0,12,91,1453
3,Uptown,0,13,97,1464
3,Uptown,0,14,71,1475
3,Uptown,0,15,77,1486
3,Uptown,0,16,126,1497
3,Uptown,0,17,136,1508
3,Uptown,0,18,145,1519
3,Uptown,0,19,132,1530
3,Uptown,0,20,174,1541
3,Uptown,0,21,157,1552
3,Uptown,0,22,169,1813
3,Uptown,0,23,58,1824
3,Uptown,1,0,49,1751
3,Uptown,1,1,52,1762
3,Uptown,1,2,24,1773
3,Uptown,1,3,26,1784
3,Uptown,1,4,28,1795
3,Uptown,1,5,25,1806
3,Uptown,1,6,81,1567
3,Uptown,1,7,108,1578
3,Uptown,1,8,116,1589
3,Uptown,1,9,105,1600
3,Uptown,1,10,77,1611
3,Uptown,1,11,102,1622
3,Uptown,1,12,92,1453
3,Uptown,1,13,99,1464
3,Uptown,1,14,72,1475
3,Uptown,1,15,78,1486
3,Uptown,1,16,151,1497
3,Uptown,1,17,137,1508
3,Uptown,1,18,147,1519
3,Uptown,1,19,133,1530
3,Uptown,1,20,134,1541
3,Uptown,1,21,143,1552
3,Uptown,1,22,130,1813
3,Uptown,1,23,53,1824
3,Uptown,2,0,47,1751
3,Uptown,2,1,50,1762
3,Uptown,2,2,27,1773
3,Uptown,2,3,25,1784
3,Uptown,2,4,27,1795
3,Uptown,2,5,24,1806
3,Uptown,2,6,78,1567
3,Uptown,2,7,123,1578
3,Uptown,2,8,112,1589
3,Uptown,2,9,120,1600
3,Uptown,2,10,74,1611
3,Uptown,2,11,98,1622
3,Uptown,2,12,88,1453
3,Uptown,2,13,95,1464
3,Uptown,2,14,82,1475
3,Uptown,2,15,74,1486
3,Uptown,2,16,146,1497
3,Uptown,2,17,131,1508
3,Uptown,2,18,141,1519
3,Uptown,2,19,151,1530
3,Uptown,2,20,128,1541
3,Uptown,2,21,138,1552
3,Uptown,2,22,124,1813
3,Uptown,2,23,51,1824
3,Uptown,3,0,53,1751
3,Uptown,3,1,48,1762
3,Uptown,3,2,26,1773
3,Uptown,3,3,24,1784
3,Uptown,3,4,26,1795
3,Uptown,3,5,27,1806
3,Uptown,3,6,75,1567
3,Uptown,3,7,119,1578
3,Uptown,3,8,107,1589
3,Uptown,3,9,115,1600
3,Uptown,3,10,84,1611
3,Uptown,3,11,94,1622
3,Uptown,3,12,101,1453
3,Uptown,3,13,91,1464
3,Uptown,3,14,79,1475
3,Uptown,3,15,71,1486
3,Uptown,3,16,140,1497
3,Uptown,3,17,150,1508
3,Uptown,3,18,136,1519
3,Uptown,3,19,146,1530
3,Uptown,3,20,123,1541
3,Uptown,3,21,132,1552
3,Uptown,3,22,141,1813
3,Uptown,3,23,49,1824
3,Uptown,4,0,51,1751
3,Uptown,4,1,46,1762
3,Uptown,4,2,25,1773
3,Uptown,4,3,27,1784
3,Uptown,4,4,25,1795
3,Uptown,4,5,26,1806
3,Uptown,4,6,72,1567
3,Uptown,4,7,114,1578
3,Uptown,4,8,122,1589
3,Uptown,4,9,111,1600
3,Uptown,4,10,81,1611
3,Uptown,4,11,90,1622
3,Uptown,4,12,97,1453
3,Uptown,4,13,103,1464
3,Uptown,4,14,76,1475
3,Uptown,4,15,81,1486
3,Uptown,4,16,134,1497
3,Uptown,4,17,144,1508
3,Uptown,4,18,130,1519
3,Uptown,4,19,140,1530
3,Uptown,4,20,140,1541
3,Uptown,4,21,127,1552
3,Uptown,4,22,136,1813
3,Uptown,4,23,47,1824
3,Uptown,5,0,139,1851
3,Uptown,5,1,148,1862
3,Uptown,5,2,24,1873
3,Uptown,5,3,26,1884
3,Uptown,5,4,23,1895
3,Uptown,5,5,25,1906
3,Uptown,5,6,82,1667
3,Uptown,5,7,109,1678
3,Uptown,5,8,117,1689
3,Uptown,5,9,106,1700
3,Uptown,5,10,78,1711
3,Uptown,5,11,102,1722
3,Uptown,5,12,93,1553
3,Uptown,5,13,100,1564
3,Uptown,5,14,73,1575
3,Uptown,5,15,78,1586
3,Uptown,5,16,153,1597
3,Uptown,5,17,139,1608
3,Uptown,5,18,148,1619
3,Uptown,5,19,134,1630
3,Uptown,5,20,135,1641
3,Uptown,5,21,122,1652
3,Uptown,5,22,131,1913
3,Uptown,5,23,150,1924
3,Uptown,6,0,166,1851
3,Uptown,6,1,178,1862
3,Uptown,6,2,34,1873
3,Uptown,6,3,24,1884
3,Uptown,6,4,25,1895
3,Uptown,6,5,23,1906
3,Uptown,6,6,75,1667
3,Uptown,6,7,100,1678
3,Uptown,6,8,107,1689
3,Uptown,6,9,115,1700
3,Uptown,6,10,71,1711
3,Uptown,6,11,94,1722
3,Uptown,6,12,85,1553
3,Uptown,6,13,91,1564
3,Uptown,6,14,79,1575
3,Uptown,6,15,71,1586
3,Uptown,6,16,140,1597
3,Uptown,6,17,126,1608
3,Uptown,6,18,136,1619
3,Uptown,6,19,145,1630
3,Uptown,6,20,162,1641
3,Uptown,6,21,174,1652
3,Uptown,6,22,157,1913
3,Uptown,6,23,180,1924
4,Lincoln Square,0,0,33,1768
4,Lincoln Square,0,1,29,1779
4,Lincoln Square,0,2,16,1790
4,Lincoln Square,0,3,17,1801
4,Lincoln Square,0,4,16,1812
4,Lincoln Square,0,5,17,1823
4,Lincoln Square,0,6,46,1584
4,Lincoln Square,0,7,73,1595
4,Lincoln Square,0,8,66,1606
4,Lincoln Square,0,9,71,1617
4,Lincoln Square,0,10,51,1628
4,Lincoln Square,0,11,57,1459
4,Lincoln Square,0,12,62,1470
4,Lincoln Square,0,13,56,1481
4,Lincoln Square,0,14,48,1492
4,Lincoln Square,0,15,52,1503
4,Lincoln Square,0,16,86,1514
4,Lincoln Square,0,17,92,1525
4,Lincoln Square,0,18,83,1536
4,Lincoln Square,0,19,89,1547
4,Lincoln Square,0,20,65,1558
4,Lincoln Square,0,21,59,1569
4,Lincoln Square,0,22,63,1830
4,Lincoln Square,0,23,30,1841
4,Lincoln Square,1,0,33,1768
4,Lincoln Square,1,1,35,1779
4,Lincoln Square,1,2,16,1790
4,Lincoln Square,1,3,17,1801
4,Lincoln Square,1,4,16,1812
4,Lincoln Square,1,5,17,1823
4,Lincoln Square,1,6,55,1584
4,Lincoln Square,1,7,74,1595
4,Lincoln Square,1,8,79,1606
4,Lincoln Square,1,9,71,1617
4,Lincoln Square,1,10,52,1628
4,Lincoln Square,1,11,58,1459
4,Lincoln Square,1,12,62,1470
4,Lincoln Square,1,13,67,1481
4,Lincoln Square,1,14,49,1492
4,Lincoln Square,1,15,53,1503
4,Lincoln Square,1,16,86,1514
4,Lincoln Square,1,17,93,1525
4,Lincoln Square,1,18,100,1536
4,Lincoln Square,1,19,90,1547
4,Lincoln Square,1,20,66,1558
4,Lincoln Square,1,21,59,1569
4,Lincoln Square,1,22,64,1830
4,Lincoln Square,1,23,36,1841
4,Lincoln Square,2,0,32,1768
4,Lincoln Square,2,1,34,1779
4,Lincoln Square,2,2,16,1790
4,Lincoln Square,2,3,17,1801
4,Lincoln Square,2,4,18,1812
4,Lincoln Square,2,5,16,1823
4,Lincoln Square,2,6,53,1584
4,Lincoln Square,2,7,71,1595
4,Lincoln Square,2,8,76,1606
4,Lincoln Square,2,9,81,1617
4,Lincoln Square,2,10,50,1628
4,Lincoln Square,2,11,66,1459
4,Lincoln Square,2,12,60,1470
4,Lincoln Square,2,13,64,1481
4,Lincoln Square,2,14,47,1492
4,Lincoln Square,2,15,50,1503
4,Lincoln Square,2,16,99,1514
4,Lincoln Square,2,17,89,1525
4,Lincoln Square,2,18,96,1536
4,Lincoln Square,2,19,86,1547
4,Lincoln Square,2,20,63,1558
4,Lincoln Square,2,21,67,1569
4,Lincoln Square,2,22,61,1830
4,Lincoln Square,2,23,34,1841
4,Lincoln Square,3,0,30,1768
4,Lincoln Square,3,1,33,1779
4,Lincoln Square,3,2,18,1790
4,Lincoln Square,3,3,16,1801
4,Lincoln Square,3,4,17,1812
4,Lincoln Square,3,5,16,1823
4,Lincoln Square,3,6,51,1584
4,Lincoln Square,3,7,80,1595
4,Lincoln Square,3,8,73,1606
4,Lincoln Square,3,9,78,1617
4,Lincoln Square,3,10,48,1628
4,Lincoln Square,3,11,64,1459
4,Lincoln Square,3,12,68,1470
4,Lincoln Square,3,13,62,1481
4,Lincoln Square,3,14,54,1492
4,Lincoln Square,3,15,48,1503
4,Lincoln Square,3,16,95,1514
4,Lincoln Square,3,17,86,1525
4,Lincoln Square,3,18,92,1536
4,Lincoln Square,3,19,99,1547
4,Lincoln Square,3,20,60,1558
4,Lincoln Square,3,21,65,1569
4,Lincoln Square,3,22,59,1830
4,Lincoln Square,3,23,33,1841
4,Lincoln Square,4,0,35,1768
4,Lincoln Square,4,1,31,1779
4,Lincoln Square,4,2,17,1790
4,Lincoln Square,4,3,15,1801
4,Lincoln Square,4,4,17,1812
4,Lincoln Square,4,5,18,1823
4,Lincoln Square,4,6,49,1584
4,Lincoln Square,4,7,77,1595
4,Lincoln Square,4,8,70,1606
4,Lincoln Square,4,9,75,1617
4,Lincoln Square,4,10,55,1628
4,Lincoln Square,4,11,61,1459
4,Lincoln Square,4,12,66,1470
4,Lincoln Square,4,13,59,1481
4,Lincoln Square,4,14,52,1492
4,Lincoln Square,4,15,55,1503
4,Lincoln Square,4,16,91,1514
4,Lincoln Square,4,17,98,1525
4,Lincoln Square,4,18,88,1536
4,Lincoln Square,4,19,95,1547
4,Lincoln Square,4,20,58,1558
4,Lincoln Square,4,21,62,1569
4,Lincoln Square,4,22,67,1830
4,Lincoln Square,4,23,32,1841
4,Lincoln Square,5,0,33,1868
4,Lincoln Square,5,1,36,1879
4,Lincoln Square,5,2,16,1890
4,Lincoln Square,5,3,18,1901
4,Lincoln Square,5,4,16,1912
4,Lincoln Square,5,5,17,1923
4,Lincoln Square,5,6,47,1684
4,Lincoln Square,5,7,74,1695
4,Lincoln Square,5,8,80,1706
4,Lincoln Square,5,9,72,1717
4,Lincoln Square,5,10,53,1728
4,Lincoln Square,5,11,59,1559
4,Lincoln Square,5,12,63,1570
4,Lincoln Square,5,13,67,1581
4,Lincoln Square,5,14,49,1592
4,Lincoln Square,5,15,53,1603
4,Lincoln Square,5,16,87,1614
4,Lincoln Square,5,17,94,1625
4,Lincoln Square,5,18,100,1636
4,Lincoln Square,5,19,91,1647
4,Lincoln Square,5,20,66,1658
4,Lincoln Square,5,21,60,1669
4,Lincoln Square,5,22,64,1930
4,Lincoln Square,5,23,30,1941
4,Lincoln Square,6,0,30,1868
4,Lincoln Square,6,1,33,1879
4,Lincoln Square,6,2,15,1890
4,Lincoln Square,6,3,16,1901
4,Lincoln Square,6,4,17,1912
4,Lincoln Square,6,5,16,1923
4,Lincoln Square,6,6,51,1684
4,Lincoln Square,6,7,68,1695
4,Lincoln Square,6,8,73,1706
4,Lincoln Square,6,9,66,1717
4,Lincoln Square,6,10,48,1728
4,Lincoln Square,6,11,63,1559
4,Lincoln Square,6,12,57,1570
4,Lincoln Square,6,13,62,1581
4,Lincoln Square,6,14,45,1592
4,Lincoln Square,6,15,48,1603
4,Lincoln Square,6,16,95,1614
4,Lincoln Square,6,17,86,1625
4,Lincoln Square,6,18,92,1636
4,Lincoln Square,6,19,83,1647
4,Lincoln Square,6,20,60,1658
4,Lincoln Square,6,21,65,1669
4,Lincoln Square,6,22,59,1930
4,Lincoln Square,6,23,33,1941
5,North Center,0,0,38,1785
5,North Center,0,1,34,1796
5,North Center,0,2,19,1807
5,North Center,0,3,17,1818
5,North Center,0,4,18,1829
5,North Center,0,5,19,1840
5,North Center,0,6,53,1601
5,North Center,0,7,84,1612
5,North Center,0,8,76,1623
5,North Center,0,9,81,1454
5,North Center,0,10,50,1465
5,North Center,0,11,66,1476
5,North Center,0,12,71,1487
5,North Center,0,13,64,1498
5,North Center,0,14,56,1509
5,North Center,0,15,50,1520
5,North Center,0,16,99,1531
5,North Center,0,17,106,1542
5,North Center,0,18,96,1553
5,North Center,0,19,103,1564
5,North Center,0,20,63,1575
5,North Center,0,21,68,1586
5,North Center,0,22,72,1847
5,North Center,0,23,34,1858
5,North Center,1,0,38,1785
5,North Center,1,1,34,1796
5,North Center,1,2,19,1807
5,North Center,1,3,20,1818
5,North Center,1,4,18,1829
5,North Center,1,5,20,1840
5,North Center,1,6,54,1601
5,North Center,1,7,85,1612
5,North Center,1,8,91,1623
5,North Center,1,9,82,1454
5,North Center,1,10,60,1465
5,North Center,1,11,67,1476
5,North Center,1,12,72,1487
5,North Center,1,13,65,1498
5,North Center,1,14,57,1509
5,North Center,1,15,61,1520
5,North Center,1,16,100,1531
5,North Center,1,17,107,1542
5,North Center,1,18,97,1553
5,North Center,1,19,104,1564
5,North Center,1,20,75,1575
5,North Center,1,21,68,1586
5,North Center,1,22,73,1847
5,North Center,1,23,35,1858
5,North Center,2,0,37,1785
5,North Center,2,1,39,1796
5,North Center,2,2,18,1807
5,North Center,2,3,19,1818
5,North Center,2,4,17,1829
5,North Center,2,5,19,1840
5,North Center,2,6,61,1601
5,North Center,2,7,81,1612
5,North Center,2,8,87,1623
5,North Center,2,9,79,1454
5,North Center,2,10,58,1465
5,North Center,2,11,76,1476
5,North Center,2,12,69,1487
5,North Center,2,13,74,1498
5,North Center,2,14,54,1509
5,North Center,2,15,58,1520
5,North Center,2,16,96,1531
5,North Center,2,17,103,1542
5,North Center,2,18,110,1553
5,North Center,2,19,100,1564
5,North Center,2,20,73,1575
5,North Center,2,21,66,1586
5,North Center,2,22,71,1847
5,North Center,2,23,40,1858
5,North Center,3,0,35,1785
5,North Center,3,1,38,1796
5,North Center,3,2,17,1807
5,North Center,3,3,19,1818
5,North Center,3,4,20,1829
5,North Center,3,5,18,1840
5,North Center,3,6,59,1601
5,North Center,3,7,78,1612
5,North Center,3,8,84,1623
5,North Center,3,9,90,1454
5,North Center,3,10,55,1465
5,North Center,3,11,73,1476
5,North Center,3,12,66,1487
5,North Center,3,13,71,1498
5,North Center,3,14,62,1509
5,North Center,3,15,56,1520
5,North Center,3,16,109,1531
5,North Center,3,17,99,1542
5,North Center,3,18,106,1553
5,North Center,3,19,96,1564
5,North Center,3,20,70,1575
5,North Center,3,21,75,1586
5,North Center,3,22,68,1847
5,North Center,3,23,38,1858
5,North Center,4,0,40,1785
5,North Center,4,1,36,1796
5,North Center,4,2,20,1807
5,North Center,4,3,18,1818
5,North Center,4,4,19,1829
5,North Center,4,5,17,1840
5,North Center,4,6,57,1601
5,North Center,4,7,89,1612
5,North Center,4,8,81,1623
5,North Center,4,9,87,1454
5,North Center,4,10,53,1465
5,North Center,4,11,71,1476
5,North Center,4,12,75,1487
5,North Center,4,13,68,1498
5,North Center,4,14,59,1509
5,North Center,4,15,54,1520
5,North Center,4,16,105,1531
5,North Center,4,17,112,1542
5,North Center,4,18,102,1553
5,North Center,4,19,109,1564
5,North Center,4,20,67,1575
5,North Center,4,21,72,1586
5,North Center,4,22,65,1847
5,North Center,4,23,37,1858
5,North Center,5,0,38,1885
5,North Center,5,1,35,1896
5,North Center,5,2,19,1907
5,North Center,5,3,20,1918
5,North Center,5,4,18,1929
5,North Center,5,5,20,1940
5,North Center,5,6,54,1701
5,North Center,5,7,86,1712
5,North Center,5,8,77,1723
5,North Center,5,9,83,1554
5,North Center,5,10,61,1565
5,North Center,5,11,68,1576
5,North Center,5,12,73,1587
5,North Center,5,13,66,1598
5,North Center,5,14,57,1609
5,North Center,5,15,61,1620
5,North Center,5,16,101,1631
5,North Center,5,17,108,1642
5,North Center,5,18,98,1653
5,North Center,5,19,105,1664
5,North Center,5,20,76,1675
5,North Center,5,21,69,1686
5,North Center,5,22,74,1947
5,North Center,5,23,35,1958
5,North Center,6,0,35,1885
5,North Center,6,1,38,1896
5,North Center,6,2,17,1907
5,North Center,6,3,19,1918
5,North Center,6,4,17,1929
5,North Center,6,5,18,1940
5,North Center,6,6,59,1701
5,North Center,6,7,78,1712
5,North Center,6,8,84,1723
5,North Center,6,9,76,1554
5,North Center,6,10,55,1565
5,North Center,6,11,62,1576
5,North Center,6,12,66,1587
5,North Center,6,13,71,1598
5,North Center,6,14,52,1609
5,North Center,6,15,56,1620
5,North Center,6,16,92,1631
5,North Center,6,17,99,1642
5,North Center,6,18,106,1653
5,North Center,6,19,96,1664
5,North Center,6,20,70,1675
5,North Center,6,21,63,1686
5,North Center,6,22,68,1947
5,North Center,6,23,38,1958
6,Lake View,0,0,103,1802
6,Lake View,0,1,111,1813
6,Lake View,0,2,60,1824
6,Lake View,0,3,41,1835
6,Lake View,0,4,44,1846
6,Lake View,0,5,40,1857
6,Lake View,0,6,131,1618
6,Lake View,0,7,206,1629
6,Lake View,0,8,187,1460
6,Lake View,0,9,200,1471
6,Lake View,0,10,123,1482
6,Lake View,0,11,164,1493
6,Lake View,0,12,148,1504
6,Lake View,0,13,159,1515
6,Lake View,0,14,138,1526
6,Lake View,0,15,125,1537
6,Lake View,0,16,244,1548
6,Lake View,0,17,220,1559
6,Lake View,0,18,237,1570
6,Lake View,0,19,253,1581
6,Lake View,0,20,283,1592
6,Lake View,0,21,303,1603
6,Lake View,0,22,274,1864
6,Lake View,0,23,112,1875
6,Lake View,1,0,94,1802
6,Lake View,1,1,85,1813
6,Lake View,1,2,46,1824
6,Lake View,1,3,42,1835
6,Lake View,1,4,45,1846
6,Lake View,1,5,48,1857
6,Lake View,1,6,133,1618
6,Lake View,1,7,209,1629
6,Lake View,1,8,189,1460
6,Lake View,1,9,203,1471
6,Lake View,1,10,148,1482
6,Lake View,1,11,165,1493
6,Lake View,1,12,177,1504
6,Lake View,1,13,160,1515
6,Lake View,1,14,139,1526
6,Lake View,1,15,126,1537
6,Lake View,1,16,247,1548
6,Lake View,1,17,264,1559
6,Lake View,1,18,239,1570
6,Lake View,1,19,257,1581
6,Lake View,1,20,217,1592
6,Lake View,1,21,233,1603
6,Lake View,1,22,249,1864
6,Lake View,1,23,86,1875
6,Lake View,2,0,90,1802
6,Lake View,2,1,81,1813
6,Lake View,2,2,45,1824
6,Lake View,2,3,48,1835
6,Lake View,2,4,43,1846
6,Lake View,2,5,46,1857
6,Lake View,2,6,127,1618
6,Lake View,2,7,201,1629
6,Lake View,2,8,215,1460
6,Lake View,2,9,195,1471
6,Lake View,2,10,142,1482
6,Lake View,2,11,159,1493
6,Lake View,2,12,171,1504
6,Lake View,2,13,182,1515
6,Lake View,2,14,134,1526
6,Lake View,2,15,144,1537
6,Lake View,2,16,237,1548
6,Lake View,2,17,254,1559
6,Lake View,2,18,229,1570
6,Lake View,2,19,247,1581
6,Lake View,2,20,247,1592
6,Lake View,2,21,224,1603
6,Lake View,2,22,240,1864
6,Lake View,2,23,82,1875
6,Lake View,3,0,87,1802
6,Lake View,3,1,93,1813
6,Lake View,3,2,43,1824
6,Lake View,3,3,46,1835
6,Lake View,3,4,41,1846
6,Lake View,3,5,45,1857
6,Lake View,3,6,145,1618
6,Lake View,3,7,193,1629
6,Lake View,3,8,207,1460
6,Lake View,3,9,187,1471
6,Lake View,3,10,137,1482
6,Lake View,3,11,181,1493
6,Lake View,3,12,164,1504
6,Lake View,3,13,176,1515
6,Lake View,3,14,128,1526
6,Lake View,3,15,138,1537
6,Lake View,3,16,269,1548
6,Lake View,3,17,244,1559
6,Lake View,3,18,262,1570
6,Lake View,3,19,237,1581
6,Lake View,3,20,238,1592
6,Lake View,3,21,215,1603
6,Lake View,3,22,231,1864
6,Lake View,3,23,94,1875
6,Lake View,4,0,83,1802
6,Lake View,4,1,89,1813
6,Lake View,4,2,49,1824
6,Lake View,4,3,44,1835
6,Lake View,4,4,47,1846
6,Lake View,4,5,43,1857
6,Lake View,4,6,139,1618
6,Lake View,4,7,185,1629
6,Lake View,4,8,199,1460
6,Lake View,4,9,213,1471
6,Lake View,4,10,131,1482
6,Lake View,4,11,174,1493
6,Lake View,4,12,157,1504
6,Lake View,4,13,169,1515
6,Lake View,4,14,146,1526
6,Lake View,4,15,133,1537
6,Lake View,4,16,259,1548
6,Lake View,4,17,234,1559
6,Lake View,4,18,252,1570
6,Lake View,4,19,269,1581
6,Lake View,4,20,228,1592
6,Lake View,4,21,245,1603
6,Lake View,4,22,222,1864
6,Lake View,4,23,90,1875
6,Lake View,5,0,267,1902
6,Lake View,5,1,242,1913
6,Lake View,5,2,47,1924
6,Lake View,5,3,42,1935
6,Lake View,5,4,45,1946
6,Lake View,5,5,49,1957
6,Lake View,5,6,134,1718
6,Lake View,5,7,211,1729
6,Lake View,5,8,191,1560
6,Lake View,5,9,205,1571
6,Lake View,5,10,126,1582
6,Lake View,5,11,167,1593
6,Lake View,5,12,179,1604
6,Lake View,5,13,162,1615
6,Lake View,5,14,141,1626
6,Lake View,5,15,127,1637
6,Lake View,5,16,249,1648
6,Lake View,5,17,267,1659
6,Lake View,5,18,242,1670
6,Lake View,5,19,259,1681
6,Lake View,5,20,219,1692
6,Lake View,5,21,235,1703
6,Lake View,5,22,252,1964
6,Lake View,5,23,244,1975
6,Lake View,6,0,321,1902
6,Lake View,6,1,290,1913
6,Lake View,6,2,56,1924
6,Lake View,6,3,46,1935
6,Lake View,6,4,41,1946
6,Lake View,6,5,44,1957
6,Lake View,6,6,122,1718
6,Lake View,6,7,193,1729
6,Lake View,6,8,206,1560
6,Lake View,6,9,187,1571
6,Lake View,6,10,136,1582
6,Lake View,6,11,152,1593
6,Lake View,6,12,164,1604
6,Lake View,6,13,148,1615
6,Lake View,6,14,129,1626
6,Lake View,6,15,138,1637
6,Lake View,6,16,227,1648
6,Lake View,6,17,244,1659
6,Lake View,6,18,220,1670
6,Lake View,6,19,237,1681
6,Lake View,6,20,312,1692
6,Lake View,6,21,283,1703
6,Lake View,6,22,303,1964
6,Lake View,6,23,293,1975
7,Lincoln Park,0,0,97,1819
7,Lincoln Park,0,1,104,1830
7,Lincoln Park,0,2,48,1841
7,Lincoln Park,0,3,39,1852
7,Lincoln Park,0,4,42,1863
7,Lincoln Park,0,5,38,1874
7,Lincoln Park,0,6,123,1455
7,Lincoln Park,0,7,163,1466
7,Lincoln Park,0,8,176,1477
7,Lincoln Park,0,9,188,1488
7,Lincoln Park,0,10,116,1499
7,Lincoln Park,0,11,153,1510
7,Lincoln Park,0,12,139,1521
7,Lincoln Park,0,13,149,1532
7,Lincoln Park,0,14,109,1543
7,Lincoln Park,0,15,117,1554
7,Lincoln Park,0,16,229,1565
7,Lincoln Park,0,17,207,1576
7,Lincoln Park,0,18,222,1587
7,Lincoln Park,0,19,200,1598
7,Lincoln Park,0,20,265,1609
7,Lincoln Park,0,21,284,1620
7,Lincoln Park,0,22,257,1701
7,Lincoln Park,0,23,105,1712
7,Lincoln Park,1,0,74,1819
7,Lincoln Park,1,1,80,1830
7,Lincoln Park,1,2,43,1841
7,Lincoln Park,1,3,39,1852
7,Lincoln Park,1,4,42,1863
7,Lincoln Park,1,5,38,1874
7,Lincoln Park,1,6,124,1455
7,Lincoln Park,1,7,196,1466
7,Lincoln Park,1,8,178,1477
7,Lincoln Park,1,9,190,1488
7,Lincoln Park,1,10,117,1499
7,Lincoln Park,1,11,155,1510
7,Lincoln Park,1,12,166,1521
7,Lincoln Park,1,13,151,1532
7,Lincoln Park,1,14,131,1543
7,Lincoln Park,1,15,118,1554
7,Lincoln Park,1,16,231,1565
7,Lincoln Park,1,17,209,1576
7,Lincoln Park,1,18,225,1587
7,Lincoln Park,1,19,241,1598
7,Lincoln Park,1,20,204,1609
7,Lincoln Park,1,21,219,1620
7,Lincoln Park,1,22,197,1701
7,Lincoln Park,1,23,81,1712
7,Lincoln Park,2,0,85,1819
7,Lincoln Park,2,1,76,1830
7,Lincoln Park,2,2,42,1841
7,Lincoln Park,2,3,38,1852
7,Lincoln Park,2,4,41,1863
7,Lincoln Park,2,5,43,1874
7,Lincoln Park,2,6,119,1455
7,Lincoln Park,2,7,188,1466
7,Lincoln Park,2,8,170,1477
7,Lincoln Park,2,9,183,1488
7,Lincoln Park,2,10,133,1499
7,Lincoln Park,2,11,149,1510
7,Lincoln Park,2,12,160,1521
7,Lincoln Park,2,13,144,1532
7,Lincoln Park,2,14,126,1543
7,Lincoln Park,2,15,134,1554
7,Lincoln Park,2,16,222,1565
7,Lincoln Park,2,17,238,1576
7,Lincoln Park,2,18,216,1587
7,Lincoln Park,2,19,231,1598
7,Lincoln Park,2,20,195,1609
7,Lincoln Park,2,21,210,1620
7,Lincoln Park,2,22,225,1701
7,Lincoln Park,2,23,77,1712
7,Lincoln Park,3,0,81,1819
7,Lincoln Park,3,1,87,1830
7,Lincoln Park,3,2,40,1841
7,Lincoln Park,3,3,43,1852
7,Lincoln Park,3,4,39,1863
7,Lincoln Park,3,5,42,1874
7,Lincoln Park,3,6,114,1455
7,Lincoln Park,3,7,181,1466
7,Lincoln Park,3,8,194,1477
7,Lincoln Park,3,9,176,1488
7,Lincoln Park,3,10,128,1499
7,Lincoln Park,3,11,143,1510
7,Lincoln Park,3,12,154,1521
7,Lincoln Park,3,13,164,1532
7,Lincoln Park,3,14,121,1543
7,Lincoln Park,3,15,129,1554
7,Lincoln Park,3,16,213,1565
7,Lincoln Park,3,17,229,1576
7,Lincoln Park,3,18,245,1587
7,Lincoln Park,3,19,222,1598
7,Lincoln Park,3,20,223,1609
7,Lincoln Park,3,21,202,1620
7,Lincoln Park,3,22,217,1701
7,Lincoln Park,3,23,74,1712
7,Lincoln Park,4,0,78,1819
7,Lincoln Park,4,1,84,1830
7,Lincoln Park,4,2,39,1841
7,Lincoln Park,4,3,41,1852
7,Lincoln Park,4,4,44,1863
7,Lincoln Park,4,5,40,1874
7,Lincoln Park,4,6,131,1455
7,Lincoln Park,4,7,174,1466
7,Lincoln Park,4,8,187,1477
7,Lincoln Park,4,9,168,1488
7,Lincoln Park,4,10,123,1499
7,Lincoln Park,4,11,163,1510
7,Lincoln Park,4,12,148,1521
7,Lincoln Park,4,13,158,1532
7,Lincoln Park,4,14,116,1543
7,Lincoln Park,4,15,124,1554
7,Lincoln Park,4,16,243,1565
7,Lincoln Park,4,17,220,1576
7,Lincoln Park,4,18,236,1587
7,Lincoln Park,4,19,213,1598
7,Lincoln Park,4,20,214,1609
7,Lincoln Park,4,21,229,1620
7,Lincoln Park,4,22,208,1701
7,Lincoln Park,4,23,85,1712
7,Lincoln Park,5,0,211,1919
7,Lincoln Park,5,1,227,1930
7,Lincoln Park,5,2,44,1941
7,Lincoln Park,5,3,40,1952
7,Lincoln Park,5,4,43,1963
7,Lincoln Park,5,5,39,1974
7,Lincoln Park,5,6,126,1555
7,Lincoln Park,5,7,198,1566
7,Lincoln Park,5,8,179,1577
7,Lincoln Park,5,9,192,1588
7,Lincoln Park,5,10,118,1599
7,Lincoln Park,5,11,157,1610
7,Lincoln Park,5,12,141,1621
7,Lincoln Park,5,13,152,1632
7,Lincoln Park,5,14,132,1643
7,Lincoln Park,5,15,119,1654
7,Lincoln Park,5,16,234,1665
7,Lincoln Park,5,17,211,1676
7,Lincoln Park,5,18,227,1687
7,Lincoln Park,5,19,243,1698
7,Lincoln Park,5,20,206,1709
7,Lincoln Park,5,21,221,1720
7,Lincoln Park,5,22,200,1801
7,Lincoln Park,5,23,229,1812
7,Lincoln Park,6,0,301,1919
7,Lincoln Park,6,1,272,1930
7,Lincoln Park,6,2,53,1941
7,Lincoln Park,6,3,36,1952
7,Lincoln Park,6,4,39,1963
7,Lincoln Park,6,5,42,1974
7,Lincoln Park,6,6,115,1555
7,Lincoln Park,6,7,181,1566
7,Lincoln Park,6,8,163,1577
7,Lincoln Park,6,9,176,1588
7,Lincoln Park,6,10,128,1599
7,Lincoln Park,6,11,143,1610
7,Lincoln Park,6,12,153,1621
7,Lincoln Park,6,13,139,1632
7,Lincoln Park,6,14,121,1643
7,Lincoln Park,6,15,109,1654
7,Lincoln Park,6,16,213,1665
7,Lincoln Park,6,17,229,1676
7,Lincoln Park,6,18,207,1687
7,Lincoln Park,6,19,222,1698
7,Lincoln Park,6,20,247,1709
7,Lincoln Park,6,21,265,1720
7,Lincoln Park,6,22,284,1801
7,Lincoln Park,6,23,275,1812
8,Near North Side,0,0,144,2036
8,Near North Side,0,1,154,2047
8,Near North Side,0,2,71,2058
8,Near North Side,0,3,58,2069
8,Near North Side,0,4,52,1900
8,Near North Side,0,5,56,1911
8,Near North Side,0,6,182,1672
8,Near North Side,0,7,184,1683
8,Near North Side,0,8,198,1694
8,Near North Side,0,9,179,1705
8,Near North Side,0,10,131,1716
8,Near North Side,0,11,213,1727
8,Near North Side,0,12,194,1738
8,Near North Side,0,13,208,1749
8,Near North Side,0,14,123,1760
8,Near North Side,0,15,132,1771
8,Near North Side,0,16,217,1782
8,Near North Side,0,17,233,1793
8,Near North Side,0,18,330,1804
8,Near North Side,0,19,299,1815
8,Near North Side,0,20,394,1826
8,Near North Side,0,21,356,1657
8,Near North Side,0,22,383,1918
8,Near North Side,0,23,155,1929
8,Near North Side,1,0,110,2036
8,Near North Side,1,1,118,2047
8,Near North Side,1,2,54,2058
8,Near North Side,1,3,59,2069
8,Near North Side,1,4,63,1900
8,Near North Side,1,5,57,1911
8,Near North Side,1,6,185,1672
8,Near North Side,1,7,324,1683
8,Near North Side,1,8,348,1694
8,Near North Side,1,9,373,1705
8,Near North Side,1,10,174,1716
8,Near North Side,1,11,286,1727
8,Near North Side,1,12,258,1738
8,Near North Side,1,13,277,1749
8,Near North Side,1,14,194,1760
8,Near North Side,1,15,176,1771
8,Near North Side,1,16,344,1782
8,Near North Side,1,17,311,1793
8,Near North Side,1,18,334,1804
8,Near North Side,1,19,301,1815
8,Near North Side,1,20,303,1826
8,Near North Side,1,21,325,1657
8,Near North Side,1,22,294,1918
8,Near North Side,1,23,120,1929
8,Near North Side,2,0,125,2036
8,Near North Side,2,1,114,2047
8,Near North Side,2,2,62,2058
8,Near North Side,2,3,56,2069
8,Near North Side,2,4,60,1900
8,Near North Side,2,5,54,1911
8,Near North Side,2,6,178,1672
8,Near North Side,2,7,369,1683
8,Near North Side,2,8,335,1694
8,Near North Side,2,9,359,1705
8,Near North Side,2,10,167,1716
8,Near North Side,2,11,275,1727
8,Near North Side,2,12,294,1738
8,Near North Side,2,13,266,1749
8,Near North Side,2,14,187,1760
8,Near North Side,2,15,169,1771
8,Near North Side,2,16,331,1782
8,Near North Side,2,17,354,1793
8,Near North Side,2,18,321,1804
8,Near North Side,2,19,344,1815
8,Near North Side,2,20,291,1826
8,Near North Side,2,21,312,1657
8,Near North Side,2,22,282,1918
8,Near North Side,2,23,115,1929
8,Near North Side,3,0,121,2036
8,Near North Side,3,1,109,2047
8,Near North Side,3,2,60,2058
8,Near North Side,3,3,64,2069
8,Near North Side,3,4,58,1900
8,Near North Side,3,5,62,1911
8,Near North Side,3,6,171,1672
8,Near North Side,3,7,355,1683
8,Near North Side,3,8,321,1694
8,Near North Side,3,9,345,1705
8,Near North Side,3,10,190,1716
8,Near North Side,3,11,264,1727
8,Near North Side,3,12,283,1738
8,Near North Side,3,13,255,1749
8,Near North Side,3,14,180,1760
8,Near North Side,3,15,192,1771
8,Near North Side,3,16,318,1782
8,Near North Side,3,17,340,1793
8,Near North Side,3,18,308,1804
8,Near North Side,3,19,331,1815
8,Near North Side,3,20,331,1826
8,Near North Side,3,21,300,1657
8,Near North Side,3,22,322,1918
8,Near North Side,3,23,110,1929
8,Near North Side,4,0,116,2036
8,Near North Side,4,1,124,2047
8,Near North Side,4,2,57,2058
8,Near North Side,4,3,62,2069
8,Near North Side,4,4,56,1900
8,Near North Side,4,5,60,1911
8,Near North Side,4,6,194,1672
8,Near North Side,4,7,342,1683
8,Near North Side,4,8,366,1694
8,Near North Side,4,9,331,1705
8,Near North Side,4,10,183,1716
8,Near North Side,4,11,253,1727
8,Near North Side,4,12,272,1738
8,Near North Side,4,13,291,1749
8,Near North Side,4,14,172,1760
8,Near North Side,4,15,185,1771
8,Near North Side,4,16,304,1782
8,Near North Side,4,17,327,1793
8,Near North Side,4,18,350,1804
8,Near North Side,4,19,318,1815
8,Near North Side,4,20,318,1826
8,Near North Side,4,21,288,1657
8,Near North Side,4,22,309,1918
8,Near North Side,4,23,125,1929
8,Near North Side,5,0,314,2136
8,Near North Side,5,1,337,2147
8,Near North Side,5,2,55,2158
8,Near North Side,5,3,59,2169
8,Near North Side,5,4,63,2000
8,Near North Side,5,5,57,2011
8,Near North Side,5,6,187,1772
8,Near North Side,5,7,328,1783
8,Near North Side,5,8,352,1794
8,Near North Side,5,9,376,1805
8,Near North Side,5,10,176,1816
8,Near North Side,5,11,288,1827
8,Near North Side,5,12,261,1838
8,Near North Side,5,13,280,1849
8,Near North Side,5,14,165,1860
8,Near North Side,5,15,178,1871
8,Near North Side,5,16,347,1882
8,Near North Side,5,17,314,1893
8,Near North Side,5,18,337,1904
8,Near North Side,5,19,304,1915
8,Near North Side,5,20,306,1926
8,Near North Side,5,21,328,1757
8,Near North Side,5,22,297,2018
8,Near North Side,5,23,340,2029
8,Near North Side,6,0,376,2136
8,Near North Side,6,1,405,2147
8,Near North Side,6,2,78,2158
8,Near North Side,6,3,54,2169
8,Near North Side,6,4,58,2000
8,Near North Side,6,5,52,2011
8,Near North Side,6,6,171,1772
8,Near North Side,6,7,203,1783
8,Near North Side,6,8,184,1794
8,Near North Side,6,9,198,1805
8,Near North Side,6,10,121,1816
8,Near North Side,6,11,200,1827
8,Near North Side,6,12,213,1838
8,Near North Side,6,13,194,1849
8,Near North Side,6,14,136,1860
8,Near North Side,6,15,123,1871
8,Near North Side,6,16,240,1882
8,Near North Side,6,17,217,1893
8,Near North Side,6,18,308,1904
8,Near North Side,6,19,330,1915
8,Near North Side,6,20,367,1926
8,Near North Side,6,21,394,1757
8,Near North Side,6,22,356,2018
8,Near North Side,6,23,409,2029
9,Edison Park,0,0,13,1853
9,Edison Park,0,1,12,1864
9,Edison Park,0,2,6,1875
9,Edison Park,0,3,7,1706
9,Edison Park,0,4,6,1717
9,Edison Park,0,5,7,1728
9,Edison Park,0,6,18,1489
9,Edison Park,0,7,29,1500
9,Edison Park,0,8,30,1511
9,Edison Park,0,9,28,1522
9,Edison Park,0,10,20,1533
9,Edison Park,0,11,23,1544
9,Edison Park,0,12,24,1555
9,Edison Park,0,13,26,1566
9,Edison Park,0,14,19,1577
9,Edison Park,0,15,20,1588
9,Edison Park,0,16,34,1599
9,Edison Park,0,17,36,1610
9,Edison Park,0,18,33,1621
9,Edison Park,0,19,35,1452
9,Edison Park,0,20,25,1463
9,Edison Park,0,21,23,1474
9,Edison Park,0,22,25,1735
9,Edison Park,0,23,12,1746
9,Edison Park,1,0,13,1853
9,Edison Park,1,1,14,1864
9,Edison Park,1,2,6,1875
9,Edison Park,1,3,7,1706
9,Edison Park,1,4,6,1717
9,Edison Park,1,5,7,1728
9,Edison Park,1,6,22,1489
9,Edison Park,1,7,29,1500
9,Edison Park,1,8,31,1511
9,Edison Park,1,9,28,1522
9,Edison Park,1,10,20,1533
9,Edison Park,1,11,27,1544
9,Edison Park,1,12,24,1555
9,Edison Park,1,13,26,1566
9,Edison Park,1,14,19,1577
9,Edison Park,1,15,21,1588
9,Edison Park,1,16,40,1599
9,Edison Park,1,17,36,1610
9,Edison Park,1,18,39,1621
9,Edison Park,1,19,35,1452
9,Edison Park,1,20,26,1463
9,Edison Park,1,21,23,1474
9,Edison Park,1,22,25,1735
9,Edison Park,1,23,14,1746
9,Edison Park,2,0,12,1853
9,Edison Park,2,1,13,1864
9,Edison Park,2,2,7,1875
9,Edison Park,2,3,7,1706
9,Edison Park,2,4,7,1717
9,Edison Park,2,5,6,1728
9,Edison Park,2,6,21,1489
9,Edison Park,2,7,28,1500
9,Edison Park,2,8,30,1511
9,Edison Park,2,9,32,1522
9,Edison Park,2,10,20,1533
9,Edison Park,2,11,26,1544
9,Edison Park,2,12,23,1555
9,Edison Park,2,13,25,1566
9,Edison Park,2,14,22,1577
9,Edison Park,2,15,20,1588
9,Edison Park,2,16,39,1599
9,Edison Park,2,17,35,1610
9,Edison Park,2,18,38,1621
9,Edison Park,2,19,40,1452
9,Edison Park,2,20,25,1463
9,Edison Park,2,21,26,1474
9,Edison Park,2,22,24,1735
9,Edison Park,2,23,13,1746
9,Edison Park,3,0,14,1853
9,Edison Park,3,1,13,1864
9,Edison Park,3,2,7,1875
9,Edison Park,3,3,6,1706
9,Edison Park,3,4,7,1717
9,Edison Park,3,5,7,1728
9,Edison Park,3,6,20,1489
9,Edison Park,3,7,32,1500
9,Edison Park,3,8,29,1511
9,Edison Park,3,9,31,1522
9,Edison Park,3,10,19,1533
9,Edison Park,3,11,25,1544
9,Edison Park,3,12,27,1555
9,Edison Park,3,13,24,1566
9,Edison Park,3,14,21,1577
9,Edison Park,3,15,19,1588
9,Edison Park,3,16,37,1599
9,Edison Park,3,17,40,1610
9,Edison Park,3,18,36,1621
9,Edison Park,3,19,39,1452
9,Edison Park,3,20,24,1463
9,Edison Park,3,21,25,1474
9,Edison Park,3,22,27,1735
9,Edison Park,3,23,13,1746
9,Edison Park,4,0,14,1853
9,Edison Park,4,1,12,1864
9,Edison Park,4,2,7,1875
9,Edison Park,4,3,7,1706
9,Edison Park,4,4,7,1717
9,Edison Park,4,5,7,1728
9,Edison Park,4,6,19,1489
9,Edison Park,4,7,30,1500
9,Edison Park,4,8,32,1511
9,Edison Park,4,9,29,1522
9,Edison Park,4,10,21,1533
9,Edison Park,4,11,24,1544
9,Edison Park,4,12,26,1555
9,Edison Park,4,13,23,1566
9,Edison Park,4,14,20,1577
9,Edison Park,4,15,22,1588
9,Edison Park,4,16,36,1599
9,Edison Park,4,17,38,1610
9,Edison Park,4,18,35,1621
9,Edison Park,4,19,37,1452
9,Edison Park,4,20,27,1463
9,Edison Park,4,21,24,1474
9,Edison Park,4,22,26,1735
9,Edison Park,4,23,12,1746
9,Edison Park,5,0,13,1953
9,Edison Park,5,1,14,1964
9,Edison Park,5,2,6,1975
9,Edison Park,5,3,7,1806
9,Edison Park,5,4,6,1817
9,Edison Park,5,5,7,1828
9,Edison Park,5,6,22,1589
9,Edison Park,5,7,29,1600
9,Edison Park,5,8,31,1611
9,Edison Park,5,9,28,1622
9,Edison Park,5,10,21,1633
9,Edison Park,5,11,27,1644
9,Edison Park,5,12,25,1655
9,Edison Park,5,13,26,1666
9,Edison Park,5,14,19,1677
9,Edison Park,5,15,21,1688
9,Edison Park,5,16,34,1699
9,Edison Park,5,17,37,1710
9,Edison Park,5,18,39,1721
9,Edison Park,5,19,36,1552
9,Edison Park,5,20,26,1563
9,Edison Park,5,21,23,1574
9,Edison Park,5,22,25,1835
9,Edison Park,5,23,14,1846
9,Edison Park,6,0,12,1953
9,Edison Park,6,1,13,1964
9,Edison Park,6,2,6,1975
9,Edison Park,6,3,6,1806
9,Edison Park,6,4,7,1817
9,Edison Park,6,5,6,1828
9,Edison Park,6,6,20,1589
9,Edison Park,6,7,27,1600
9,Edison Park,6,8,29,1611
9,Edison Park,6,9,30,1622
9,Edison Park,6,10,19,1633
9,Edison Park,6,11,25,1644
9,Edison Park,6,12,23,1655
9,Edison Park,6,13,24,1666
9,Edison Park,6,14,21,1677
9,Edison Park,6,15,19,1688
9,Edison Park,6,16,37,1699
9,Edison Park,6,17,34,1710
9,Edison Park,6,18,36,1721
9,Edison Park,6,19,33,1552
9,Edison Park,6,20,24,1563
9,Edison Park,6,21,25,1574
9,Edison Park,6,22,23,1835
9,Edison Park,6,23,13,1846
10,Norwood Park,0,0,18,1870
10,Norwood Park,0,1,17,1701
10,Norwood Park,0,2,9,1712
10,Norwood Park,0,3,8,1723
10,Norwood Park,0,4,9,1734
10,Norwood Park,0,5,9,1745
10,Norwood Park,0,6,26,1506
10,Norwood Park,0,7,41,1517
10,Norwood Park,0,8,37,1528
10,Norwood Park,0,9,40,1539
10,Norwood Park,0,10,29,1550
10,Norwood Park,0,11,33,1561
10,Norwood Park,0,12,35,1572
10,Norwood Park,0,13,32,1583
10,Norwood Park,0,14,27,1594
10,Norwood Park,0,15,29,1605
10,Norwood Park,0,16,48,1616
10,Norwood Park,0,17,52,1627
10,Norwood Park,0,18,47,1458
10,Norwood Park,0,19,50,1469
10,Norwood Park,0,20,31,1480
10,Norwood Park,0,21,33,1491
10,Norwood Park,0,22,36,1752
10,Norwood Park,0,23,17,1763
10,Norwood Park,1,0,19,1870
10,Norwood Park,1,1,20,1701
10,Norwood Park,1,2,9,1712
10,Norwood Park,1,3,10,1723
10,Norwood Park,1,4,9,1734
10,Norwood Park,1,5,10,1745
10,Norwood Park,1,6,26,1506
10,Norwood Park,1,7,42,1517
10,Norwood Park,1,8,45,1528
10,Norwood Park,1,9,40,1539
10,Norwood Park,1,10,29,1550
10,Norwood Park,1,11,33,1561
10,Norwood Park,1,12,35,1572
10,Norwood Park,1,13,38,1583
10,Norwood Park,1,14,28,1594
10,Norwood Park,1,15,30,1605
10,Norwood Park,1,16,49,1616
10,Norwood Park,1,17,53,1627
10,Norwood Park,1,18,56,1458
10,Norwood Park,1,19,51,1469
10,Norwood Park,1,20,37,1480
10,Norwood Park,1,21,34,1491
10,Norwood Park,1,22,36,1752
10,Norwood Park,1,23,17,1763
10,Norwood Park,2,0,18,1870
10,Norwood Park,2,1,19,1701
10,Norwood Park,2,2,9,1712
10,Norwood Park,2,3,10,1723
10,Norwood Park,2,4,10,1734
10,Norwood Park,2,5,9,1745
10,Norwood Park,2,6,30,1506
10,Norwood Park,2,7,40,1517
10,Norwood Park,2,8,43,1528
10,Norwood Park,2,9,39,1539
10,Norwood Park,2,10,28,1550
10,Norwood Park,2,11,37,1561
10,Norwood Park,2,12,34,1572
10,Norwood Park,2,13,36,1583
10,Norwood Park,2,14,27,1594
10,Norwood Park,2,15,29,1605
10,Norwood Park,2,16,56,1616
10,Norwood Park,2,17,51,1627
10,Norwood Park,2,18,54,1458
10,Norwood Park,2,19,49,1469
10,Norwood Park,2,20,36,1480
10,Norwood Park,2,21,38,1491
10,Norwood Park,2,22,35,1752
10,Norwood Park,2,23,19,1763
10,Norwood Park,3,0,17,1870
10,Norwood Park,3,1,18,1701
10,Norwood Park,3,2,10,1712
10,Norwood Park,3,3,9,1723
10,Norwood Park,3,4,10,1734
10,Norwood Park,3,5,9,1745
10,Norwood Park,3,6,29,1506
10,Norwood Park,3,7,45,1517
10,Norwood Park,3,8,41,1528
10,Norwood Park,3,9,44,1539
10,Norwood Park,3,10,27,1550
10,Norwood Park,3,11,36,1561
10,Norwood Park,3,12,32,1572
10,Norwood Park,3,13,35,1583
10,Norwood Park,3,14,30,1594
10,Norwood Park,3,15,27,1605
10,Norwood Park,3,16,54,1616
10,Norwood Park,3,17,48,1627
10,Norwood Park,3,18,52,1458
10,Norwood Park,3,19,56,1469
10,Norwood Park,3,20,34,1480
10,Norwood Park,3,21,37,1491
10,Norwood Park,3,22,33,1752
10,Norwood Park,3,23,19,1763
10,Norwood Park,4,0,20,1870
10,Norwood Park,4,1,18,1701
10,Norwood Park,4,2,10,1712
10,Norwood Park,4,3,9,1723
10,Norwood Park,4,4,9,1734
10,Norwood Park,4,5,10,1745
10,Norwood Park,4,6,28,1506
10,Norwood Park,4,7,44,1517
10,Norwood Park,4,8,39,1528
10,Norwood Park,4,9,42,1539
10,Norwood Park,4,10,31,1550
10,Norwood Park,4,11,35,1561
10,Norwood Park,4,12,37,1572
10,Norwood Park,4,13,34,1583
10,Norwood Park,4,14,29,1594
10,Norwood Park,4,15,26,1605
10,Norwood Park,4,16,52,1616
10,Norwood Park,4,17,55,1627
10,Norwood Park,4,18,50,1458
10,Norwood Park,4,19,54,1469
10,Norwood Park,4,20,33,1480
10,Norwood Park,4,21,35,1491
10,Norwood Park,4,22,38,1752
10,Norwood Park,4,23,18,1763
10,Norwood Park,5,0,19,1970
10,Norwood Park,5,1,17,1801
10,Norwood Park,5,2,9,1812
10,Norwood Park,5,3,10,1823
10,Norwood Park,5,4,9,1834
10,Norwood Park,5,5,10,1845
10,Norwood Park,5,6,27,1606
10,Norwood Park,5,7,42,1617
10,Norwood Park,5,8,45,1628
10,Norwood Park,5,9,41,1639
10,Norwood Park,5,10,30,1650
10,Norwood Park,5,11,33,1661
10,Norwood Park,5,12,36,1672
10,Norwood Park,5,13,38,1683
10,Norwood Park,5,14,28,1694
10,Norwood Park,5,15,30,1705
10,Norwood Park,5,16,49,1716
10,Norwood Park,5,17,53,1727
10,Norwood Park,5,18,48,1558
10,Norwood Park,5,19,52,1569
10,Norwood Park,5,20,37,1580
10,Norwood Park,5,21,34,1591
10,Norwood Park,5,22,36,1852
10,Norwood Park,5,23,17,1863
10,Norwood Park,6,0,17,1970
10,Norwood Park,6,1,18,1801
10,Norwood Park,6,2,8,1812
10,Norwood Park,6,3,9,1823
10,Norwood Park,6,4,8,1834
10,Norwood Park,6,5,9,1845
10,Norwood Park,6,6,29,1606
10,Norwood Park,6,7,38,1617
10,Norwood Park,6,8,41,1628
10,Norwood Park,6,9,37,1639
10,Norwood Park,6,10,27,1650
10,Norwood Park,6,11,36,1661
10,Norwood Park,6,12,33,1672
10,Norwood Park,6,13,35,1683
10,Norwood Park,6,14,26,1694
10,Norwood Park,6,15,27,1705
10,Norwood Park,6,16,53,1716
10,Norwood Park,6,17,48,1727
10,Norwood Park,6,18,52,1558
10,Norwood Park,6,19,47,1569
10,Norwood Park,6,20,34,1580
10,Norwood Park,6,21,31,1591
10,Norwood Park,6,22,33,1852
10,Norwood Park,6,23,19,1863
11,Jefferson Park,0,0,23,1707
11,Jefferson Park,0,1,21,1718
11,Jefferson Park,0,2,11,1729
11,Jefferson Park,0,3,10,1740
11,Jefferson Park,0,4,11,1751
11,Jefferson Park,0,5,10,1762
11,Jefferson Park,0,6,33,1523
11,Jefferson Park,0,7,51,1534
11,Jefferson Park,0,8,47,1545
11,Jefferson Park,0,9,50,1556
11,Jefferson Park,0,10,31,1567
11,Jefferson Park,0,11,41,1578
11,Jefferson Park,0,12,44,1589
11,Jefferson Park,0,13,39,1600
11,Jefferson Park,0,14,34,1611
11,Jefferson Park,0,15,31,1622
11,Jefferson Park,0,16,61,1453
11,Jefferson Park,0,17,65,1464
11,Jefferson Park,0,18,59,1475
11,Jefferson Park,0,19,63,1486
11,Jefferson Park,0,20,39,1497
11,Jefferson Park,0,21,42,1508
11,Jefferson Park,0,22,37,1769
11,Jefferson Park,0,23,21,1780
11,Jefferson Park,1,0,23,1707
11,Jefferson Park,1,1,21,1718
11,Jefferson Park,1,2,12,1729
11,Jefferson Park,1,3,12,1740
11,Jefferson Park,1,4,11,1751
11,Jefferson Park,1,5,12,1762
11,Jefferson Park,1,6,33,1523
11,Jefferson Park,1,7,52,1534
11,Jefferson Park,1,8,47,1545
11,Jefferson Park,1,9,50,1556
11,Jefferson Park,1,10,37,1567
11,Jefferson Park,1,11,41,1578
11,Jefferson Park,1,12,44,1589
11,Jefferson Park,1,13,40,1600
11,Jefferson Park,1,14,35,1611
11,Jefferson Park,1,15,37,1622
11,Jefferson Park,1,16,61,1453
11,Jefferson Park,1,17,66,1464
11,Jefferson Park,1,18,59,1475
11,Jefferson Park,1,19,64,1486
11,Jefferson Park,1,20,46,1497
11,Jefferson Park,1,21,42,1508
11,Jefferson Park,1,22,45,1769
11,Jefferson Park,1,23,21,1780
11,Jefferson Park,2,0,22,1707
11,Jefferson Park,2,1,24,1718
11,Jefferson Park,2,2,11,1729
11,Jefferson Park,2,3,12,1740
11,Jefferson Park,2,4,11,1751
11,Jefferson Park,2,5,12,1762
11,Jefferson Park,2,6,37,1523
11,Jefferson Park,2,7,50,1534
11,Jefferson Park,2,8,54,1545
11,Jefferson Park,2,9,48,1556
11,Jefferson Park,2,10,35,1567
11,Jefferson Park,2,11,39,1578
11,Jefferson Park,2,12,42,1589
11,Jefferson Park,2,13,45,1600
11,Jefferson Park,2,14,33,1611
11,Jefferson Park,2,15,36,1622
11,Jefferson Park,2,16,59,1453
11,Jefferson Park,2,17,63,1464
11,Jefferson Park,2,18,68,1475
11,Jefferson Park,2,19,61,1486
11,Jefferson Park,2,20,45,1497
11,Jefferson Park,2,21,40,1508
11,Jefferson Park,2,22,43,1769
11,Jefferson Park,2,23,24,1780
11,Jefferson Park,3,0,22,1707
11,Jefferson Park,3,1,23,1718
11,Jefferson Park,3,2,11,1729
11,Jefferson Park,3,3,11,1740
11,Jefferson Park,3,4,12,1751
11,Jefferson Park,3,5,11,1762
11,Jefferson Park,3,6,36,1523
11,Jefferson Park,3,7,48,1534
11,Jefferson Park,3,8,52,1545
11,Jefferson Park,3,9,55,1556
11,Jefferson Park,3,10,34,1567
11,Jefferson Park,3,11,45,1578
11,Jefferson Park,3,12,41,1589
11,Jefferson Park,3,13,44,1600
11,Jefferson Park,3,14,32,1611
11,Jefferson Park,3,15,34,1622
11,Jefferson Park,3,16,67,1453
11,Jefferson Park,3,17,61,1464
11,Jefferson Park,3,18,65,1475
11,Jefferson Park,3,19,59,1486
11,Jefferson Park,3,20,43,1497
11,Jefferson Park,3,21,46,1508
11,Jefferson Park,3,22,42,1769
11,Jefferson Park,3,23,23,1780
11,Jefferson Park,4,0,21,1707
11,Jefferson Park,4,1,22,1718
11,Jefferson Park,4,2,12,1729
11,Jefferson Park,4,3,11,1740
11,Jefferson Park,4,4,12,1751
11,Jefferson Park,4,5,11,1762
11,Jefferson Park,4,6,35,1523
11,Jefferson Park,4,7,55,1534
11,Jefferson Park,4,8,49,1545
11,Jefferson Park,4,9,53,1556
11,Jefferson Park,4,10,33,1567
11,Jefferson Park,4,11,43,1578
11,Jefferson Park,4,12,46,1589
11,Jefferson Park,4,13,42,1600
11,Jefferson Park,4,14,36,1611
11,Jefferson Park,4,15,33,1622
11,Jefferson Park,4,16,65,1453
11,Jefferson Park,4,17,58,1464
11,Jefferson Park,4,18,63,1475
11,Jefferson Park,4,19,67,1486
11,Jefferson Park,4,20,41,1497
11,Jefferson Park,4,21,44,1508
11,Jefferson Park,4,22,40,1769
11,Jefferson Park,4,23,22,1780
11,Jefferson Park,5,0,24,1807
11,Jefferson Park,5,1,21,1818
11,Jefferson Park,5,2,12,1829
11,Jefferson Park,5,3,11,1840
11,Jefferson Park,5,4,11,1851
11,Jefferson Park,5,5,12,1862
11,Jefferson Park,5,6,33,1623
11,Jefferson Park,5,7,53,1634
11,Jefferson Park,5,8,47,1645
11,Jefferson Park,5,9,51,1656
11,Jefferson Park,5,10,37,1667
11,Jefferson Park,5,11,42,1678
11,Jefferson Park,5,12,45,1689
11,Jefferson Park,5,13,40,1700
11,Jefferson Park,5,14,35,1711
11,Jefferson Park,5,15,37,1722
11,Jefferson Park,5,16,62,1553
11,Jefferson Park,5,17,66,1564
11,Jefferson Park,5,18,60,1575
11,Jefferson Park,5,19,65,1586
11,Jefferson Park,5,20,39,1597
11,Jefferson Park,5,21,42,1608
11,Jefferson Park,5,22,45,1869
11,Jefferson Park,5,23,22,1880
11,Jefferson Park,6,0,22,1807
11,Jefferson Park,6,1,23,1818
11,Jefferson Park,6,2,11,1829
11,Jefferson Park,6,3,11,1840
11,Jefferson Park,6,4,10,1851
11,Jefferson Park,6,5,11,1862
11,Jefferson Park,6,6,30,1623
11,Jefferson Park,6,7,48,1634
11,Jefferson Park,6,8,51,1645
11,Jefferson Park,6,9,47,1656
11,Jefferson Park,6,10,34,1667
11,Jefferson Park,6,11,38,1678
11,Jefferson Park,6,12,41,1689
11,Jefferson Park,6,13,44,1700
11,Jefferson Park,6,14,32,1711
11,Jefferson Park,6,15,34,1722
11,Jefferson Park,6,16,56,1553
11,Jefferson Park,6,17,61,1564
11,Jefferson Park,6,18,65,1575
11,Jefferson Park,6,19,59,1586
11,Jefferson Park,6,20,43,1597
11,Jefferson Park,6,21,39,1608
11,Jefferson Park,6,22,42,1869
11,Jefferson Park,6,23,20,1880
12,Forest Glen,0,0,13,1724
12,Forest Glen,0,1,14,1735
12,Forest Glen,0,2,8,1746
12,Forest Glen,0,3,7,1757
12,Forest Glen,0,4,7,1768
12,Forest Glen,0,5,7,1779
12,Forest Glen,0,6,22,1540
12,Forest Glen,0,7,29,1551
12,Forest Glen,0,8,31,1562
12,Forest Glen,0,9,33,1573
12,Forest Glen,0,10,20,1584
12,Forest Glen,0,11,27,1595
12,Forest Glen,0,12,24,1606
12,Forest Glen,0,13,26,1617
12,Forest Glen,0,14,23,1628
12,Forest Glen,0,15,21,1459
12,Forest Glen,0,16,40,1470
12,Forest Glen,0,17,37,1481
12,Forest Glen,0,18,39,1492
12,Forest Glen,0,19,42,1503
12,Forest Glen,0,20,26,1514
12,Forest Glen,0,21,28,1525
12,Forest Glen,0,22,25,1786
12,Forest Glen,0,23,14,1797
12,Forest Glen,1,0,16,1724
12,Forest Glen,1,1,14,1735
12,Forest Glen,1,2,8,1746
12,Forest Glen,1,3,7,1757
12,Forest Glen,1,4,7,1768
12,Forest Glen,1,5,8,1779
12,Forest Glen,1,6,22,1540
12,Forest Glen,1,7,35,1551
12,Forest Glen,1,8,31,1562
12,Forest Glen,1,9,34,1573
12,Forest Glen,1,10,21,1584
12,Forest Glen,1,11,27,1595
12,Forest Glen,1,12,29,1606
12,Forest Glen,1,13,27,1617
12,Forest Glen,1,14,23,1628
12,Forest Glen,1,15,21,1459
12,Forest Glen,1,16,41,1470
12,Forest Glen,1,17,44,1481
12,Forest Glen,1,18,40,1492
12,Forest Glen,1,19,43,1503
12,Forest Glen,1,20,26,1514
12,Forest Glen,1,21,28,1525
12,Forest Glen,1,22,30,1786
12,Forest Glen,1,23,14,1797
12,Forest Glen,2,0,15,1724
12,Forest Glen,2,1,14,1735
12,Forest Glen,2,2,7,1746
12,Forest Glen,2,3,8,1757
12,Forest Glen,2,4,7,1768
12,Forest Glen,2,5,8,1779
12,Forest Glen,2,6,21,1540
12,Forest Glen,2,7,33,1551
12,Forest Glen,2,8,36,1562
12,Forest Glen,2,9,32,1573
12,Forest Glen,2,10,24,1584
12,Forest Glen,2,11,26,1595
12,Forest Glen,2,12,28,1606
12,Forest Glen,2,13,26,1617
12,Forest Glen,2,14,22,1628
12,Forest Glen,2,15,24,1459
12,Forest Glen,2,16,39,1470
12,Forest Glen,2,17,42,1481
12,Forest Glen,2,18,38,1492
12,Forest Glen,2,19,41,1503
12,Forest Glen,2,20,30,1514
12,Forest Glen,2,21,27,1525
12,Forest Glen,2,22,29,1786
12,Forest Glen,2,23,14,1797
12,Forest Glen,3,0,14,1724
12,Forest Glen,3,1,15,1735
12,Forest Glen,3,2,7,1746
12,Forest Glen,3,3,8,1757
12,Forest Glen,3,4,7,1768
12,Forest Glen,3,5,7,1779
12,Forest Glen,3,6,24,1540
12,Forest Glen,3,7,32,1551
12,Forest Glen,3,8,34,1562
12,Forest Glen,3,9,31,1573
12,Forest Glen,3,10,23,1584
12,Forest Glen,3,11,30,1595
12,Forest Glen,3,12,27,1606
12,Forest Glen,3,13,29,1617
12,Forest Glen,3,14,21,1628
12,Forest Glen,3,15,23,1459
12,Forest Glen,3,16,38,1470
12,Forest Glen,3,17,41,1481
12,Forest Glen,3,18,43,1492
12,Forest Glen,3,19,39,1503
12,Forest Glen,3,20,29,1514
12,Forest Glen,3,21,26,1525
12,Forest Glen,3,22,28,1786
12,Forest Glen,3,23,16,1797
12,Forest Glen,4,0,14,1724
12,Forest Glen,4,1,15,1735
12,Forest Glen,4,2,7,1746
12,Forest Glen,4,3,7,1757
12,Forest Glen,4,4,8,1768
12,Forest Glen,4,5,7,1779
12,Forest Glen,4,6,23,1540
12,Forest Glen,4,7,31,1551
12,Forest Glen,4,8,33,1562
12,Forest Glen,4,9,35,1573
12,Forest Glen,4,10,22,1584
12,Forest Glen,4,11,29,1595
12,Forest Glen,4,12,26,1606
12,Forest Glen,4,13,28,1617
12,Forest Glen,4,14,24,1628
12,Forest Glen,4,15,22,1459
12,Forest Glen,4,16,43,1470
12,Forest Glen,4,17,39,1481
12,Forest Glen,4,18,42,1492
12,Forest Glen,4,19,38,1503
12,Forest Glen,4,20,27,1514
12,Forest Glen,4,21,29,1525
12,Forest Glen,4,22,27,1786
12,Forest Glen,4,23,15,1797
12,Forest Glen,5,0,16,1824
12,Forest Glen,5,1,14,1835
12,Forest Glen,5,2,8,1846
12,Forest Glen,5,3,7,1857
12,Forest Glen,5,4,8,1868
12,Forest Glen,5,5,7,1879
12,Forest Glen,5,6,22,1640
12,Forest Glen,5,7,35,1651
12,Forest Glen,5,8,32,1662
12,Forest Glen,5,9,34,1673
12,Forest Glen,5,10,21,1684
12,Forest Glen,5,11,28,1695
12,Forest Glen,5,12,30,1706
12,Forest Glen,5,13,27,1717
12,Forest Glen,5,14,23,1728
12,Forest Glen,5,15,21,1559
12,Forest Glen,5,16,41,1570
12,Forest Glen,5,17,44,1581
12,Forest Glen,5,18,40,1592
12,Forest Glen,5,19,43,1603
12,Forest Glen,5,20,26,1614
12,Forest Glen,5,21,28,1625
12,Forest Glen,5,22,26,1886
12,Forest Glen,5,23,14,1897
12,Forest Glen,6,0,14,1824
12,Forest Glen,6,1,13,1835
12,Forest Glen,6,2,7,1846
12,Forest Glen,6,3,8,1857
12,Forest Glen,6,4,7,1868
12,Forest Glen,6,5,7,1879
12,Forest Glen,6,6,20,1640
12,Forest Glen,6,7,32,1651
12,Forest Glen,6,8,29,1662
12,Forest Glen,6,9,31,1673
12,Forest Glen,6,10,23,1684
12,Forest Glen,6,11,25,1695
12,Forest Glen,6,12,27,1706
12,Forest Glen,6,13,24,1717
12,Forest Glen,6,14,21,1728
12,Forest Glen,6,15,23,1559
12,Forest Glen,6,16,38,1570
12,Forest Glen,6,17,40,1581
12,Forest Glen,6,18,37,1592
12,Forest Glen,6,19,39,1603
12,Forest Glen,6,20,28,1614
12,Forest Glen,6,21,26,1625
12,Forest Glen,6,22,28,1886
12,Forest Glen,6,23,13,1897
13,North Park,0,0,16,1741
13,North Park,0,1,17,1752
13,North Park,0,2,8,1763
13,North Park,0,3,8,1774
13,North Park,0,4,9,1785
13,North Park,0,5,8,1796
13,North Park,0,6,26,1557
13,North Park,0,7,35,1568
13,North Park,0,8,38,1579
13,North Park,0,9,34,1590
13,North Park,0,10,25,1601
13,North Park,0,11,33,1612
13,North Park,0,12,30,1623
13,North Park,0,13,32,1454
13,North Park,0,14,23,1465
13,North Park,0,15,25,1476
13,North Park,0,16,49,1487
13,North Park,0,17,45,1498
13,North Park,0,18,48,1509
13,North Park,0,19,43,1520
13,North Park,0,20,31,1531
13,North Park,0,21,34,1542
13,North Park,0,22,30,1803
13,North Park,0,23,17,1814
13,North Park,1,0,16,1741
13,North Park,1,1,17,1752
13,North Park,1,2,9,1763
13,North Park,1,3,8,1774
13,North Park,1,4,9,1785
13,North Park,1,5,8,1796
13,North Park,1,6,27,1557
13,North Park,1,7,42,1568
13,North Park,1,8,38,1579
13,North Park,1,9,41,1590
13,North Park,1,10,25,1601
13,North Park,1,11,33,1612
13,North Park,1,12,30,1623
13,North Park,1,13,32,1454
13,North Park,1,14,28,1465
13,North Park,1,15,25,1476
13,North Park,1,16,50,1487
13,North Park,1,17,45,1498
13,North Park,1,18,48,1509
13,North Park,1,19,52,1520
13,North Park,1,20,32,1531
13,North Park,1,21,34,1542
13,North Park,1,22,31,1803
13,North Park,1,23,17,1814
13,North Park,2,0,18,1741
13,North Park,2,1,16,1752
13,North Park,2,2,9,1763
13,North Park,2,3,8,1774
13,North Park,2,4,9,1785
13,North Park,2,5,9,1796
13,North Park,2,6,26,1557
13,North Park,2,7,41,1568
13,North Park,2,8,37,1579
13,North Park,2,9,39,1590
13,North Park,2,10,29,1601
13,North Park,2,11,32,1612
13,North Park,2,12,34,1623
13,North Park,2,13,31,1454
13,North Park,2,14,27,1465
13,North Park,2,15,24,1476
13,North Park,2,16,48,1487
13,North Park,2,17,51,1498
13,North Park,2,18,46,1509
13,North Park,2,19,50,1520
13,North Park,2,20,30,1531
13,North Park,2,21,33,1542
13,North Park,2,22,35,1803
13,North Park,2,23,17,1814
13,North Park,3,0,18,1741
13,North Park,3,1,16,1752
13,North Park,3,2,9,1763
13,North Park,3,3,9,1774
13,North Park,3,4,8,1785
13,North Park,3,5,9,1796
13,North Park,3,6,25,1557
13,North Park,3,7,39,1568
13,North Park,3,8,42,1579
13,North Park,3,9,38,1590
13,North Park,3,10,28,1601
13,North Park,3,11,31,1612
13,North Park,3,12,33,1623
13,North Park,3,13,35,1454
13,North Park,3,14,26,1465
13,North Park,3,15,28,1476
13,North Park,3,16,46,1487
13,North Park,3,17,49,1498
13,North Park,3,18,44,1509
13,North Park,3,19,48,1520
13,North Park,3,20,35,1531
13,North Park,3,21,31,1542
13,North Park,3,22,34,1803
13,North Park,3,23,16,1814
13,North Park,4,0,17,1741
13,North Park,4,1,18,1752
13,North Park,4,2,8,1763
13,North Park,4,3,9,1774
13,North Park,4,4,8,1785
13,North Park,4,5,9,1796
13,North Park,4,6,28,1557
13,North Park,4,7,37,1568
13,North Park,4,8,40,1579
13,North Park,4,9,36,1590
13,North Park,4,10,27,1601
13,North Park,4,11,35,1612
13,North Park,4,12,32,1623
13,North Park,4,13,34,1454
13,North Park,4,14,25,1465
13,North Park,4,15,27,1476
13,North Park,4,16,52,1487
13,North Park,4,17,47,1498
13,North Park,4,18,51,1509
13,North Park,4,19,46,1520
13,North Park,4,20,33,1531
13,North Park,4,21,30,1542
13,North Park,4,22,32,1803
13,North Park,4,23,18,1814
13,North Park,5,0,16,1841
13,North Park,5,1,17,1852
13,North Park,5,2,9,1863
13,North Park,5,3,9,1874
13,North Park,5,4,9,1885
13,North Park,5,5,8,1896
13,North Park,5,6,27,1657
13,North Park,5,7,36,1668
13,North Park,5,8,39,1679
13,North Park,5,9,41,1690
13,North Park,5,10,25,1701
13,North Park,5,11,34,1712
13,North Park,5,12,30,1723
13,North Park,5,13,33,1554
13,North Park,5,14,28,1565
13,North Park,5,15,26,1576
13,North Park,5,16,50,1587
13,North Park,5,17,45,1598
13,North Park,5,18,49,1609
13,North Park,5,19,52,1620
13,North Park,5,20,32,1631
13,North Park,5,21,34,1642
13,North Park,5,22,31,1903
13,North Park,5,23,18,1914
13,North Park,6,0,17,1841
13,North Park,6,1,16,1852
13,North Park,6,2,9,1863
13,North Park,6,3,8,1874
13,North Park,6,4,8,1885
13,North Park,6,5,9,1896
13,North Park,6,6,25,1657
13,North Park,6,7,39,1668
13,North Park,6,8,35,1679
13,North Park,6,9,38,1690
13,North Park,6,10,23,1701
13,North Park,6,11,31,1712
13,North Park,6,12,33,1723
13,North Park,6,13,30,1554
13,North Park,6,14,26,1565
13,North Park,6,15,23,1576
13,North Park,6,16,46,1587
13,North Park,6,17,49,1598
13,North Park,6,18,45,1609
13,North Park,6,19,48,1620
13,North Park,6,20,29,1631
13,North Park,6,21,31,1642
13,North Park,6,22,34,1903
13,North Park,6,23,16,1914
14,Albany Park,0,0,29,1758
14,Albany Park,0,1,31,1769
14,Albany Park,0,2,14,1780
14,Albany Park,0,3,15,1791
14,Albany Park,0,4,14,1802
14,Albany Park,0,5,15,1813
14,Albany Park,0,6,48,1574
14,Albany Park,0,7,64,1585
14,Albany Park,0,8,69,1596
14,Albany Park,0,9,62,1607
14,Albany Park,0,10,45,1618
14,Albany Park,0,11,51,1629
14,Albany Park,0,12,55,1460
14,Albany Park,0,13,58,1471
14,Albany Park,0,14,43,1482
14,Albany Park,0,15,46,1493
14,Albany Park,0,16,76,1504
14,Albany Park,0,17,81,1515
14,Albany Park,0,18,87,1526
14,Albany Park,0,19,79,1537
14,Albany Park,0,20,57,1548
14,Albany Park,0,21,52,1559
14,Albany Park,0,22,56,1820
14,Albany Park,0,23,31,1831
14,Albany Park,1,0,29,1758
14,Albany Park,1,1,31,1769
14,Albany Park,1,2,14,1780
14,Albany Park,1,3,15,1791
14,Albany Park,1,4,17,1802
14,Albany Park,1,5,15,1813
14,Albany Park,1,6,49,1574
14,Albany Park,1,7,65,1585
14,Albany Park,1,8,70,1596
14,Albany Park,1,9,75,1607
14,Albany Park,1,10,46,1618
14,Albany Park,1,11,61,1629
14,Albany Park,1,12,55,1460
14,Albany Park,1,13,59,1471
14,Albany Park,1,14,43,1482
14,Albany Park,1,15,46,1493
14,Albany Park,1,16,91,1504
14,Albany Park,1,17,82,1515
14,Albany Park,1,18,88,1526
14,Albany Park,1,19,80,1537
14,Albany Park,1,20,58,1548
14,Albany Park,1,21,62,1559
14,Albany Park,1,22,56,1820
14,Albany Park,1,23,32,1831
14,Albany Park,2,0,28,1758
14,Albany Park,2,1,30,1769
14,Albany Park,2,2,16,1780
14,Albany Park,2,3,15,1791
14,Albany Park,2,4,16,1802
14,Albany Park,2,5,14,1813
14,Albany Park,2,6,47,1574
14,Albany Park,2,7,74,1585
14,Albany Park,2,8,67,1596
14,Albany Park,2,9,72,1607
14,Albany Park,2,10,44,1618
14,Albany Park,2,11,59,1629
14,Albany Park,2,12,63,1460
14,Albany Park,2,13,57,1471
14,Albany Park,2,14,49,1482
14,Albany Park,2,15,45,1493
14,Albany Park,2,16,87,1504
14,Albany Park,2,17,79,1515
14,Albany Park,2,18,85,1526
14,Albany Park,2,19,91,1537
14,Albany Park,2,20,56,1548
14,Albany Park,2,21,60,1559
14,Albany Park,2,22,54,1820
14,Albany Park,2,23,30,1831
14,Albany Park,3,0,32,1758
14,Albany Park,3,1,29,1769
14,Albany Park,3,2,16,1780
14,Albany Park,3,3,14,1791
14,Albany Park,3,4,15,1802
14,Albany Park,3,5,16,1813
14,Albany Park,3,6,45,1574
14,Albany Park,3,7,71,1585
14,Albany Park,3,8,64,1596
14,Albany Park,3,9,69,1607
14,Albany Park,3,10,50,1618
14,Albany Park,3,11,56,1629
14,Albany Park,3,12,60,1460
14,Albany Park,3,13,54,1471
14,Albany Park,3,14,47,1482
14,Albany Park,3,15,51,1493
14,Albany Park,3,16,84,1504
14,Albany Park,3,17,90,1515
14,Albany Park,3,18,81,1526
14,Albany Park,3,19,87,1537
14,Albany Park,3,20,53,1548
14,Albany Park,3,21,57,1559
14,Albany Park,3,22,61,1820
14,Albany Park,3,23,29,1831
14,Albany Park,4,0,31,1758
14,Albany Park,4,1,33,1769
14,Albany Park,4,2,15,1780
14,Albany Park,4,3,16,1791
14,Albany Park,4,4,15,1802
14,Albany Park,4,5,16,1813
14,Albany Park,4,6,43,1574
14,Albany Park,4,7,68,1585
14,Albany Park,4,8,73,1596
14,Albany Park,4,9,66,1607
14,Albany Park,4,10,48,1618
14,Albany Park,4,11,54,1629
14,Albany Park,4,12,58,1460
14,Albany Park,4,13,62,1471
14,Albany Park,4,14,46,1482
14,Albany Park,4,15,49,1493
14,Albany Park,4,16,80,1504
14,Albany Park,4,17,86,1515
14,Albany Park,4,18,92,1526
14,Albany Park,4,19,84,1537
14,Albany Park,4,20,61,1548
14,Albany Park,4,21,55,1559
14,Albany Park,4,22,59,1820
14,Albany Park,4,23,28,1831
14,Albany Park,5,0,29,1858
14,Albany Park,5,1,32,1869
14,Albany Park,5,2,15,1880
14,Albany Park,5,3,16,1891
14,Albany Park,5,4,17,1902
14,Albany Park,5,5,15,1913
14,Albany Park,5,6,49,1674
14,Albany Park,5,7,66,1685
14,Albany Park,5,8,70,1696
14,Albany Park,5,9,63,1707
14,Albany Park,5,10,46,1718
14,Albany Park,5,11,61,1729
14,Albany Park,5,12,56,1560
14,Albany Park,5,13,60,1571
14,Albany Park,5,14,44,1582
14,Albany Park,5,15,47,1593
14,Albany Park,5,16,92,1604
14,Albany Park,5,17,83,1615
14,Albany Park,5,18,89,1626
14,Albany Park,5,19,80,1637
14,Albany Park,5,20,59,1648
14,Albany Park,5,21,63,1659
14,Albany Park,5,22,57,1920
14,Albany Park,5,23,32,1931
14,Albany Park,6,0,27,1858
14,Albany Park,6,1,29,1869
14,Albany Park,6,2,16,1880
14,Albany Park,6,3,14,1891
14,Albany Park,6,4,15,1902
14,Albany Park,6,5,14,1913
14,Albany Park,6,6,45,1674
14,Albany Park,6,7,71,1685
14,Albany Park,6,8,64,1696
14,Albany Park,6,9,69,1707
14,Albany Park,6,10,42,1718
14,Albany Park,6,11,56,1729
14,Albany Park,6,12,51,1560
14,Albany Park,6,13,55,1571
14,Albany Park,6,14,47,1582
14,Albany Park,6,15,43,1593
14,Albany Park,6,16,84,1604
14,Albany Park,6,17,76,1615
14,Albany Park,6,18,81,1626
14,Albany Park,6,19,87,1637
14,Albany Park,6,20,53,1648
14,Albany Park,6,21,57,1659
14,Albany Park,6,22,52,1920
14,Albany Park,6,23,29,1931
15,Portage Park,0,0,26,1775
15,Portage Park,0,1,23,1786
15,Portage Park,0,2,13,1797
15,Portage Park,0,3,14,1808
15,Portage Park,0,4,12,1819
15,Portage Park,0,5,13,1830
15,Portage Park,0,6,36,1591
15,Portage Park,0,7,58,1602
15,Portage Park,0,8,62,1613
15,Portage Park,0,9,56,1624
15,Portage Park,0,10,41,1455
15,Portage Park,0,11,45,1466
15,Portage Park,0,12,49,1477
15,Portage Park,0,13,44,1488
15,Portage Park,0,14,38,1499
15,Portage Park,0,15,41,1510
15,Portage Park,0,16,68,1521
15,Portage Park,0,17,73,1532
15,Portage Park,0,18,66,1543
15,Portage Park,0,19,71,1554
15,Portage Park,0,20,51,1565
15,Portage Park,0,21,46,1576
15,Portage Park,0,22,50,1837
15,Portage Park,0,23,24,1848
15,Portage Park,1,0,26,1775
15,Portage Park,1,1,28,1786
15,Portage Park,1,2,13,1797
15,Portage Park,1,3,14,1808
15,Portage Park,1,4,12,1819
15,Portage Park,1,5,13,1830
15,Portage Park,1,6,44,1591
15,Portage Park,1,7,58,1602
15,Portage Park,1,8,62,1613
15,Portage Park,1,9,56,1624
15,Portage Park,1,10,41,1455
15,Portage Park,1,11,54,1466
15,Portage Park,1,12,49,1477
15,Portage Park,1,13,53,1488
15,Portage Park,1,14,39,1499
15,Portage Park,1,15,42,1510
15,Portage Park,1,16,68,1521
15,Portage Park,1,17,74,1532
15,Portage Park,1,18,79,1543
15,Portage Park,1,19,71,1554
15,Portage Park,1,20,52,1565
15,Portage Park,1,21,47,1576
15,Portage Park,1,22,50,1837
15,Portage Park,1,23,28,1848
15,Portage Park,2,0,25,1775
15,Portage Park,2,1,27,1786
15,Portage Park,2,2,12,1797
15,Portage Park,2,3,13,1808
15,Portage Park,2,4,14,1819
15,Portage Park,2,5,13,1830
15,Portage Park,2,6,42,1591
15,Portage Park,2,7,56,1602
15,Portage Park,2,8,60,1613
15,Portage Park,2,9,64,1624
15,Portage Park,2,10,40,1455
15,Portage Park,2,11,52,1466
15,Portage Park,2,12,47,1477
15,Portage Park,2,13,51,1488
15,Portage Park,2,14,44,1499
15,Portage Park,2,15,40,1510
15,Portage Park,2,16,78,1521
15,Portage Park,2,17,71,1532
15,Portage Park,2,18,76,1543
15,Portage Park,2,19,68,1554
15,Portage Park,2,20,50,1565
15,Portage Park,2,21,53,1576
15,Portage Park,2,22,48,1837
15,Portage Park,2,23,27,1848
15,Portage Park,3,0,29,1775
15,Portage Park,3,1,26,1786
15,Portage Park,3,2,14,1797
15,Portage Park,3,3,13,1808
15,Portage Park,3,4,14,1819
15,Portage Park,3,5,12,1830
15,Portage Park,3,6,40,1591
15,Portage Park,3,7,64,1602
15,Portage Park,3,8,58,1613
15,Portage Park,3,9,62,1624
15,Portage Park,3,10,38,1455
15,Portage Park,3,11,50,1466
15,Portage Park,3,12,54,1477
15,Portage Park,3,13,49,1488
15,Portage Park,3,14,42,1499
15,Portage Park,3,15,38,1510
15,Portage Park,3,16,75,1521
15,Portage Park,3,17,80,1532
15,Portage Park,3,18,73,1543
15,Portage Park,3,19,78,1554
15,Portage Park,3,20,48,1565
15,Portage Park,3,21,51,1576
15,Portage Park,3,22,46,1837
15,Portage Park,3,23,26,1848
15,Portage Park,4,0,27,1775
15,Portage Park,4,1,25,1786
15,Portage Park,4,2,14,1797
15,Portage Park,4,3,15,1808
15,Portage Park,4,4,13,1819
15,Portage Park,4,5,14,1830
15,Portage Park,4,6,39,1591
15,Portage Park,4,7,61,1602
15,Portage Park,4,8,55,1613
15,Portage Park,4,9,59,1624
15,Portage Park,4,10,43,1455
15,Portage Park,4,11,48,1466
15,Portage Park,4,12,52,1477
15,Portage Park,4,13,47,1488
15,Portage Park,4,14,41,1499
15,Portage Park,4,15,44,1510
15,Portage Park,4,16,72,1521
15,Portage Park,4,17,77,1532
15,Portage Park,4,18,70,1543
15,Portage Park,4,19,75,1554
15,Portage Park,4,20,54,1565
15,Portage Park,4,21,49,1576
15,Portage Park,4,22,53,1837
15,Portage Park,4,23,25,1848
15,Portage Park,5,0,26,1875
15,Portage Park,5,1,28,1886
15,Portage Park,5,2,13,1897
15,Portage Park,5,3,14,1908
15,Portage Park,5,4,13,1919
15,Portage Park,5,5,14,1930
15,Portage Park,5,6,44,1691
15,Portage Park,5,7,59,1702
15,Portage Park,5,8,63,1713
15,Portage Park,5,9,57,1724
15,Portage Park,5,10,42,1555
15,Portage Park,5,11,46,1566
15,Portage Park,5,12,50,1577
15,Portage Park,5,13,53,1588
15,Portage Park,5,14,39,1599
15,Portage Park,5,15,42,1610
15,Portage Park,5,16,69,1621
15,Portage Park,5,17,74,1632
15,Portage Park,5,18,80,1643
15,Portage Park,5,19,72,1654
15,Portage Park,5,20,52,1665
15,Portage Park,5,21,47,1676
15,Portage Park,5,22,51,1937
15,Portage Park,5,23,29,1948
15,Portage Park,6,0,24,1875
15,Portage Park,6,1,26,1886
15,Portage Park,6,2,12,1897
15,Portage Park,6,3,13,1908
15,Portage Park,6,4,14,1919
15,Portage Park,6,5,12,1930
15,Portage Park,6,6,40,1691
15,Portage Park,6,7,54,1702
15,Portage Park,6,8,58,1713
15,Portage Park,6,9,62,1724
15,Portage Park,6,10,38,1555
15,Portage Park,6,11,50,1566
15,Portage Park,6,12,45,1577
15,Portage Park,6,13,49,1588
15,Portage Park,6,14,36,1599
15,Portage Park,6,15,38,1610
15,Portage Park,6,16,75,1621
15,Portage Park,6,17,68,1632
15,Portage Park,6,18,73,1643
15,Portage Park,6,19,66,1654
15,Portage Park,6,20,48,1665
15,Portage Park,6,21,51,1676
15,Portage Park,6,22,46,1937
15,Portage Park,6,23,26,1948
16,Irving Park,0,0,32,1792
16,Irving Park,0,1,29,1803
16,Irving Park,0,2,16,1814
16,Irving Park,0,3,14,1825
16,Irving Park,0,4,15,1836
16,Irving Park,0,5,16,1847
16,Irving Park,0,6,45,1608
16,Irving Park,0,7,71,1619
16,Irving Park,0,8,64,1450
16,Irving Park,0,9,69,1461
16,Irving Park,0,10,50,1472
16,Irving Park,0,11,56,1483
16,Irving Park,0,12,60,1494
16,Irving Park,0,13,55,1505
16,Irving Park,0,14,47,1516
16,Irving Park,0,15,43,1527
16,Irving Park,0,16,84,1538
16,Irving Park,0,17,90,1549
16,Irving Park,0,18,81,1560
16,Irving Park,0,19,87,1571
16,Irving Park,0,20,53,1582
16,Irving Park,0,21,57,1593
16,Irving Park,0,22,61,1854
16,Irving Park,0,23,29,1865
16,Irving Park,1,0,32,1792
16,Irving Park,1,1,29,1803
16,Irving Park,1,2,16,1814
16,Irving Park,1,3,17,1825
16,Irving Park,1,4,15,1836
16,Irving Park,1,5,17,1847
16,Irving Park,1,6,46,1608
16,Irving Park,1,7,72,1619
16,Irving Park,1,8,77,1450
16,Irving Park,1,9,70,1461
16,Irving Park,1,10,51,1472
16,Irving Park,1,11,57,1483
16,Irving Park,1,12,61,1494
16,Irving Park,1,13,65,1505
16,Irving Park,1,14,48,1516
16,Irving Park,1,15,51,1527
16,Irving Park,1,16,85,1538
16,Irving Park,1,17,91,1549
16,Irving Park,1,18,82,1560
16,Irving Park,1,19,88,1571
16,Irving Park,1,20,64,1582
16,Irving Park,1,21,58,1593
16,Irving Park,1,22,62,1854
16,Irving Park,1,23,29,1865
16,Irving Park,2,0,31,1792
16,Irving Park,2,1,33,1803
16,Irving Park,2,2,15,1814
16,Irving Park,2,3,16,1825
16,Irving Park,2,4,15,1836
16,Irving Park,2,5,16,1847
16,Irving Park,2,6,52,1608
16,Irving Park,2,7,69,1619
16,Irving Park,2,8,74,1450
16,Irving Park,2,9,67,1461
16,Irving Park,2,10,49,1472
16,Irving Park,2,11,65,1483
16,Irving Park,2,12,59,1494
16,Irving Park,2,13,63,1505
16,Irving Park,2,14,46,1516
16,Irving Park,2,15,49,1527
16,Irving Park,2,16,96,1538
16,Irving Park,2,17,87,1549
16,Irving Park,2,18,94,1560
16,Irving Park,2,19,85,1571
16,Irving Park,2,20,62,1582
16,Irving Park,2,21,56,1593
16,Irving Park,2,22,60,1854
16,Irving Park,2,23,34,1865
16,Irving Park,3,0,30,1792
16,Irving Park,3,1,32,1803
16,Irving Park,3,2,17,1814
16,Irving Park,3,3,16,1825
16,Irving Park,3,4,17,1836
16,Irving Park,3,5,15,1847
16,Irving Park,3,6,50,1608
16,Irving Park,3,7,66,1619
16,Irving Park,3,8,71,1450
16,Irving Park,3,9,76,1461
16,Irving Park,3,10,47,1472
16,Irving Park,3,11,62,1483
16,Irving Park,3,12,56,1494
16,Irving Park,3,13,60,1505
16,Irving Park,3,14,52,1516
16,Irving Park,3,15,47,1527
16,Irving Park,3,16,93,1538
16,Irving Park,3,17,84,1549
16,Irving Park,3,18,90,1560
16,Irving Park,3,19,96,1571
16,Irving Park,3,20,59,1582
16,Irving Park,3,21,64,1593
16,Irving Park,3,22,57,1854
16,Irving Park,3,23,32,1865
16,Irving Park,4,0,34,1792
16,Irving Park,4,1,31,1803
16,Irving Park,4,2,17,1814
16,Irving Park,4,3,15,1825
16,Irving Park,4,4,16,1836
16,Irving Park,4,5,17,1847
16,Irving Park,4,6,48,1608
16,Irving Park,4,7,76,1619
16,Irving Park,4,8,68,1450
16,Irving Park,4,9,73,1461
16,Irving Park,4,10,45,1472
16,Irving Park,4,11,60,1483
16,Irving Park,4,12,64,1494
16,Irving Park,4,13,58,1505
16,Irving Park,4,14,50,1516
16,Irving Park,4,15,46,1527
16,Irving Park,4,16,89,1538
16,Irving Park,4,17,96,1549
16,Irving Park,4,18,87,1560
16,Irving Park,4,19,93,1571
16,Irving Park,4,20,57,1582
16,Irving Park,4,21,61,1593
16,Irving Park,4,22,65,1854
16,Irving Park,4,23,31,1865
16,Irving Park,5,0,33,1892
16,Irving Park,5,1,29,1903
16,Irving Park,5,2,16,1914
16,Irving Park,5,3,17,1925
16,Irving Park,5,4,16,1936
16,Irving Park,5,5,17,1947
16,Irving Park,5,6,46,1708
16,Irving Park,5,7,73,1719
16,Irving Park,5,8,78,1550
16,Irving Park,5,9,71,1561
16,Irving Park,5,10,51,1572
16,Irving Park,5,11,57,1583
16,Irving Park,5,12,62,1594
16,Irving Park,5,13,56,1605
16,Irving Park,5,14,48,1616
16,Irving Park,5,15,52,1627
16,Irving Park,5,16,86,1638
16,Irving Park,5,17,92,1649
16,Irving Park,5,18,83,1660
16,Irving Park,5,19,89,1671
16,Irving Park,5,20,65,1682
16,Irving Park,5,21,59,1693
16,Irving Park,5,22,63,1954
16,Irving Park,5,23,30,1965
16,Irving Park,6,0,30,1892
16,Irving Park,6,1,32,1903
16,Irving Park,6,2,15,1914
16,Irving Park,6,3,16,1925
16,Irving Park,6,4,14,1936
16,Irving Park,6,5,15,1947
16,Irving Park,6,6,50,1708
16,Irving Park,6,7,66,1719
16,Irving Park,6,8,71,1550
16,Irving Park,6,9,64,1561
16,Irving Park,6,10,47,1572
16,Irving Park,6,11,62,1583
16,Irving Park,6,12,56,1594
16,Irving Park,6,13,60,1605
16,Irving Park,6,14,44,1616
16,Irving Park,6,15,47,1627
16,Irving Park,6,16,78,1638
16,Irving Park,6,17,84,1649
16,Irving Park,6,18,90,1660
16,Irving Park,6,19,81,1671
16,Irving Park,6,20,59,1682
16,Irving Park,6,21,53,1693
16,Irving Park,6,22,57,1954
16,Irving Park,6,23,32,1965
17,Dunning,0,0,18,1809
17,Dunning,0,1,20,1820
17,Dunning,0,2,11,1831
17,Dunning,0,3,10,1842
17,Dunning,0,4,11,1853
17,Dunning,0,5,9,1864
17,Dunning,0,6,31,1625
17,Dunning,0,7,49,1456
17,Dunning,0,8,44,1467
17,Dunning,0,9,47,1478
17,Dunning,0,10,29,1489
17,Dunning,0,11,39,1500
17,Dunning,0,12,41,1511
17,Dunning,0,13,38,1522
17,Dunning,0,14,33,1533
17,Dunning,0,15,29,1544
17,Dunning,0,16,58,1555
17,Dunning,0,17,52,1566
17,Dunning,0,18,56,1577
17,Dunning,0,19,60,1588
17,Dunning,0,20,37,1599
17,Dunning,0,21,39,1610
17,Dunning,0,22,36,1871
17,Dunning,0,23,20,1702
17,Dunning,1,0,22,1809
17,Dunning,1,1,20,1820
17,Dunning,1,2,11,1831
17,Dunning,1,3,10,1842
17,Dunning,1,4,11,1853
17,Dunning,1,5,11,1864
17,Dunning,1,6,31,1625
17,Dunning,1,7,49,1456
17,Dunning,1,8,45,1467
17,Dunning,1,9,48,1478
17,Dunning,1,10,35,1489
17,Dunning,1,11,39,1500
17,Dunning,1,12,42,1511
17,Dunning,1,13,38,1522
17,Dunning,1,14,33,1533
17,Dunning,1,15,35,1544
17,Dunning,1,16,58,1555
17,Dunning,1,17,62,1566
17,Dunning,1,18,57,1577
17,Dunning,1,19,61,1588
17,Dunning,1,20,37,1599
17,Dunning,1,21,40,1610
17,Dunning,1,22,43,1871
17,Dunning,1,23,20,1702
17,Dunning,2,0,21,1809
17,Dunning,2,1,23,1820
17,Dunning,2,2,11,1831
17,Dunning,2,3,11,1842
17,Dunning,2,4,10,1853
17,Dunning,2,5,11,1864
17,Dunning,2,6,30,1625
17,Dunning,2,7,48,1456
17,Dunning,2,8,51,1467
17,Dunning,2,9,46,1478
17,Dunning,2,10,34,1489
17,Dunning,2,11,37,1500
17,Dunning,2,12,40,1511
17,Dunning,2,13,43,1522
17,Dunning,2,14,32,1533
17,Dunning,2,15,34,1544
17,Dunning,2,16,56,1555
17,Dunning,2,17,60,1566
17,Dunning,2,18,64,1577
17,Dunning,2,19,58,1588
17,Dunning,2,20,42,1599
17,Dunning,2,21,38,1610
17,Dunning,2,22,41,1871
17,Dunning,2,23,19,1702
17,Dunning,3,0,20,1809
17,Dunning,3,1,22,1820
17,Dunning,3,2,10,1831
17,Dunning,3,3,11,1842
17,Dunning,3,4,12,1853
17,Dunning,3,5,11,1864
17,Dunning,3,6,34,1625
17,Dunning,3,7,46,1456
17,Dunning,3,8,49,1467
17,Dunning,3,9,44,1478
17,Dunning,3,10,32,1489
17,Dunning,3,11,43,1500
17,Dunning,3,12,39,1511
17,Dunning,3,13,42,1522
17,Dunning,3,14,30,1533
17,Dunning,3,15,33,1544
17,Dunning,3,16,64,1555
17,Dunning,3,17,58,1566
17,Dunning,3,18,62,1577
17,Dunning,3,19,56,1588
17,Dunning,3,20,41,1599
17,Dunning,3,21,44,1610
17,Dunning,3,22,40,1871
17,Dunning,3,23,22,1702
17,Dunning,4,0,20,1809
17,Dunning,4,1,21,1820
17,Dunning,4,2,12,1831
17,Dunning,4,3,10,1842
17,Dunning,4,4,11,1853
17,Dunning,4,5,10,1864
17,Dunning,4,6,33,1625
17,Dunning,4,7,52,1456
17,Dunning,4,8,47,1467
17,Dunning,4,9,50,1478
17,Dunning,4,10,31,1489
17,Dunning,4,11,41,1500
17,Dunning,4,12,37,1511
17,Dunning,4,13,40,1522
17,Dunning,4,14,35,1533
17,Dunning,4,15,31,1544
17,Dunning,4,16,61,1555
17,Dunning,4,17,55,1566
17,Dunning,4,18,60,1577
17,Dunning,4,19,64,1588
17,Dunning,4,20,39,1599
17,Dunning,4,21,42,1610
17,Dunning,4,22,38,1871
17,Dunning,4,23,21,1702
17,Dunning,5,0,22,1909
17,Dunning,5,1,20,1920
17,Dunning,5,2,11,1931
17,Dunning,5,3,10,1942
17,Dunning,5,4,11,1953
17,Dunning,5,5,12,1964
17,Dunning,5,6,32,1725
17,Dunning,5,7,50,1556
17,Dunning,5,8,45,1567
17,Dunning,5,9,48,1578
17,Dunning,5,10,35,1589
17,Dunning,5,11,40,1600
17,Dunning,5,12,42,1611
17,Dunning,5,13,38,1622
17,Dunning,5,14,33,1633
17,Dunning,5,15,30,1644
17,Dunning,5,16,59,1655
17,Dunning,5,17,63,1666
17,Dunning,5,18,57,1677
17,Dunning,5,19,61,1688
17,Dunning,5,20,37,1699
17,Dunning,5,21,40,1710
17,Dunning,5,22,43,1971
17,Dunning,5,23,20,1802
17,Dunning,6,0,20,1909
17,Dunning,6,1,18,1920
17,Dunning,6,2,10,1931
17,Dunning,6,3,11,1942
17,Dunning,6,4,10,1953
17,Dunning,6,5,11,1964
17,Dunning,6,6,29,1725
17,Dunning,6,7,46,1556
17,Dunning,6,8,49,1567
17,Dunning,6,9,44,1578
17,Dunning,6,10,32,1589
17,Dunning,6,11,36,1600
17,Dunning,6,12,39,1611
17,Dunning,6,13,41,1622
17,Dunning,6,14,30,1633
17,Dunning,6,15,33,1644
17,Dunning,6,16,54,1655
17,Dunning,6,17,58,1666
17,Dunning,6,18,52,1677
17,Dunning,6,19,56,1688
17,Dunning,6,20,41,1699
17,Dunning,6,21,37,1710
17,Dunning,6,22,39,1971
17,Dunning,6,23,19,1802
18,Montclare,0,0,13,1826
18,Montclare,0,1,14,1837
18,Montclare,0,2,6,1848
18,Montclare,0,3,7,1859
18,Montclare,0,4,7,1870
18,Montclare,0,5,7,1701
18,Montclare,0,6,22,1462
18,Montclare,0,7,29,1473
18,Montclare,0,8,31,1484
18,Montclare,0,9,34,1495
18,Montclare,0,10,21,1506
18,Montclare,0,11,27,1517
18,Montclare,0,12,25,1528
18,Montclare,0,13,27,1539
18,Montclare,0,14,23,1550
18,Montclare,0,15,21,1561
18,Montclare,0,16,41,1572
18,Montclare,0,17,37,1583
18,Montclare,0,18,40,1594
18,Montclare,0,19,36,1605
18,Montclare,0,20,26,1616
18,Montclare,0,21,28,1627
18,Montclare,0,22,25,1708
18,Montclare,0,23,14,1719
18,Montclare,1,0,16,1826
18,Montclare,1,1,14,1837
18,Montclare,1,2,8,1848
18,Montclare,1,3,7,1859
18,Montclare,1,4,8,1870
18,Montclare,1,5,7,1701
18,Montclare,1,6,22,1462
18,Montclare,1,7,35,1473
18,Montclare,1,8,32,1484
18,Montclare,1,9,34,1495
18,Montclare,1,10,21,1506
18,Montclare,1,11,28,1517
18,Montclare,1,12,30,1528
18,Montclare,1,13,27,1539
18,Montclare,1,14,23,1550
18,Montclare,1,15,21,1561
18,Montclare,1,16,41,1572
18,Montclare,1,17,44,1583
18,Montclare,1,18,40,1594
18,Montclare,1,19,43,1605
18,Montclare,1,20,26,1616
18,Montclare,1,21,28,1627
18,Montclare,1,22,26,1708
18,Montclare,1,23,14,1719
18,Montclare,2,0,15,1826
18,Montclare,2,1,14,1837
18,Montclare,2,2,7,1848
18,Montclare,2,3,8,1859
18,Montclare,2,4,7,1870
18,Montclare,2,5,8,1701
18,Montclare,2,6,21,1462
18,Montclare,2,7,34,1473
18,Montclare,2,8,30,1484
18,Montclare,2,9,33,1495
18,Montclare,2,10,24,1506
18,Montclare,2,11,27,1517
18,Montclare,2,12,29,1528
18,Montclare,2,13,26,1539
18,Montclare,2,14,22,1550
18,Montclare,2,15,24,1561
18,Montclare,2,16,40,1572
18,Montclare,2,17,43,1583
18,Montclare,2,18,38,1594
18,Montclare,2,19,41,1605
18,Montclare,2,20,30,1616
18,Montclare,2,21,27,1627
18,Montclare,2,22,29,1708
18,Montclare,2,23,14,1719
18,Montclare,3,0,15,1826
18,Montclare,3,1,16,1837
18,Montclare,3,2,7,1848
18,Montclare,3,3,8,1859
18,Montclare,3,4,7,1870
18,Montclare,3,5,7,1701
18,Montclare,3,6,24,1462
18,Montclare,3,7,32,1473
18,Montclare,3,8,35,1484
18,Montclare,3,9,31,1495
18,Montclare,3,10,23,1506
18,Montclare,3,11,26,1517
18,Montclare,3,12,27,1528
18,Montclare,3,13,29,1539
18,Montclare,3,14,22,1550
18,Montclare,3,15,23,1561
18,Montclare,3,16,38,1572
18,Montclare,3,17,41,1583
18,Montclare,3,18,44,1594
18,Montclare,3,19,40,1605
18,Montclare,3,20,29,1616
18,Montclare,3,21,26,1627
18,Montclare,3,22,28,1708
18,Montclare,3,23,16,1719
18,Montclare,4,0,14,1826
18,Montclare,4,1,15,1837
18,Montclare,4,2,7,1848
18,Montclare,4,3,7,1859
18,Montclare,4,4,8,1870
18,Montclare,4,5,7,1701
18,Montclare,4,6,23,1462
18,Montclare,4,7,31,1473
18,Montclare,4,8,33,1484
18,Montclare,4,9,36,1495
18,Montclare,4,10,22,1506
18,Montclare,4,11,29,1517
18,Montclare,4,12,26,1528
18,Montclare,4,13,28,1539
18,Montclare,4,14,21,1550
18,Montclare,4,15,22,1561
18,Montclare,4,16,43,1572
18,Montclare,4,17,39,1583
18,Montclare,4,18,42,1594
18,Montclare,4,19,38,1605
18,Montclare,4,20,28,1616
18,Montclare,4,21,30,1627
18,Montclare,4,22,27,1708
18,Montclare,4,23,15,1719
18,Montclare,5,0,13,1926
18,Montclare,5,1,14,1937
18,Montclare,5,2,8,1948
18,Montclare,5,3,7,1959
18,Montclare,5,4,8,1970
18,Montclare,5,5,7,1801
18,Montclare,5,6,22,1562
18,Montclare,5,7,35,1573
18,Montclare,5,8,32,1584
18,Montclare,5,9,34,1595
18,Montclare,5,10,21,1606
18,Montclare,5,11,28,1617
18,Montclare,5,12,30,1628
18,Montclare,5,13,27,1639
18,Montclare,5,14,24,1650
18,Montclare,5,15,21,1661
18,Montclare,5,16,42,1672
18,Montclare,5,17,38,1683
18,Montclare,5,18,41,1694
18,Montclare,5,19,43,1705
18,Montclare,5,20,27,1716
18,Montclare,5,21,29,1727
18,Montclare,5,22,26,1808
18,Montclare,5,23,15,1819
18,Montclare,6,0,14,1926
18,Montclare,6,1,13,1937
18,Montclare,6,2,7,1948
18,Montclare,6,3,6,1959
18,Montclare,6,4,7,1970
18,Montclare,6,5,7,1801
18,Montclare,6,6,20,1562
18,Montclare,6,7,32,1573
18,Montclare,6,8,29,1584
18,Montclare,6,9,31,1595
18,Montclare,6,10,23,1606
18,Montclare,6,11,26,1617
18,Montclare,6,12,27,1628
18,Montclare,6,13,25,1639
18,Montclare,6,14,22,1650
18,Montclare,6,15,23,1661
18,Montclare,6,16,38,1672
18,Montclare,6,17,41,1683
18,Montclare,6,18,37,1694
18,Montclare,6,19,40,1705
18,Montclare,6,20,24,1716
18,Montclare,6,21,26,1727
18,Montclare,6,22,28,1808
18,Montclare,6,23,13,1819
19,Belmont Cragin,0,0,26,1843
19,Belmont Cragin,0,1,28,1854
19,Belmont Cragin,0,2,13,1865
19,Belmont Cragin,0,3,14,1876
19,Belmont Cragin,0,4,12,1707
19,Belmont Cragin,0,5,13,1718
19,Belmont Cragin,0,6,43,1479
19,Belmont Cragin,0,7,57,1490
19,Belmont Cragin,0,8,62,1501
19,Belmont Cragin,0,9,56,1512
19,Belmont Cragin,0,10,41,1523
19,Belmont Cragin,0,11,54,1534
19,Belmont Cragin,0,12,49,1545
19,Belmont Cragin,0,13,52,1556
19,Belmont Cragin,0,14,38,1567
19,Belmont Cragin,0,15,41,1578
19,Belmont Cragin,0,16,80,1589
19,Belmont Cragin,0,17,73,1600
19,Belmont Cragin,0,18,78,1611
19,Belmont Cragin,0,19,71,1622
19,Belmont Cragin,0,20,51,1453
19,Belmont Cragin,0,21,46,1464
19,Belmont Cragin,0,22,50,1725
19,Belmont Cragin,0,23,28,1736
19,Belmont Cragin,1,0,26,1843
19,Belmont Cragin,1,1,28,1854
19,Belmont Cragin,1,2,15,1865
19,Belmont Cragin,1,3,14,1876
19,Belmont Cragin,1,4,15,1707
19,Belmont Cragin,1,5,13,1718
19,Belmont Cragin,1,6,44,1479
19,Belmont Cragin,1,7,58,1490
19,Belmont Cragin,1,8,62,1501
19,Belmont Cragin,1,9,67,1512
19,Belmont Cragin,1,10,41,1523
19,Belmont Cragin,1,11,55,1534
19,Belmont Cragin,1,12,49,1545
19,Belmont Cragin,1,13,53,1556
19,Belmont Cragin,1,14,46,1567
19,Belmont Cragin,1,15,42,1578
19,Belmont Cragin,1,16,81,1589
19,Belmont Cragin,1,17,73,1600
19,Belmont Cragin,1,18,79,1611
19,Belmont Cragin,1,19,84,1622
19,Belmont Cragin,1,20,52,1453
19,Belmont Cragin,1,21,56,1464
19,Belmont Cragin,1,22,50,1725
19,Belmont Cragin,1,23,28,1736
19,Belmont Cragin,2,0,30,1843
19,Belmont Cragin,2,1,27,1854
19,Belmont Cragin,2,2,15,1865
19,Belmont Cragin,2,3,13,1876
19,Belmont Cragin,2,4,14,1707
19,Belmont Cragin,2,5,15,1718
19,Belmont Cragin,2,6,42,1479
19,Belmont Cragin,2,7,66,1490
19,Belmont Cragin,2,8,60,1501
19,Belmont Cragin,2,9,64,1512
19,Belmont Cragin,2,10,39,1523
19,Belmont Cragin,2,11,52,1534
19,Belmont Cragin,2,12,56,1545
19,Belmont Cragin,2,13,51,1556
19,Belmont Cragin,2,14,44,1567
19,Belmont Cragin,2,15,40,1578
19,Belmont Cragin,2,16,78,1589
19,Belmont Cragin,2,17,84,1600
19,Belmont Cragin,2,18,76,1611
19,Belmont Cragin,2,19,81,1622
19,Belmont Cragin,2,20,50,1453
19,Belmont Cragin,2,21,53,1464
19,Belmont Cragin,2,22,57,1725
19,Belmont Cragin,2,23,27,1736
19,Belmont Cragin,3,0,29,1843
19,Belmont Cragin,3,1,26,1854
19,Belmont Cragin,3,2,14,1865
19,Belmont Cragin,3,3,15,1876
19,Belmont Cragin,3,4,14,1707
19,Belmont Cragin,3,5,15,1718
19,Belmont Cragin,3,6,40,1479
19,Belmont Cragin,3,7,64,1490
19,Belmont Cragin,3,8,68,1501
19,Belmont Cragin,3,9,62,1512
19,Belmont Cragin,3,10,45,1523
19,Belmont Cragin,3,11,50,1534
19,Belmont Cragin,3,12,54,1545
19,Belmont Cragin,3,13,49,1556
19,Belmont Cragin,3,14,42,1567
19,Belmont Cragin,3,15,45,1578
19,Belmont Cragin,3,16,75,1589
19,Belmont Cragin,3,17,80,1600
19,Belmont Cragin,3,18,73,1611
19,Belmont Cragin,3,19,78,1622
19,Belmont Cragin,3,20,57,1453
19,Belmont Cragin,3,21,51,1464
19,Belmont Cragin,3,22,55,1725
19,Belmont Cragin,3,23,26,1736
19,Belmont Cragin,4,0,27,1843
19,Belmont Cragin,4,1,29,1854
19,Belmont Cragin,4,2,14,1865
19,Belmont Cragin,4,3,15,1876
19,Belmont Cragin,4,4,13,1707
19,Belmont Cragin,4,5,14,1718
19,Belmont Cragin,4,6,46,1479
19,Belmont Cragin,4,7,61,1490
19,Belmont Cragin,4,8,66,1501
19,Belmont Cragin,4,9,59,1512
19,Belmont Cragin,4,10,43,1523
19,Belmont Cragin,4,11,57,1534
19,Belmont Cragin,4,12,52,1545
19,Belmont Cragin,4,13,56,1556
19,Belmont Cragin,4,14,41,1567
19,Belmont Cragin,4,15,44,1578
19,Belmont Cragin,4,16,72,1589
19,Belmont Cragin,4,17,77,1600
19,Belmont Cragin,4,18,83,1611
19,Belmont Cragin,4,19,75,1622
19,Belmont Cragin,4,20,55,1453
19,Belmont Cragin,4,21,49,1464
19,Belmont Cragin,4,22,53,1725
19,Belmont Cragin,4,23,30,1736
19,Belmont Cragin,5,0,26,1943
19,Belmont Cragin,5,1,28,1954
19,Belmont Cragin,5,2,13,1965
19,Belmont Cragin,5,3,14,1976
19,Belmont Cragin,5,4,15,1807
19,Belmont Cragin,5,5,14,1818
19,Belmont Cragin,5,6,44,1579
19,Belmont Cragin,5,7,59,1590
19,Belmont Cragin,5,8,63,1601
19,Belmont Cragin,5,9,67,1612
19,Belmont Cragin,5,10,42,1623
19,Belmont Cragin,5,11,55,1634
19,Belmont Cragin,5,12,50,1645
19,Belmont Cragin,5,13,53,1656
19,Belmont Cragin,5,14,46,1667
19,Belmont Cragin,5,15,42,1678
19,Belmont Cragin,5,16,82,1689
19,Belmont Cragin,5,17,74,1700
19,Belmont Cragin,5,18,80,1711
19,Belmont Cragin,5,19,72,1722
19,Belmont Cragin,5,20,52,1553
19,Belmont Cragin,5,21,56,1564
19,Belmont Cragin,5,22,51,1825
19,Belmont Cragin,5,23,29,1836
19,Belmont Cragin,6,0,28,1943
19,Belmont Cragin,6,1,26,1954
19,Belmont Cragin,6,2,14,1965
19,Belmont Cragin,6,3,13,1976
19,Belmont Cragin,6,4,14,1807
19,Belmont Cragin,6,5,12,1818
19,Belmont Cragin,6,6,40,1579
19,Belmont Cragin,6,7,63,1590
19,Belmont Cragin,6,8,57,1601
19,Belmont Cragin,6,9,62,1612
19,Belmont Cragin,6,10,38,1623
19,Belmont Cragin,6,11,50,1634
19,Belmont Cragin,6,12,54,1645
19,Belmont Cragin,6,13,49,1656
19,Belmont Cragin,6,14,42,1667
19,Belmont Cragin,6,15,38,1678
19,Belmont Cragin,6,16,75,1689
19,Belmont Cragin,6,17,80,1700
19,Belmont Cragin,6,18,73,1711
19,Belmont Cragin,6,19,78,1722
19,Belmont Cragin,6,20,48,1553
19,Belmont Cragin,6,21,51,1564
19,Belmont Cragin,6,22,46,1825
19,Belmont Cragin,6,23,26,1836
20,Hermosa,0,0,19,1860
20,Hermosa,0,1,20,1871
20,Hermosa,0,2,9,1702
20,Hermosa,0,3,10,1713
20,Hermosa,0,4,9,1724
20,Hermosa,0,5,10,1735
20,Hermosa,0,6,27,1496
20,Hermosa,0,7,42,1507
20,Hermosa,0,8,45,1518
20,Hermosa,0,9,41,1529
20,Hermosa,0,10,30,1540
20,Hermosa,0,11,33,1551
20,Hermosa,0,12,36,1562
20,Hermosa,0,13,38,1573
20,Hermosa,0,14,28,1584
20,Hermosa,0,15,30,1595
20,Hermosa,0,16,50,1606
20,Hermosa,0,17,54,1617
20,Hermosa,0,18,57,1628
20,Hermosa,0,19,52,1459
20,Hermosa,0,20,38,1470
20,Hermosa,0,21,34,1481
20,Hermosa,0,22,37,1742
20,Hermosa,0,23,17,1753
20,Hermosa,1,0,19,1860
20,Hermosa,1,1,21,1871
20,Hermosa,1,2,9,1702
20,Hermosa,1,3,10,1713
20,Hermosa,1,4,11,1724
20,Hermosa,1,5,10,1735
20,Hermosa,1,6,32,1496
20,Hermosa,1,7,43,1507
20,Hermosa,1,8,46,1518
20,Hermosa,1,9,41,1529
20,Hermosa,1,10,30,1540
20,Hermosa,1,11,40,1551
20,Hermosa,1,12,36,1562
20,Hermosa,1,13,39,1573
20,Hermosa,1,14,28,1584
20,Hermosa,1,15,31,1595
20,Hermosa,1,16,60,1606
20,Hermosa,1,17,54,1617
20,Hermosa,1,18,58,1628
20,Hermosa,1,19,52,1459
20,Hermosa,1,20,38,1470
20,Hermosa,1,21,41,1481
20,Hermosa,1,22,37,1742
20,Hermosa,1,23,21,1753
20,Hermosa,2,0,18,1860
20,Hermosa,2,1,20,1871
20,Hermosa,2,2,11,1702
20,Hermosa,2,3,10,1713
20,Hermosa,2,4,10,1724
20,Hermosa,2,5,9,1735
20,Hermosa,2,6,31,1496
20,Hermosa,2,7,49,1507
20,Hermosa,2,8,44,1518
20,Hermosa,2,9,47,1529
20,Hermosa,2,10,29,1540
20,Hermosa,2,11,39,1551
20,Hermosa,2,12,35,1562
20,Hermosa,2,13,37,1573
20,Hermosa,2,14,32,1584
20,Hermosa,2,15,29,1595
20,Hermosa,2,16,57,1606
20,Hermosa,2,17,52,1617
20,Hermosa,2,18,56,1628
20,Hermosa,2,19,60,1459
20,Hermosa,2,20,37,1470
20,Hermosa,2,21,39,1481
20,Hermosa,2,22,36,1742
20,Hermosa,2,23,20,1753
20,Hermosa,3,0,21,1860
20,Hermosa,3,1,19,1871
20,Hermosa,3,2,10,1702
20,Hermosa,3,3,9,1713
20,Hermosa,3,4,10,1724
20,Hermosa,3,5,11,1735
20,Hermosa,3,6,30,1496
20,Hermosa,3,7,47,1507
20,Hermosa,3,8,42,1518
20,Hermosa,3,9,45,1529
20,Hermosa,3,10,33,1540
20,Hermosa,3,11,37,1551
20,Hermosa,3,12,40,1562
20,Hermosa,3,13,36,1573
20,Hermosa,3,14,31,1584
20,Hermosa,3,15,28,1595
20,Hermosa,3,16,55,1606
20,Hermosa,3,17,59,1617
20,Hermosa,3,18,54,1628
20,Hermosa,3,19,57,1459
20,Hermosa,3,20,35,1470
20,Hermosa,3,21,38,1481
20,Hermosa,3,22,40,1742
20,Hermosa,3,23,19,1753
20,Hermosa,4,0,20,1860
20,Hermosa,4,1,18,1871
20,Hermosa,4,2,10,1702
20,Hermosa,4,3,11,1713
20,Hermosa,4,4,10,1724
20,Hermosa,4,5,10,1735
20,Hermosa,4,6,28,1496
20,Hermosa,4,7,45,1507
20,Hermosa,4,8,48,1518
20,Hermosa,4,9,44,1529
20,Hermosa,4,10,32,1540
20,Hermosa,4,11,36,1551
20,Hermosa,4,12,38,1562
20,Hermosa,4,13,41,1573
20,Hermosa,4,14,30,1584
20,Hermosa,4,15,32,1595
20,Hermosa,4,16,53,1606
20,Hermosa,4,17,57,1617
20,Hermosa,4,18,51,1628
20,Hermosa,4,19,55,1459
20,Hermosa,4,20,40,1470
20,Hermosa,4,21,36,1481
20,Hermosa,4,22,39,1742
20,Hermosa,4,23,18,1753
20,Hermosa,5,0,19,1960
20,Hermosa,5,1,21,1971
20,Hermosa,5,2,10,1802
20,Hermosa,5,3,10,1813
20,Hermosa,5,4,9,1824
20,Hermosa,5,5,10,1835
20,Hermosa,5,6,32,1596
20,Hermosa,5,7,43,1607
20,Hermosa,5,8,46,1618
20,Hermosa,5,9,42,1629
20,Hermosa,5,10,31,1640
20,Hermosa,5,11,40,1651
20,Hermosa,5,12,37,1662
20,Hermosa,5,13,39,1673
20,Hermosa,5,14,29,1684
20,Hermosa,5,15,31,1695
20,Hermosa,5,16,60,1706
20,Hermosa,5,17,55,1717
20,Hermosa,5,18,59,1728
20,Hermosa,5,19,53,1559
20,Hermosa,5,20,39,1570
20,Hermosa,5,21,35,1581
20,Hermosa,5,22,37,1842
20,Hermosa,5,23,21,1853
20,Hermosa,6,0,18,1960
20,Hermosa,6,1,19,1971
20,Hermosa,6,2,10,1802
20,Hermosa,6,3,9,1813
20,Hermosa,6,4,10,1824
20,Hermosa,6,5,9,1835
20,Hermosa,6,6,30,1596
20,Hermosa,6,7,39,1607
20,Hermosa,6,8,42,1618
20,Hermosa,6,9,45,1629
20,Hermosa,6,10,28,1640
20,Hermosa,6,11,37,1651
20,Hermosa,6,12,33,1662
20,Hermosa,6,13,36,1673
20,Hermosa,6,14,31,1684
20,Hermosa,6,15,28,1695
20,Hermosa,6,16,55,1706
20,Hermosa,6,17,50,1717
20,Hermosa,6,18,54,1728
20,Hermosa,6,19,57,1559
20,Hermosa,6,20,35,1570
20,Hermosa,6,21,38,1581
20,Hermosa,6,22,34,1842
20,Hermosa,6,23,19,1853
21,Avondale,0,0,38,1877
21,Avondale,0,1,34,1708
21,Avondale,0,2,19,1719
21,Avondale,0,3,20,1730
21,Avondale,0,4,18,1741
21,Avondale,0,5,19,1752
21,Avondale,0,6,53,1513
21,Avondale,0,7,84,1524
21,Avondale,0,8,76,1535
21,Avondale,0,9,82,1546
21,Avondale,0,10,60,1557
21,Avondale,0,11,67,1568
21,Avondale,0,12,72,1579
21,Avondale,0,13,65,1590
21,Avondale,0,14,56,1601
21,Avondale,0,15,60,1612
21,Avondale,0,16,99,1623
21,Avondale,0,17,107,1454
21,Avondale,0,18,96,1465
21,Avondale,0,19,104,1476
21,Avondale,0,20,75,1487
21,Avondale,0,21,68,1498
21,Avondale,0,22,73,1759
21,Avondale,0,23,35,1770
21,Avondale,1,0,38,1877
21,Avondale,1,1,41,1708
21,Avondale,1,2,19,1719
21,Avondale,1,3,20,1730
21,Avondale,1,4,18,1741
21,Avondale,1,5,20,1752
21,Avondale,1,6,64,1513
21,Avondale,1,7,85,1524
21,Avondale,1,8,91,1535
21,Avondale,1,9,83,1546
21,Avondale,1,10,60,1557
21,Avondale,1,11,67,1568
21,Avondale,1,12,72,1579
21,Avondale,1,13,77,1590
21,Avondale,1,14,57,1601
21,Avondale,1,15,61,1612
21,Avondale,1,16,100,1623
21,Avondale,1,17,108,1454
21,Avondale,1,18,115,1465
21,Avondale,1,19,105,1476
21,Avondale,1,20,76,1487
21,Avondale,1,21,69,1498
21,Avondale,1,22,74,1759
21,Avondale,1,23,41,1770
21,Avondale,2,0,37,1877
21,Avondale,2,1,39,1708
21,Avondale,2,2,18,1719
21,Avondale,2,3,19,1730
21,Avondale,2,4,21,1741
21,Avondale,2,5,19,1752
21,Avondale,2,6,62,1513
21,Avondale,2,7,82,1524
21,Avondale,2,8,88,1535
21,Avondale,2,9,94,1546
21,Avondale,2,10,58,1557
21,Avondale,2,11,77,1568
21,Avondale,2,12,69,1579
21,Avondale,2,13,75,1590
21,Avondale,2,14,54,1601
21,Avondale,2,15,59,1612
21,Avondale,2,16,114,1623
21,Avondale,2,17,104,1454
21,Avondale,2,18,111,1465
21,Avondale,2,19,100,1476
21,Avondale,2,20,73,1487
21,Avondale,2,21,78,1498
21,Avondale,2,22,71,1759
21,Avondale,2,23,40,1770
21,Avondale,3,0,35,1877
21,Avondale,3,1,38,1708
21,Avondale,3,2,21,1719
21,Avondale,3,3,19,1730
21,Avondale,3,4,20,1741
21,Avondale,3,5,18,1752
21,Avondale,3,6,59,1513
21,Avondale,3,7,93,1524
21,Avondale,3,8,84,1535
21,Avondale,3,9,90,1546
21,Avondale,3,10,56,1557
21,Avondale,3,11,74,1568
21,Avondale,3,12,79,1579
21,Avondale,3,13,72,1590
21,Avondale,3,14,62,1601
21,Avondale,3,15,56,1612
21,Avondale,3,16,110,1623
21,Avondale,3,17,99,1454
21,Avondale,3,18,107,1465
21,Avondale,3,19,114,1476
21,Avondale,3,20,70,1487
21,Avondale,3,21,75,1498
21,Avondale,3,22,68,1759
21,Avondale,3,23,38,1770
21,Avondale,4,0,40,1877
21,Avondale,4,1,36,1708
21,Avondale,4,2,20,1719
21,Avondale,4,3,18,1730
21,Avondale,4,4,19,1741
21,Avondale,4,5,21,1752
21,Avondale,4,6,57,1513
21,Avondale,4,7,90,1524
21,Avondale,4,8,81,1535
21,Avondale,4,9,87,1546
21,Avondale,4,10,63,1557
21,Avondale,4,11,71,1568
21,Avondale,4,12,76,1579
21,Avondale,4,13,69,1590
21,Avondale,4,14,60,1601
21,Avondale,4,15,64,1612
21,Avondale,4,16,106,1623
21,Avondale,4,17,113,1454
21,Avondale,4,18,102,1465
21,Avondale,4,19,110,1476
21,Avondale,4,20,67,1487
21,Avondale,4,21,72,1498
21,Avondale,4,22,77,1759
21,Avondale,4,23,37,1770
21,Avondale,5,0,39,1977
21,Avondale,5,1,41,1808
21,Avondale,5,2,19,1819
21,Avondale,5,3,20,1830
21,Avondale,5,4,19,1841
21,Avondale,5,5,20,1852
21,Avondale,5,6,54,1613
21,Avondale,5,7,86,1624
21,Avondale,5,8,92,1635
21,Avondale,5,9,84,1646
21,Avondale,5,10,61,1657
21,Avondale,5,11,68,1668
21,Avondale,5,12,73,1679
21,Avondale,5,13,78,1690
21,Avondale,5,14,57,1701
21,Avondale,5,15,62,1712
21,Avondale,5,16,101,1723
21,Avondale,5,17,109,1554
21,Avondale,5,18,117,1565
21,Avondale,5,19,106,1576
21,Avondale,5,20,77,1587
21,Avondale,5,21,69,1598
21,Avondale,5,22,75,1859
21,Avondale,5,23,35,1870
21,Avondale,6,0,35,1977
21,Avondale,6,1,38,1808
21,Avondale,6,2,17,1819
21,Avondale,6,3,19,1830
21,Avondale,6,4,20,1841
21,Avondale,6,5,18,1852
21,Avondale,6,6,59,1613
21,Avondale,6,7,79,1624
21,Avondale,6,8,84,1635
21,Avondale,6,9,76,1646
21,Avondale,6,10,56,1657
21,Avondale,6,11,74,1668
21,Avondale,6,12,67,1679
21,Avondale,6,13,72,1690
21,Avondale,6,14,52,1701
21,Avondale,6,15,56,1712
21,Avondale,6,16,110,1723
21,Avondale,6,17,99,1554
21,Avondale,6,18,107,1565
21,Avondale,6,19,96,1576
21,Avondale,6,20,70,1587
21,Avondale,6,21,75,1598
21,Avondale,6,22,68,1859
21,Avondale,6,23,38,1870
22,Logan Square,0,0,79,1714
22,Logan Square,0,1,72,1725
22,Logan Square,0,2,39,1736
22,Logan Square,0,3,27,1747
22,Logan Square,0,4,29,1758
22,Logan Square,0,5,31,1769
22,Logan Square,0,6,85,1530
22,Logan Square,0,7,135,1541
22,Logan Square,0,8,122,1552
22,Logan Square,0,9,131,1563
22,Logan Square,0,10,80,1574
22,Logan Square,0,11,107,1585
22,Logan Square,0,12,114,1596
22,Logan Square,0,13,103,1607
22,Logan Square,0,14,90,1618
22,Logan Square,0,15,81,1629
22,Logan Square,0,16,159,1460
22,Logan Square,0,17,170,1471
22,Logan Square,0,18,154,1482
22,Logan Square,0,19,165,1493
22,Logan Square,0,20,184,1504
22,Logan Square,0,21,198,1515
22,Logan Square,0,22,211,1776
22,Logan Square,0,23,73,1787
22,Logan Square,1,0,61,1714
22,Logan Square,1,1,55,1725
22,Logan Square,1,2,30,1736
22,Logan Square,1,3,32,1747
22,Logan Square,1,4,29,1758
22,Logan Square,1,5,31,1769
22,Logan Square,1,6,86,1530
22,Logan Square,1,7,136,1541
22,Logan Square,1,8,146,1552
22,Logan Square,1,9,132,1563
22,Logan Square,1,10,96,1574
22,Logan Square,1,11,108,1585
22,Logan Square,1,12,116,1596
22,Logan Square,1,13,104,1607
22,Logan Square,1,14,91,1618
22,Logan Square,1,15,97,1629
22,Logan Square,1,16,161,1460
22,Logan Square,1,17,172,1471
22,Logan Square,1,18,156,1482
22,Logan Square,1,19,167,1493
22,Logan Square,1,20,168,1504
22,Logan Square,1,21,152,1515
22,Logan Square,1,22,163,1776
22,Logan Square,1,23,56,1787
22,Logan Square,2,0,59,1714
22,Logan Square,2,1,63,1725
22,Logan Square,2,2,29,1736
22,Logan Square,2,3,31,1747
22,Logan Square,2,4,28,1758
22,Logan Square,2,5,30,1769
22,Logan Square,2,6,98,1530
22,Logan Square,2,7,131,1541
22,Logan Square,2,8,140,1552
22,Logan Square,2,9,127,1563
22,Logan Square,2,10,93,1574
22,Logan Square,2,11,122,1585
22,Logan Square,2,12,111,1596
22,Logan Square,2,13,119,1607
22,Logan Square,2,14,87,1618
22,Logan Square,2,15,94,1629
22,Logan Square,2,16,154,1460
22,Logan Square,2,17,166,1471
22,Logan Square,2,18,177,1482
22,Logan Square,2,19,161,1493
22,Logan Square,2,20,161,1504
22,Logan Square,2,21,146,1515
22,Logan Square,2,22,157,1776
22,Logan Square,2,23,64,1787
22,Logan Square,3,0,56,1714
22,Logan Square,3,1,61,1725
22,Logan Square,3,2,28,1736
22,Logan Square,3,3,30,1747
22,Logan Square,3,4,32,1758
22,Logan Square,3,5,29,1769
22,Logan Square,3,6,95,1530
22,Logan Square,3,7,126,1541
22,Logan Square,3,8,135,1552
22,Logan Square,3,9,144,1563
22,Logan Square,3,10,89,1574
22,Logan Square,3,11,118,1585
22,Logan Square,3,12,107,1596
22,Logan Square,3,13,115,1607
22,Logan Square,3,14,99,1618
22,Logan Square,3,15,90,1629
22,Logan Square,3,16,176,1460
22,Logan Square,3,17,159,1471
22,Logan Square,3,18,171,1482
22,Logan Square,3,19,154,1493
22,Logan Square,3,20,155,1504
22,Logan Square,3,21,166,1515
22,Logan Square,3,22,150,1776
22,Logan Square,3,23,61,1787
22,Logan Square,4,0,64,1714
22,Logan Square,4,1,58,1725
22,Logan Square,4,2,32,1736
22,Logan Square,4,3,29,1747
22,Logan Square,4,4,31,1758
22,Logan Square,4,5,28,1769
22,Logan Square,4,6,91,1530
22,Logan Square,4,7,143,1541
22,Logan Square,4,8,130,1552
22,Logan Square,4,9,139,1563
22,Logan Square,4,10,85,1574
22,Logan Square,4,11,113,1585
22,Logan Square,4,12,121,1596
22,Logan Square,4,13,110,1607
22,Logan Square,4,14,95,1618
22,Logan Square,4,15,86,1629
22,Logan Square,4,16,169,1460
22,Logan Square,4,17,181,1471
22,Logan Square,4,18,164,1482
22,Logan Square,4,19,176,1493
22,Logan Square,4,20,149,1504
22,Logan Square,4,21,160,1515
22,Logan Square,4,22,144,1776
22,Logan Square,4,23,59,1787
22,Logan Square,5,0,174,1814
22,Logan Square,5,1,157,1825
22,Logan Square,5,2,31,1836
22,Logan Square,5,3,33,1847
22,Logan Square,5,4,30,1858
22,Logan Square,5,5,32,1869
22,Logan Square,5,6,87,1630
22,Logan Square,5,7,138,1641
22,Logan Square,5,8,124,1652
22,Logan Square,5,9,134,1663
22,Logan Square,5,10,97,1674
22,Logan Square,5,11,109,1685
22,Logan Square,5,12,117,1696
22,Logan Square,5,13,105,1707
22,Logan Square,5,14,92,1718
22,Logan Square,5,15,98,1729
22,Logan Square,5,16,162,1560
22,Logan Square,5,17,174,1571
22,Logan Square,5,18,157,1582
22,Logan Square,5,19,169,1593
22,Logan Square,5,20,169,1604
22,Logan Square,5,21,153,1615
22,Logan Square,5,22,164,1876
22,Logan Square,5,23,159,1887
22,Logan Square,6,0,209,1814
22,Logan Square,6,1,224,1825
22,Logan Square,6,2,37,1836
22,Logan Square,6,3,30,1847
22,Logan Square,6,4,27,1858
22,Logan Square,6,5,29,1869
22,Logan Square,6,6,94,1630
22,Logan Square,6,7,126,1641
22,Logan Square,6,8,135,1652
22,Logan Square,6,9,122,1663
22,Logan Square,6,10,89,1674
22,Logan Square,6,11,99,1685
22,Logan Square,6,12,107,1696
22,Logan Square,6,13,114,1707
22,Logan Square,6,14,84,1718
22,Logan Square,6,15,90,1729
22,Logan Square,6,16,148,1560
22,Logan Square,6,17,159,1571
22,Logan Square,6,18,170,1582
22,Logan Square,6,19,154,1593
22,Logan Square,6,20,204,1604
22,Logan Square,6,21,184,1615
22,Logan Square,6,22,198,1876
22,Logan Square,6,23,226,1887
23,Humboldt Park,0,0,27,1731
23,Humboldt Park,0,1,29,1742
23,Humboldt Park,0,2,16,1753
23,Humboldt Park,0,3,14,1764
23,Humboldt Park,0,4,15,1775
23,Humboldt Park,0,5,14,1786
23,Humboldt Park,0,6,45,1547
23,Humboldt Park,0,7,71,1558
23,Humboldt Park,0,8,64,1569
23,Humboldt Park,0,9,69,1580
23,Humboldt Park,0,10,42,1591
23,Humboldt Park,0,11,56,1602
23,Humboldt Park,0,12,51,1613
23,Humboldt Park,0,13,55,1624
23,Humboldt Park,0,14,47,1455
23,Humboldt Park,0,15,43,1466
23,Humboldt Park,0,16,84,1477
23,Humboldt Park,0,17,76,1488
23,Humboldt Park,0,18,81,1499
23,Humboldt Park,0,19,87,1510
23,Humboldt Park,0,20,53,1521
23,Humboldt Park,0,21,57,1532
23,Humboldt Park,0,22,52,1793
23,Humboldt Park,0,23,29,1804
23,Humboldt Park,1,0,32,1731
23,Humboldt Park,1,1,29,1742
23,Humboldt Park,1,2,16,1753
23,Humboldt Park,1,3,14,1764
23,Humboldt Park,1,4,15,1775
23,Humboldt Park,1,5,17,1786
23,Humboldt Park,1,6,46,1547
23,Humboldt Park,1,7,72,1558
23,Humboldt Park,1,8,65,1569
23,Humboldt Park,1,9,70,1580
23,Humboldt Park,1,10,51,1591
23,Humboldt Park,1,11,57,1602
23,Humboldt Park,1,12,61,1613
23,Humboldt Park,1,13,55,1624
23,Humboldt Park,1,14,48,1455
23,Humboldt Park,1,15,43,1466
23,Humboldt Park,1,16,85,1477
23,Humboldt Park,1,17,91,1488
23,Humboldt Park,1,18,82,1499
23,Humboldt Park,1,19,88,1510
23,Humboldt Park,1,20,54,1521
23,Humboldt Park,1,21,58,1532
23,Humboldt Park,1,22,62,1793
23,Humboldt Park,1,23,29,1804
23,Humboldt Park,2,0,31,1731
23,Humboldt Park,2,1,28,1742
23,Humboldt Park,2,2,15,1753
23,Humboldt Park,2,3,16,1764
23,Humboldt Park,2,4,15,1775
23,Humboldt Park,2,5,16,1786
23,Humboldt Park,2,6,44,1547
23,Humboldt Park,2,7,69,1558
23,Humboldt Park,2,8,74,1569
23,Humboldt Park,2,9,67,1580
23,Humboldt Park,2,10,49,1591
23,Humboldt Park,2,11,54,1602
23,Humboldt Park,2,12,59,1613
23,Humboldt Park,2,13,63,1624
23,Humboldt Park,2,14,46,1455
23,Humboldt Park,2,15,49,1466
23,Humboldt Park,2,16,81,1477
23,Humboldt Park,2,17,87,1488
23,Humboldt Park,2,18,79,1499
23,Humboldt Park,2,19,85,1510
23,Humboldt Park,2,20,61,1521
23,Humboldt Park,2,21,56,1532
23,Humboldt Park,2,22,60,1793
23,Humboldt Park,2,23,28,1804
23,Humboldt Park,3,0,30,1731
23,Humboldt Park,3,1,32,1742
23,Humboldt Park,3,2,15,1753
23,Humboldt Park,3,3,16,1764
23,Humboldt Park,3,4,14,1775
23,Humboldt Park,3,5,15,1786
23,Humboldt Park,3,6,50,1547
23,Humboldt Park,3,7,66,1558
23,Humboldt Park,3,8,71,1569
23,Humboldt Park,3,9,64,1580
23,Humboldt Park,3,10,47,1591
23,Humboldt Park,3,11,62,1602
23,Humboldt Park,3,12,56,1613
23,Humboldt Park,3,13,60,1624
23,Humboldt Park,3,14,44,1455
23,Humboldt Park,3,15,47,1466
23,Humboldt Park,3,16,92,1477
23,Humboldt Park,3,17,84,1488
23,Humboldt Park,3,18,90,1499
23,Humboldt Park,3,19,81,1510
23,Humboldt Park,3,20,59,1521
23,Humboldt Park,3,21,53,1532
23,Humboldt Park,3,22,57,1793
23,Humboldt Park,3,23,32,1804
23,Humboldt Park,4,0,29,1731
23,Humboldt Park,4,1,31,1742
23,Humboldt Park,4,2,17,1753
23,Humboldt Park,4,3,15,1764
23,Humboldt Park,4,4,16,1775
23,Humboldt Park,4,5,15,1786
23,Humboldt Park,4,6,48,1547
23,Humboldt Park,4,7,63,1558
23,Humboldt Park,4,8,68,1569
23,Humboldt Park,4,9,73,1580
23,Humboldt Park,4,10,45,1591
23,Humboldt Park,4,11,60,1602
23,Humboldt Park,4,12,54,1613
23,Humboldt Park,4,13,58,1624
23,Humboldt Park,4,14,50,1455
23,Humboldt Park,4,15,46,1466
23,Humboldt Park,4,16,89,1477
23,Humboldt Park,4,17,80,1488
23,Humboldt Park,4,18,86,1499
23,Humboldt Park,4,19,92,1510
23,Humboldt Park,4,20,57,1521
23,Humboldt Park,4,21,61,1532
23,Humboldt Park,4,22,55,1793
23,Humboldt Park,4,23,31,1804
23,Humboldt Park,5,0,32,1831
23,Humboldt Park,5,1,29,1842
23,Humboldt Park,5,2,16,1853
23,Humboldt Park,5,3,15,1864
23,Humboldt Park,5,4,16,1875
23,Humboldt Park,5,5,17,1886
23,Humboldt Park,5,6,46,1647
23,Humboldt Park,5,7,72,1658
23,Humboldt Park,5,8,66,1669
23,Humboldt Park,5,9,70,1680
23,Humboldt Park,5,10,43,1691
23,Humboldt Park,5,11,57,1702
23,Humboldt Park,5,12,61,1713
23,Humboldt Park,5,13,56,1724
23,Humboldt Park,5,14,48,1555
23,Humboldt Park,5,15,44,1566
23,Humboldt Park,5,16,86,1577
23,Humboldt Park,5,17,92,1588
23,Humboldt Park,5,18,83,1599
23,Humboldt Park,5,19,89,1610
23,Humboldt Park,5,20,54,1621
23,Humboldt Park,5,21,59,1632
23,Humboldt Park,5,22,63,1893
23,Humboldt Park,5,23,30,1904
23,Humboldt Park,6,0,30,1831
23,Humboldt Park,6,1,27,1842
23,Humboldt Park,6,2,15,1853
23,Humboldt Park,6,3,16,1864
23,Humboldt Park,6,4,14,1875
23,Humboldt Park,6,5,15,1886
23,Humboldt Park,6,6,42,1647
23,Humboldt Park,6,7,66,1658
23,Humboldt Park,6,8,71,1669
23,Humboldt Park,6,9,64,1680
23,Humboldt Park,6,10,47,1691
23,Humboldt Park,6,11,52,1702
23,Humboldt Park,6,12,56,1713
23,Humboldt Park,6,13,51,1724
23,Humboldt Park,6,14,44,1555
23,Humboldt Park,6,15,47,1566
23,Humboldt Park,6,16,78,1577
23,Humboldt Park,6,17,84,1588
23,Humboldt Park,6,18,76,1599
23,Humboldt Park,6,19,81,1610
23,Humboldt Park,6,20,59,1621
23,Humboldt Park,6,21,53,1632
23,Humboldt Park,6,22,57,1893
23,Humboldt Park,6,23,27,1904
24,West Town,0,0,90,1748
24,West Town,0,1,97,1759
24,West Town,0,2,45,1770
24,West Town,0,3,36,1781
24,West Town,0,4,39,1792
24,West Town,0,5,35,1803
24,West Town,0,6,115,1564
24,West Town,0,7,153,1575
24,West Town,0,8,164,1586
24,West Town,0,9,175,1597
24,West Town,0,10,108,1608
24,West Town,0,11,143,1619
24,West Town,0,12,130,1450
24,West Town,0,13,139,1461
24,West Town,0,14,102,1472
24,West Town,0,15,109,1483
24,West Town,0,16,214,1494
24,West Town,0,17,193,1505
24,West Town,0,18,207,1516
24,West Town,0,19,187,1527
24,West Town,0,20,248,1538
24,West Town,0,21,265,1549
24,West Town,0,22,241,1810
24,West Town,0,23,98,1821
24,West Town,1,0,69,1748
24,West Town,1,1,74,1759
24,West Town,1,2,41,1770
24,West Town,1,3,37,1781
24,West Town,1,4,39,1792
24,West Town,1,5,36,1803
24,West Town,1,6,116,1564
24,West Town,1,7,183,1575
24,West Town,1,8,166,1586
24,West Town,1,9,178,1597
24,West Town,1,10,109,1608
24,West Town,1,11,145,1619
24,West Town,1,12,155,1450
24,West Town,1,13,141,1461
24,West Town,1,14,122,1472
24,West Town,1,15,110,1483
24,West Town,1,16,216,1494
24,West Town,1,17,195,1505
24,West Town,1,18,210,1516
24,West Town,1,19,225,1527
24,West Town,1,20,190,1538
24,West Town,1,21,204,1549
24,West Town,1,22,184,1810
24,West Town,1,23,75,1821
24,West Town,2,0,79,1748
24,West Town,2,1,71,1759
24,West Town,2,2,39,1770
24,West Town,2,3,35,1781
24,West Town,2,4,38,1792
24,West Town,2,5,41,1803
24,West Town,2,6,112,1564
24,West Town,2,7,176,1575
24,West Town,2,8,159,1586
24,West Town,2,9,171,1597
24,West Town,2,10,124,1608
24,West Town,2,11,139,1619
24,West Town,2,12,149,1450
24,West Town,2,13,135,1461
24,West Town,2,14,117,1472
24,West Town,2,15,126,1483
24,West Town,2,16,208,1494
24,West Town,2,17,223,1505
24,West Town,2,18,201,1516
24,West Town,2,19,216,1527
24,West Town,2,20,182,1538
24,West Town,2,21,196,1549
24,West Town,2,22,210,1810
24,West Town,2,23,72,1821
24,West Town,3,0,76,1748
24,West Town,3,1,81,1759
24,West Town,3,2,38,1770
24,West Town,3,3,40,1781
24,West Town,3,4,36,1792
24,West Town,3,5,39,1803
24,West Town,3,6,107,1564
24,West Town,3,7,169,1575
24,West Town,3,8,181,1586
24,West Town,3,9,164,1597
24,West Town,3,10,120,1608
24,West Town,3,11,134,1619
24,West Town,3,12,144,1450
24,West Town,3,13,154,1461
24,West Town,3,14,113,1472
24,West Town,3,15,121,1483
24,West Town,3,16,199,1494
24,West Town,3,17,214,1505
24,West Town,3,18,229,1516
24,West Town,3,19,208,1527
24,West Town,3,20,208,1538
24,West Town,3,21,188,1549
24,West Town,3,22,202,1810
24,West Town,3,23,69,1821
24,West Town,4,0,73,1748
24,West Town,4,1,78,1759
24,West Town,4,2,36,1770
24,West Town,4,3,39,1781
24,West Town,4,4,41,1792
24,West Town,4,5,38,1803
24,West Town,4,6,122,1564
24,West Town,4,7,162,1575
24,West Town,4,8,174,1586
24,West Town,4,9,157,1597
24,West Town,4,10,115,1608
24,West Town,4,11,152,1619
24,West Town,4,12,138,1450
24,West Town,4,13,148,1461
24,West Town,4,14,108,1472
24,West Town,4,15,116,1483
24,West Town,4,16,227,1494
24,West Town,4,17,206,1505
24,West Town,4,18,221,1516
24,West Town,4,19,199,1527
24,West Town,4,20,200,1538
24,West Town,4,21,214,1549
24,West Town,4,22,194,1810
24,West Town,4,23,79,1821
24,West Town,5,0,197,1848
24,West Town,5,1,212,1859
24,West Town,5,2,41,1870
24,West Town,5,3,37,1881
24,West Town,5,4,40,1892
24,West Town,5,5,36,1903
24,West Town,5,6,117,1664
24,West Town,5,7,185,1675
24,West Town,5,8,168,1686
24,West Town,5,9,180,1697
24,West Town,5,10,110,1708
24,West Town,5,11,147,1719
24,West Town,5,12,132,1550
24,West Town,5,13,142,1561
24,West Town,5,14,123,1572
24,West Town,5,15,112,1583
24,West Town,5,16,218,1594
24,West Town,5,17,197,1605
24,West Town,5,18,212,1616
24,West Town,5,19,227,1627
24,West Town,5,20,192,1638
24,West Town,5,21,206,1649
24,West Town,5,22,186,1910
24,West Town,5,23,214,1921
24,West Town,6,0,281,1848
24,West Town,6,1,254,1859
24,West Town,6,2,49,1870
24,West Town,6,3,34,1881
24,West Town,6,4,36,1892
24,West Town,6,5,39,1903
24,West Town,6,6,107,1664
24,West Town,6,7,169,1675
24,West Town,6,8,153,1686
24,West Town,6,9,164,1697
24,West Town,6,10,119,1708
24,West Town,6,11,134,1719
24,West Town,6,12,143,1550
24,West Town,6,13,130,1561
24,West Town,6,14,113,1572
24,West Town,6,15,102,1583
24,West Town,6,16,199,1594
24,West Town,6,17,214,1605
24,West Town,6,18,193,1616
24,West Town,6,19,207,1627
24,West Town,6,20,231,1638
24,West Town,6,21,248,1649
24,West Town,6,22,265,1910
24,West Town,6,23,257,1921
25,Austin,0,0,32,1765
25,Austin,0,1,35,1776
25,Austin,0,2,16,1787
25,Austin,0,3,17,1798
25,Austin,0,4,15,1809
25,Austin,0,5,17,1820
25,Austin,0,6,54,1581
25,Austin,0,7,72,1592
25,Austin,0,8,77,1603
25,Austin,0,9,70,1614
25,Austin,0,10,51,1625
25,Austin,0,11,67,1456
25,Austin,0,12,61,1467
25,Austin,0,13,65,1478
25,Austin,0,14,48,1489
25,Austin,0,15,51,1500
25,Austin,0,16,85,1511
25,Austin,0,17,91,1522
25,Austin,0,18,97,1533
25,Austin,0,19,88,1544
25,Austin,0,20,64,1555
25,Austin,0,21,58,1566
25,Austin,0,22,62,1827
25,Austin,0,23,35,1838
25,Austin,1,0,33,1765
25,Austin,1,1,35,1776
25,Austin,1,2,16,1787
25,Austin,1,3,17,1798
25,Austin,1,4,19,1809
25,Austin,1,5,17,1820
25,Austin,1,6,55,1581
25,Austin,1,7,73,1592
25,Austin,1,8,78,1603
25,Austin,1,9,83,1614
25,Austin,1,10,51,1625
25,Austin,1,11,68,1456
25,Austin,1,12,62,1467
25,Austin,1,13,66,1478
25,Austin,1,14,57,1489
25,Austin,1,15,52,1500
25,Austin,1,16,102,1511
25,Austin,1,17,92,1522
25,Austin,1,18,99,1533
25,Austin,1,19,89,1544
25,Austin,1,20,65,1555
25,Austin,1,21,69,1566
25,Austin,1,22,63,1827
25,Austin,1,23,35,1838
25,Austin,2,0,37,1765
25,Austin,2,1,34,1776
25,Austin,2,2,18,1787
25,Austin,2,3,17,1798
25,Austin,2,4,18,1809
25,Austin,2,5,16,1820
25,Austin,2,6,53,1581
25,Austin,2,7,83,1592
25,Austin,2,8,75,1603
25,Austin,2,9,80,1614
25,Austin,2,10,49,1625
25,Austin,2,11,66,1456
25,Austin,2,12,70,1467
25,Austin,2,13,64,1478
25,Austin,2,14,55,1489
25,Austin,2,15,50,1500
25,Austin,2,16,98,1511
25,Austin,2,17,104,1522
25,Austin,2,18,95,1533
25,Austin,2,19,102,1544
25,Austin,2,20,62,1555
25,Austin,2,21,67,1566
25,Austin,2,22,60,1827
25,Austin,2,23,34,1838
25,Austin,3,0,36,1765
25,Austin,3,1,32,1776
25,Austin,3,2,18,1787
25,Austin,3,3,19,1798
25,Austin,3,4,17,1809
25,Austin,3,5,18,1820
25,Austin,3,6,50,1581
25,Austin,3,7,80,1592
25,Austin,3,8,72,1603
25,Austin,3,9,77,1614
25,Austin,3,10,56,1625
25,Austin,3,11,63,1456
25,Austin,3,12,67,1467
25,Austin,3,13,61,1478
25,Austin,3,14,53,1489
25,Austin,3,15,57,1500
25,Austin,3,16,94,1511
25,Austin,3,17,101,1522
25,Austin,3,18,91,1533
25,Austin,3,19,98,1544
25,Austin,3,20,71,1555
25,Austin,3,21,64,1566
25,Austin,3,22,69,1827
25,Austin,3,23,33,1838
25,Austin,4,0,34,1765
25,Austin,4,1,37,1776
25,Austin,4,2,17,1787
25,Austin,4,3,18,1798
25,Austin,4,4,16,1809
25,Austin,4,5,18,1820
25,Austin,4,6,57,1581
25,Austin,4,7,76,1592
25,Austin,4,8,82,1603
25,Austin,4,9,74,1614
25,Austin,4,10,54,1625
25,Austin,4,11,60,1456
25,Austin,4,12,65,1467
25,Austin,4,13,69,1478
25,Austin,4,14,51,1489
25,Austin,4,15,55,1500
25,Austin,4,16,90,1511
25,Austin,4,17,97,1522
25,Austin,4,18,103,1533
25,Austin,4,19,94,1544
25,Austin,4,20,68,1555
25,Austin,4,21,62,1566
25,Austin,4,22,66,1827
25,Austin,4,23,37,1838
25,Austin,5,0,33,1865
25,Austin,5,1,35,1876
25,Austin,5,2,16,1887
25,Austin,5,3,17,1898
25,Austin,5,4,19,1909
25,Austin,5,5,17,1920
25,Austin,5,6,55,1681
25,Austin,5,7,73,1692
25,Austin,5,8,79,1703
25,Austin,5,9,84,1714
25,Austin,5,10,52,1725
25,Austin,5,11,69,1556
25,Austin,5,12,62,1567
25,Austin,5,13,67,1578
25,Austin,5,14,49,1589
25,Austin,5,15,53,1600
25,Austin,5,16,103,1611
25,Austin,5,17,93,1622
25,Austin,5,18,100,1633
25,Austin,5,19,90,1644
25,Austin,5,20,66,1655
25,Austin,5,21,70,1666
25,Austin,5,22,64,1927
25,Austin,5,23,36,1938
25,Austin,6,0,30,1865
25,Austin,6,1,32,1876
25,Austin,6,2,18,1887
25,Austin,6,3,16,1898
25,Austin,6,4,17,1909
25,Austin,6,5,15,1920
25,Austin,6,6,50,1681
25,Austin,6,7,79,1692
25,Austin,6,8,72,1703
25,Austin,6,9,77,1714
25,Austin,6,10,47,1725
25,Austin,6,11,63,1556
25,Austin,6,12,67,1567
25,Austin,6,13,61,1578
25,Austin,6,14,53,1589
25,Austin,6,15,48,1600
25,Austin,6,16,94,1611
25,Austin,6,17,85,1622
25,Austin,6,18,91,1633
25,Austin,6,19,97,1644
25,Austin,6,20,60,1655
25,Austin,6,21,64,1666
25,Austin,6,22,58,1927
25,Austin,6,23,33,1938
26,West Garfield Park,0,0,18,1782
26,West Garfield Park,0,1,16,1793
26,West Garfield Park,0,2,9,1804
26,West Garfield Park,0,3,9,1815
26,West Garfield Park,0,4,9,1826
26,West Garfield Park,0,5,9,1837
26,West Garfield Park,0,6,25,1598
26,West Garfield Park,0,7,40,1609
26,West Garfield Park,0,8,43,1620
26,West Garfield Park,0,9,39,1451
26,West Garfield Park,0,10,28,1462
26,West Garfield Park,0,11,32,1473
26,West Garfield Park,0,12,34,1484
26,West Garfield Park,0,13,36,1495
26,West Garfield Park,0,14,27,1506
26,West Garfield Park,0,15,28,1517
26,West Garfield Park,0,16,47,1528
26,West Garfield Park,0,17,50,1539
26,West Garfield Park,0,18,46,1550
26,West Garfield Park,0,19,49,1561
26,West Garfield Park,0,20,36,1572
26,West Garfield Park,0,21,32,1583
26,West Garfield Park,0,22,35,1844
26,West Garfield Park,0,23,16,1855
26,West Garfield Park,1,0,18,1782
26,West Garfield Park,1,1,19,1793
26,West Garfield Park,1,2,9,1804
26,West Garfield Park,1,3,10,1815
26,West Garfield Park,1,4,9,1826
26,West Garfield Park,1,5,9,1837
26,West Garfield Park,1,6,30,1598
26,West Garfield Park,1,7,40,1609
26,West Garfield Park,1,8,43,1620
26,West Garfield Park,1,9,39,1451
26,West Garfield Park,1,10,29,1462
26,West Garfield Park,1,11,38,1473
26,West Garfield Park,1,12,34,1484
26,West Garfield Park,1,13,37,1495
26,West Garfield Park,1,14,27,1506
26,West Garfield Park,1,15,29,1517
26,West Garfield Park,1,16,56,1528
26,West Garfield Park,1,17,51,1539
26,West Garfield Park,1,18,55,1550
26,West Garfield Park,1,19,49,1561
26,West Garfield Park,1,20,36,1572
26,West Garfield Park,1,21,32,1583
26,West Garfield Park,1,22,35,1844
26,West Garfield Park,1,23,20,1855
26,West Garfield Park,2,0,17,1782
26,West Garfield Park,2,1,19,1793
26,West Garfield Park,2,2,10,1804
26,West Garfield Park,2,3,9,1815
26,West Garfield Park,2,4,10,1826
26,West Garfield Park,2,5,9,1837
26,West Garfield Park,2,6,29,1598
26,West Garfield Park,2,7,39,1609
26,West Garfield Park,2,8,42,1620
26,West Garfield Park,2,9,45,1451
26,West Garfield Park,2,10,27,1462
26,West Garfield Park,2,11,36,1473
26,West Garfield Park,2,12,33,1484
26,West Garfield Park,2,13,35,1495
26,West Garfield Park,2,14,31,1506
26,West Garfield Park,2,15,28,1517
26,West Garfield Park,2,16,54,1528
26,West Garfield Park,2,17,49,1539
26,West Garfield Park,2,18,53,1550
26,West Garfield Park,2,19,56,1561
26,West Garfield Park,2,20,35,1572
26,West Garfield Park,2,21,37,1583
26,West Garfield Park,2,22,34,1844
26,West Garfield Park,2,23,19,1855
26,West Garfield Park,3,0,20,1782
26,West Garfield Park,3,1,18,1793
26,West Garfield Park,3,2,10,1804
26,West Garfield Park,3,3,9,1815
26,West Garfield Park,3,4,10,1826
26,West Garfield Park,3,5,10,1837
26,West Garfield Park,3,6,28,1598
26,West Garfield Park,3,7,44,1609
26,West Garfield Park,3,8,40,1620
26,West Garfield Park,3,9,43,1451
26,West Garfield Park,3,10,26,1462
26,West Garfield Park,3,11,35,1473
26,West Garfield Park,3,12,37,1484
26,West Garfield Park,3,13,34,1495
26,West Garfield Park,3,14,29,1506
26,West Garfield Park,3,15,27,1517
26,West Garfield Park,3,16,52,1528
26,West Garfield Park,3,17,56,1539
26,West Garfield Park,3,18,51,1550
26,West Garfield Park,3,19,54,1561
26,West Garfield Park,3,20,33,1572
26,West Garfield Park,3,21,36,1583
26,West Garfield Park,3,22,38,1844
26,West Garfield Park,3,23,18,1855
26,West Garfield Park,4,0,19,1782
26,West Garfield Park,4,1,17,1793
26,West Garfield Park,4,2,9,1804
26,West Garfield Park,4,3,10,1815
26,West Garfield Park,4,4,9,1826
26,West Garfield Park,4,5,10,1837
26,West Garfield Park,4,6,27,1598
26,West Garfield Park,4,7,42,1609
26,West Garfield Park,4,8,45,1620
26,West Garfield Park,4,9,41,1451
26,West Garfield Park,4,10,30,1462
26,West Garfield Park,4,11,34,1473
26,West Garfield Park,4,12,36,1484
26,West Garfield Park,4,13,32,1495
26,West Garfield Park,4,14,28,1506
26,West Garfield Park,4,15,30,1517
26,West Garfield Park,4,16,50,1528
26,West Garfield Park,4,17,54,1539
26,West Garfield Park,4,18,48,1550
26,West Garfield Park,4,19,52,1561
26,West Garfield Park,4,20,38,1572
26,West Garfield Park,4,21,34,1583
26,West Garfield Park,4,22,37,1844
26,West Garfield Park,4,23,17,1855
26,West Garfield Park,5,0,18,1882
26,West Garfield Park,5,1,20,1893
26,West Garfield Park,5,2,9,1904
26,West Garfield Park,5,3,10,1915
26,West Garfield Park,5,4,9,1926
26,West Garfield Park,5,5,9,1937
26,West Garfield Park,5,6,31,1698
26,West Garfield Park,5,7,41,1709
26,West Garfield Park,5,8,44,1720
26,West Garfield Park,5,9,39,1551
26,West Garfield Park,5,10,29,1562
26,West Garfield Park,5,11,38,1573
26,West Garfield Park,5,12,35,1584
26,West Garfield Park,5,13,37,1595
26,West Garfield Park,5,14,27,1606
26,West Garfield Park,5,15,29,1617
26,West Garfield Park,5,16,48,1628
26,West Garfield Park,5,17,52,1639
26,West Garfield Park,5,18,55,1650
26,West Garfield Park,5,19,50,1661
26,West Garfield Park,5,20,36,1672
26,West Garfield Park,5,21,33,1683
26,West Garfield Park,5,22,35,1944
26,West Garfield Park,5,23,20,1955
26,West Garfield Park,6,0,17,1882
26,West Garfield Park,6,1,18,1893
26,West Garfield Park,6,2,8,1904
26,West Garfield Park,6,3,9,1915
26,West Garfield Park,6,4,9,1926
26,West Garfield Park,6,5,9,1937
26,West Garfield Park,6,6,28,1698
26,West Garfield Park,6,7,37,1709
26,West Garfield Park,6,8,40,1720
26,West Garfield Park,6,9,43,1551
26,West Garfield Park,6,10,26,1562
26,West Garfield Park,6,11,35,1573
26,West Garfield Park,6,12,32,1584
26,West Garfield Park,6,13,34,1595
26,West Garfield Park,6,14,29,1606
26,West Garfield Park,6,15,27,1617
26,West Garfield Park,6,16,52,1628
26,West Garfield Park,6,17,47,1639
26,West Garfield Park,6,18,50,1650
26,West Garfield Park,6,19,46,1661
26,West Garfield Park,6,20,33,1672
26,West Garfield Park,6,21,36,1683
26,West Garfield Park,6,22,32,1944
26,West Garfield Park,6,23,18,1955
27,East Garfield Park,0,0,20,1799
27,East Garfield Park,0,1,18,1810
27,East Garfield Park,0,2,10,1821
27,East Garfield Park,0,3,9,1832
27,East Garfield Park,0,4,9,1843
27,East Garfield Park,0,5,10,1854
27,East Garfield Park,0,6,28,1615
27,East Garfield Park,0,7,44,1626
27,East Garfield Park,0,8,40,1457
27,East Garfield Park,0,9,43,1468
27,East Garfield Park,0,10,31,1479
27,East Garfield Park,0,11,35,1490
27,East Garfield Park,0,12,37,1501
27,East Garfield Park,0,13,34,1512
27,East Garfield Park,0,14,29,1523
27,East Garfield Park,0,15,31,1534
27,East Garfield Park,0,16,52,1545
27,East Garfield Park,0,17,56,1556
27,East Garfield Park,0,18,50,1567
27,East Garfield Park,0,19,54,1578
27,East Garfield Park,0,20,33,1589
27,East Garfield Park,0,21,36,1600
27,East Garfield Park,0,22,38,1861
27,East Garfield Park,0,23,18,1872
27,East Garfield Park,1,0,20,1799
27,East Garfield Park,1,1,21,1810
27,East Garfield Park,1,2,10,1821
27,East Garfield Park,1,3,11,1832
27,East Garfield Park,1,4,10,1843
27,East Garfield Park,1,5,10,1854
27,East Garfield Park,1,6,28,1615
27,East Garfield Park,1,7,45,1626
27,East Garfield Park,1,8,48,1457
27,East Garfield Park,1,9,43,1468
27,East Garfield Park,1,10,32,1479
27,East Garfield Park,1,11,35,1490
27,East Garfield Park,1,12,38,1501
27,East Garfield Park,1,13,40,1512
27,East Garfield Park,1,14,30,1523
27,East Garfield Park,1,15,32,1534
27,East Garfield Park,1,16,52,1545
27,East Garfield Park,1,17,56,1556
27,East Garfield Park,1,18,60,1567
27,East Garfield Park,1,19,55,1578
27,East Garfield Park,1,20,40,1589
27,East Garfield Park,1,21,36,1600
27,East Garfield Park,1,22,39,1861
27,East Garfield Park,1,23,18,1872
27,East Garfield Park,2,0,19,1799
27,East Garfield Park,2,1,21,1810
27,East Garfield Park,2,2,9,1821
27,East Garfield Park,2,3,10,1832
27,East Garfield Park,2,4,11,1843
27,East Garfield Park,2,5,10,1854
27,East Garfield Park,2,6,32,1615
27,East Garfield Park,2,7,43,1626
27,East Garfield Park,2,8,46,1457
27,East Garfield Park,2,9,41,1468
27,East Garfield Park,2,10,30,1479
27,East Garfield Park,2,11,40,1490
27,East Garfield Park,2,12,36,1501
27,East Garfield Park,2,13,39,1512
27,East Garfield Park,2,14,28,1523
27,East Garfield Park,2,15,31,1534
27,East Garfield Park,2,16,60,1545
27,East Garfield Park,2,17,54,1556
27,East Garfield Park,2,18,58,1567
27,East Garfield Park,2,19,52,1578
27,East Garfield Park,2,20,38,1589
27,East Garfield Park,2,21,41,1600
27,East Garfield Park,2,22,37,1861
27,East Garfield Park,2,23,21,1872
27,East Garfield Park,3,0,18,1799
27,East Garfield Park,3,1,20,1810
27,East Garfield Park,3,2,11,1821
27,East Garfield Park,3,3,10,1832
27,East Garfield Park,3,4,10,1843
27,East Garfield Park,3,5,9,1854
27,East Garfield Park,3,6,31,1615
27,East Garfield Park,3,7,49,1626
27,East Garfield Park,3,8,44,1457
27,East Garfield Park,3,9,47,1468
27,East Garfield Park,3,10,29,1479
27,East Garfield Park,3,11,39,1490
27,East Garfield Park,3,12,35,1501
27,East Garfield Park,3,13,37,1512
27,East Garfield Park,3,14,32,1523
27,East Garfield Park,3,15,29,1534
27,East Garfield Park,3,16,57,1545
27,East Garfield Park,3,17,52,1556
27,East Garfield Park,3,18,56,1567
27,East Garfield Park,3,19,60,1578
27,East Garfield Park,3,20,37,1589
27,East Garfield Park,3,21,39,1600
27,East Garfield Park,3,22,36,1861
27,East Garfield Park,3,23,20,1872
27,East Garfield Park,4,0,21,1799
27,East Garfield Park,4,1,19,1810
27,East Garfield Park,4,2,10,1821
27,East Garfield Park,4,3,9,1832
27,East Garfield Park,4,4,10,1843
27,East Garfield Park,4,5,11,1854
27,East Garfield Park,4,6,30,1615
27,East Garfield Park,4,7,47,1626
27,East Garfield Park,4,8,42,1457
27,East Garfield Park,4,9,45,1468
27,East Garfield Park,4,10,33,1479
27,East Garfield Park,4,11,37,1490
27,East Garfield Park,4,12,40,1501
27,East Garfield Park,4,13,36,1512
27,East Garfield Park,4,14,31,1523
27,East Garfield Park,4,15,28,1534
27,East Garfield Park,4,16,55,1545
27,East Garfield Park,4,17,59,1556
27,East Garfield Park,4,18,54,1567
27,East Garfield Park,4,19,57,1578
27,East Garfield Park,4,20,35,1589
27,East Garfield Park,4,21,38,1600
27,East Garfield Park,4,22,40,1861
27,East Garfield Park,4,23,19,1872
27,East Garfield Park,5,0,20,1899
27,East Garfield Park,5,1,18,1910
27,East Garfield Park,5,2,10,1921
27,East Garfield Park,5,3,11,1932
27,East Garfield Park,5,4,10,1943
27,East Garfield Park,5,5,10,1954
27,East Garfield Park,5,6,28,1715
27,East Garfield Park,5,7,45,1726
27,East Garfield Park,5,8,48,1557
27,East Garfield Park,5,9,44,1568
27,East Garfield Park,5,10,32,1579
27,East Garfield Park,5,11,36,1590
27,East Garfield Park,5,12,38,1601
27,East Garfield Park,5,13,41,1612
27,East Garfield Park,5,14,30,1623
27,East Garfield Park,5,15,32,1634
27,East Garfield Park,5,16,53,1645
27,East Garfield Park,5,17,57,1656
27,East Garfield Park,5,18,51,1667
27,East Garfield Park,5,19,55,1678
27,East Garfield Park,5,20,40,1689
27,East Garfield Park,5,21,36,1700
27,East Garfield Park,5,22,39,1961
27,East Garfield Park,5,23,18,1972
27,East Garfield Park,6,0,18,1899
27,East Garfield Park,6,1,20,1910
27,East Garfield Park,6,2,9,1921
27,East Garfield Park,6,3,10,1932
27,East Garfield Park,6,4,9,1943
27,East Garfield Park,6,5,9,1954
27,East Garfield Park,6,6,31,1715
27,East Garfield Park,6,7,41,1726
27,East Garfield Park,6,8,44,1557
27,East Garfield Park,6,9,40,1568
27,East Garfield Park,6,10,29,1579
27,East Garfield Park,6,11,38,1590
27,East Garfield Park,6,12,35,1601
27,East Garfield Park,6,13,37,1612
27,East Garfield Park,6,14,27,1623
27,East Garfield Park,6,15,29,1634
27,East Garfield Park,6,16,57,1645
27,East Garfield Park,6,17,52,1656
27,East Garfield Park,6,18,56,1667
27,East Garfield Park,6,19,50,1678
27,East Garfield Park,6,20,37,1689
27,East Garfield Park,6,21,33,1700
27,East Garfield Park,6,22,36,1961
27,East Garfield Park,6,23,20,1972
28,Near West Side,0,0,85,2016
28,Near West Side,0,1,77,2027
28,Near West Side,0,2,42,2038
28,Near West Side,0,3,38,2049
28,Near West Side,0,4,41,2060
28,Near West Side,0,5,37,2071
28,Near West Side,0,6,121,1652
28,Near West Side,0,7,144,1663
28,Near West Side,0,8,131,1674
28,Near West Side,0,9,140,1685
28,Near West Side,0,10,86,1696
28,Near West Side,0,11,142,1707
28,Near West Side,0,12,151,1718
28,Near West Side,0,13,137,1729
28,Near West Side,0,14,96,1740
28,Near West Side,0,15,87,1751
28,Near West Side,0,16,170,1762
28,Near West Side,0,17,182,1773
28,Near West Side,0,18,218,1784
28,Near West Side,0,19,234,1795
28,Near West Side,0,20,143,1806
28,Near West Side,0,21,154,1817
28,Near West Side,0,22,139,2078
28,Near West Side,0,23,78,1909
28,Near West Side,1,0,86,2016
28,Near West Side,1,1,78,2027
28,Near West Side,1,2,43,2038
28,Near West Side,1,3,46,2049
28,Near West Side,1,4,41,2060
28,Near West Side,1,5,44,2071
28,Near West Side,1,6,122,1652
28,Near West Side,1,7,254,1663
28,Near West Side,1,8,230,1674
28,Near West Side,1,9,247,1685
28,Near West Side,1,10,136,1696
28,Near West Side,1,11,189,1707
28,Near West Side,1,12,202,1718
28,Near West Side,1,13,183,1729
28,Near West Side,1,14,129,1740
28,Near West Side,1,15,138,1751
28,Near West Side,1,16,227,1762
28,Near West Side,1,17,244,1773
28,Near West Side,1,18,220,1784
28,Near West Side,1,19,237,1795
28,Near West Side,1,20,171,1806
28,Near West Side,1,21,156,1817
28,Near West Side,1,22,167,2078
28,Near West Side,1,23,79,1909
28,Near West Side,2,0,83,2016
28,Near West Side,2,1,89,2027
28,Near West Side,2,2,41,2038
28,Near West Side,2,3,44,2049
28,Near West Side,2,4,40,2060
28,Near West Side,2,5,43,2071
28,Near West Side,2,6,139,1652
28,Near West Side,2,7,244,1663
28,Near West Side,2,8,262,1674
28,Near West Side,2,9,237,1685
28,Near West Side,2,10,131,1696
28,Near West Side,2,11,181,1707
28,Near West Side,2,12,195,1718
28,Near West Side,2,13,208,1729
28,Near West Side,2,14,123,1740
28,Near West Side,2,15,132,1751
28,Near West Side,2,16,218,1762
28,Near West Side,2,17,234,1773
28,Near West Side,2,18,251,1784
28,Near West Side,2,19,227,1795
28,Near West Side,2,20,165,1806
28,Near West Side,2,21,149,1817
28,Near West Side,2,22,160,2078
28,Near West Side,2,23,90,1909
28,Near West Side,3,0,80,2016
28,Near West Side,3,1,86,2027
28,Near West Side,3,2,39,2038
28,Near West Side,3,3,42,2049
28,Near West Side,3,4,45,2060
28,Near West Side,3,5,41,2071
28,Near West Side,3,6,134,1652
28,Near West Side,3,7,235,1663
28,Near West Side,3,8,252,1674
28,Near West Side,3,9,269,1685
28,Near West Side,3,10,126,1696
28,Near West Side,3,11,206,1707
28,Near West Side,3,12,187,1718
28,Near West Side,3,13,200,1729
28,Near West Side,3,14,118,1740
28,Near West Side,3,15,127,1751
28,Near West Side,3,16,248,1762
28,Near West Side,3,17,225,1773
28,Near West Side,3,18,241,1784
28,Near West Side,3,19,218,1795
28,Near West Side,3,20,159,1806
28,Near West Side,3,21,170,1817
28,Near West Side,3,22,154,2078
28,Near West Side,3,23,86,1909
28,Near West Side,4,0,77,2016
28,Near West Side,4,1,82,2027
28,Near West Side,4,2,45,2038
28,Near West Side,4,3,41,2049
28,Near West Side,4,4,44,2060
28,Near West Side,4,5,39,2071
28,Near West Side,4,6,129,1652
28,Near West Side,4,7,267,1663
28,Near West Side,4,8,242,1674
28,Near West Side,4,9,259,1685
28,Near West Side,4,10,121,1696
28,Near West Side,4,11,199,1707
28,Near West Side,4,12,212,1718
28,Near West Side,4,13,193,1729
28,Near West Side,4,14,135,1740
28,Near West Side,4,15,122,1751
28,Near West Side,4,16,239,1762
28,Near West Side,4,17,216,1773
28,Near West Side,4,18,232,1784
28,Near West Side,4,19,248,1795
28,Near West Side,4,20,152,1806
28,Near West Side,4,21,164,1817
28,Near West Side,4,22,148,2078
28,Near West Side,4,23,83,1909
28,Near West Side,5,0,87,2116
28,Near West Side,5,1,79,2127
28,Near West Side,5,2,43,2138
28,Near West Side,5,3,39,2149
28,Near West Side,5,4,42,2160
28,Near West Side,5,5,45,2171
28,Near West Side,5,6,123,1752
28,Near West Side,5,7,257,1763
28,Near West Side,5,8,232,1774
28,Near West Side,5,9,249,1785
28,Near West Side,5,10,138,1796
28,Near West Side,5,11,191,1807
28,Near West Side,5,12,204,1818
28,Near West Side,5,13,185,1829
28,Near West Side,5,14,130,1840
28,Near West Side,5,15,139,1851
28,Near West Side,5,16,230,1862
28,Near West Side,5,17,246,1873
28,Near West Side,5,18,223,1884
28,Near West Side,5,19,239,1895
28,Near West Side,5,20,146,1906
28,Near West Side,5,21,157,1917
28,Near West Side,5,22,168,2178
28,Near West Side,5,23,80,2009
28,Near West Side,6,0,80,2116
28,Near West Side,6,1,85,2127
28,Near West Side,6,2,39,2138
28,Near West Side,6,3,42,2149
28,Near West Side,6,4,38,2160
28,Near West Side,6,5,41,2171
28,Near West Side,6,6,112,1752
28,Near West Side,6,7,135,1763
28,Near West Side,6,8,144,1774
28,Near West Side,6,9,131,1785
28,Near West Side,6,10,95,1796
28,Near West Side,6,11,132,1807
28,Near West Side,6,12,142,1818
28,Near West Side,6,13,151,1829
28,Near West Side,6,14,90,1840
28,Near West Side,6,15,96,1851
28,Near West Side,6,16,159,1862
28,Near West Side,6,17,170,1873
28,Near West Side,6,18,240,1884
28,Near West Side,6,19,218,1895
28,Near West Side,6,20,158,1906
28,Near West Side,6,21,143,1917
28,Near West Side,6,22,154,2178
28,Near West Side,6,23,73,2009
29,North Lawndale,0,0,20,1833
29,North Lawndale,0,1,22,1844
29,North Lawndale,0,2,12,1855
29,North Lawndale,0,3,11,1866
29,North Lawndale,0,4,11,1877
29,North Lawndale,0,5,10,1708
29,North Lawndale,0,6,34,1469
29,North Lawndale,0,7,45,1480
29,North Lawndale,0,8,48,1491
29,North Lawndale,0,9,51,1502
29,North Lawndale,0,10,32,1513
29,North Lawndale,0,11,42,1524
29,North Lawndale,0,12,38,1535
29,North Lawndale,0,13,41,1546
29,North Lawndale,0,14,35,1557
29,North Lawndale,0,15,32,1568
29,North Lawndale,0,16,62,1579
29,North Lawndale,0,17,56,1590
29,North Lawndale,0,18,61,1601
29,North Lawndale,0,19,65,1612
29,North Lawndale,0,20,40,1623
29,North Lawndale,0,21,43,1454
29,North Lawndale,0,22,39,1715
29,North Lawndale,0,23,22,1726
29,North Lawndale,1,0,24,1833
29,North Lawndale,1,1,22,1844
29,North Lawndale,1,2,12,1855
29,North Lawndale,1,3,11,1866
29,North Lawndale,1,4,12,1877
29,North Lawndale,1,5,12,1708
29,North Lawndale,1,6,34,1469
29,North Lawndale,1,7,54,1480
29,North Lawndale,1,8,48,1491
29,North Lawndale,1,9,52,1502
29,North Lawndale,1,10,32,1513
29,North Lawndale,1,11,42,1524
29,North Lawndale,1,12,45,1535
29,North Lawndale,1,13,41,1546
29,North Lawndale,1,14,36,1557
29,North Lawndale,1,15,32,1568
29,North Lawndale,1,16,63,1579
29,North Lawndale,1,17,68,1590
29,North Lawndale,1,18,61,1601
29,North Lawndale,1,19,66,1612
29,North Lawndale,1,20,40,1623
29,North Lawndale,1,21,43,1454
29,North Lawndale,1,22,46,1715
29,North Lawndale,1,23,22,1726
29,North Lawndale,2,0,23,1833
29,North Lawndale,2,1,21,1844
29,North Lawndale,2,2,11,1855
29,North Lawndale,2,3,12,1866
29,North Lawndale,2,4,11,1877
29,North Lawndale,2,5,12,1708
29,North Lawndale,2,6,33,1469
29,North Lawndale,2,7,52,1480
29,North Lawndale,2,8,55,1491
29,North Lawndale,2,9,50,1502
29,North Lawndale,2,10,36,1513
29,North Lawndale,2,11,41,1524
29,North Lawndale,2,12,44,1535
29,North Lawndale,2,13,39,1546
29,North Lawndale,2,14,34,1557
29,North Lawndale,2,15,37,1568
29,North Lawndale,2,16,61,1579
29,North Lawndale,2,17,65,1590
29,North Lawndale,2,18,59,1601
29,North Lawndale,2,19,63,1612
29,North Lawndale,2,20,46,1623
29,North Lawndale,2,21,42,1454
29,North Lawndale,2,22,45,1715
29,North Lawndale,2,23,21,1726
29,North Lawndale,3,0,22,1833
29,North Lawndale,3,1,24,1844
29,North Lawndale,3,2,11,1855
29,North Lawndale,3,3,12,1866
29,North Lawndale,3,4,11,1877
29,North Lawndale,3,5,11,1708
29,North Lawndale,3,6,37,1469
29,North Lawndale,3,7,49,1480
29,North Lawndale,3,8,53,1491
29,North Lawndale,3,9,48,1502
29,North Lawndale,3,10,35,1513
29,North Lawndale,3,11,46,1524
29,North Lawndale,3,12,42,1535
29,North Lawndale,3,13,45,1546
29,North Lawndale,3,14,33,1557
29,North Lawndale,3,15,35,1568
29,North Lawndale,3,16,58,1579
29,North Lawndale,3,17,63,1590
29,North Lawndale,3,18,67,1601
29,North Lawndale,3,19,61,1612
29,North Lawndale,3,20,44,1623
29,North Lawndale,3,21,40,1454
29,North Lawndale,3,22,43,1715
29,North Lawndale,3,23,24,1726
29,North Lawndale,4,0,21,1833
29,North Lawndale,4,1,23,1844
29,North Lawndale,4,2,11,1855
29,North Lawndale,4,3,11,1866
29,North Lawndale,4,4,12,1877
29,North Lawndale,4,5,11,1708
29,North Lawndale,4,6,36,1469
29,North Lawndale,4,7,47,1480
29,North Lawndale,4,8,51,1491
29,North Lawndale,4,9,55,1502
29,North Lawndale,4,10,34,1513
29,North Lawndale,4,11,45,1524
29,North Lawndale,4,12,40,1535
29,North Lawndale,4,13,43,1546
29,North Lawndale,4,14,37,1557
29,North Lawndale,4,15,34,1568
29,North Lawndale,4,16,66,1579
29,North Lawndale,4,17,60,1590
29,North Lawndale,4,18,65,1601
29,North Lawndale,4,19,58,1612
29,North Lawndale,4,20,42,1623
29,North Lawndale,4,21,45,1454
29,North Lawndale,4,22,41,1715
29,North Lawndale,4,23,23,1726
29,North Lawndale,5,0,24,1933
29,North Lawndale,5,1,22,1944
29,North Lawndale,5,2,12,1955
29,North Lawndale,5,3,11,1966
29,North Lawndale,5,4,12,1977
29,North Lawndale,5,5,11,1808
29,North Lawndale,5,6,34,1569
29,North Lawndale,5,7,54,1580
29,North Lawndale,5,8,49,1591
29,North Lawndale,5,9,53,1602
29,North Lawndale,5,10,32,1613
29,North Lawndale,5,11,43,1624
29,North Lawndale,5,12,46,1635
29,North Lawndale,5,13,42,1646
29,North Lawndale,5,14,36,1657
29,North Lawndale,5,15,33,1668
29,North Lawndale,5,16,64,1679
29,North Lawndale,5,17,68,1690
29,North Lawndale,5,18,62,1701
29,North Lawndale,5,19,66,1712
29,North Lawndale,5,20,41,1723
29,North Lawndale,5,21,44,1554
29,North Lawndale,5,22,39,1815
29,North Lawndale,5,23,22,1826
29,North Lawndale,6,0,22,1933
29,North Lawndale,6,1,20,1944
29,North Lawndale,6,2,11,1955
29,North Lawndale,6,3,12,1966
29,North Lawndale,6,4,11,1977
29,North Lawndale,6,5,11,1808
29,North Lawndale,6,6,31,1569
29,North Lawndale,6,7,49,1580
29,North Lawndale,6,8,45,1591
29,North Lawndale,6,9,48,1602
29,North Lawndale,6,10,35,1613
29,North Lawndale,6,11,39,1624
29,North Lawndale,6,12,42,1635
29,North Lawndale,6,13,38,1646
29,North Lawndale,6,14,33,1657
29,North Lawndale,6,15,35,1668
29,North Lawndale,6,16,58,1679
29,North Lawndale,6,17,62,1690
29,North Lawndale,6,18,56,1701
29,North Lawndale,6,19,61,1712
29,North Lawndale,6,20,44,1723
29,North Lawndale,6,21,40,1554
29,North Lawndale,6,22,43,1815
29,North Lawndale,6,23,20,1826
30,South Lawndale,0,0,23,1850
30,South Lawndale,0,1,25,1861
30,South Lawndale,0,2,11,1872
30,South Lawndale,0,3,12,1703
30,South Lawndale,0,4,13,1714
30,South Lawndale,0,5,12,1725
30,South Lawndale,0,6,39,1486
30,South Lawndale,0,7,51,1497
30,South Lawndale,0,8,55,1508
30,South Lawndale,0,9,50,1519
30,South Lawndale,0,10,36,1530
30,South Lawndale,0,11,48,1541
30,South Lawndale,0,12,44,1552
30,South Lawndale,0,13,47,1563
30,South Lawndale,0,14,34,1574
30,South Lawndale,0,15,37,1585
30,South Lawndale,0,16,72,1596
30,South Lawndale,0,17,65,1607
30,South Lawndale,0,18,70,1618
30,South Lawndale,0,19,63,1629
30,South Lawndale,0,20,46,1460
30,South Lawndale,0,21,49,1471
30,South Lawndale,0,22,45,1732
30,South Lawndale,0,23,25,1743
30,South Lawndale,1,0,23,1850
30,South Lawndale,1,1,25,1861
30,South Lawndale,1,2,14,1872
30,South Lawndale,1,3,12,1703
30,South Lawndale,1,4,13,1714
30,South Lawndale,1,5,12,1725
30,South Lawndale,1,6,39,1486
30,South Lawndale,1,7,62,1497
30,South Lawndale,1,8,56,1508
30,South Lawndale,1,9,60,1519
30,South Lawndale,1,10,37,1530
30,South Lawndale,1,11,49,1541
30,South Lawndale,1,12,44,1552
30,South Lawndale,1,13,47,1563
30,South Lawndale,1,14,41,1574
30,South Lawndale,1,15,37,1585
30,South Lawndale,1,16,73,1596
30,South Lawndale,1,17,66,1607
30,South Lawndale,1,18,71,1618
30,South Lawndale,1,19,76,1629
30,South Lawndale,1,20,46,1460
30,South Lawndale,1,21,50,1471
30,South Lawndale,1,22,45,1732
30,South Lawndale,1,23,25,1743
30,South Lawndale,2,0,27,1850
30,South Lawndale,2,1,24,1861
30,South Lawndale,2,2,13,1872
30,South Lawndale,2,3,12,1703
30,South Lawndale,2,4,13,1714
30,South Lawndale,2,5,14,1725
30,South Lawndale,2,6,38,1486
30,South Lawndale,2,7,59,1497
30,South Lawndale,2,8,54,1508
30,South Lawndale,2,9,58,1519
30,South Lawndale,2,10,42,1530
30,South Lawndale,2,11,47,1541
30,South Lawndale,2,12,50,1552
30,South Lawndale,2,13,45,1563
30,South Lawndale,2,14,40,1574
30,South Lawndale,2,15,36,1585
30,South Lawndale,2,16,70,1596
30,South Lawndale,2,17,75,1607
30,South Lawndale,2,18,68,1618
30,South Lawndale,2,19,73,1629
30,South Lawndale,2,20,45,1460
30,South Lawndale,2,21,48,1471
30,South Lawndale,2,22,51,1732
30,South Lawndale,2,23,24,1743
30,South Lawndale,3,0,26,1850
30,South Lawndale,3,1,23,1861
30,South Lawndale,3,2,13,1872
30,South Lawndale,3,3,14,1703
30,South Lawndale,3,4,12,1714
30,South Lawndale,3,5,13,1725
30,South Lawndale,3,6,36,1486
30,South Lawndale,3,7,57,1497
30,South Lawndale,3,8,61,1508
30,South Lawndale,3,9,55,1519
30,South Lawndale,3,10,40,1530
30,South Lawndale,3,11,45,1541
30,South Lawndale,3,12,48,1552
30,South Lawndale,3,13,52,1563
30,South Lawndale,3,14,38,1574
30,South Lawndale,3,15,41,1585
30,South Lawndale,3,16,67,1596
30,South Lawndale,3,17,72,1607
30,South Lawndale,3,18,65,1618
30,South Lawndale,3,19,70,1629
30,South Lawndale,3,20,51,1460
30,South Lawndale,3,21,46,1471
30,South Lawndale,3,22,49,1732
30,South Lawndale,3,23,23,1743
30,South Lawndale,4,0,25,1850
30,South Lawndale,4,1,26,1861
30,South Lawndale,4,2,12,1872
30,South Lawndale,4,3,13,1703
30,South Lawndale,4,4,12,1714
30,South Lawndale,4,5,13,1725
30,South Lawndale,4,6,41,1486
30,South Lawndale,4,7,55,1497
30,South Lawndale,4,8,59,1508
30,South Lawndale,4,9,53,1519
30,South Lawndale,4,10,39,1530
30,South Lawndale,4,11,51,1541
30,South Lawndale,4,12,46,1552
30,South Lawndale,4,13,50,1563
30,South Lawndale,4,14,36,1574
30,South Lawndale,4,15,39,1585
30,South Lawndale,4,16,76,1596
30,South Lawndale,4,17,69,1607
30,South Lawndale,4,18,74,1618
30,South Lawndale,4,19,67,1629
30,South Lawndale,4,20,49,1460
30,South Lawndale,4,21,44,1471
30,South Lawndale,4,22,47,1732
30,South Lawndale,4,23,27,1743
30,South Lawndale,5,0,24,1950
30,South Lawndale,5,1,25,1961
30,South Lawndale,5,2,14,1972
30,South Lawndale,5,3,13,1803
30,South Lawndale,5,4,13,1814
30,South Lawndale,5,5,12,1825
30,South Lawndale,5,6,40,1586
30,South Lawndale,5,7,52,1597
30,South Lawndale,5,8,56,1608
30,South Lawndale,5,9,60,1619
30,South Lawndale,5,10,37,1630
30,South Lawndale,5,11,49,1641
30,South Lawndale,5,12,45,1652
30,South Lawndale,5,13,48,1663
30,South Lawndale,5,14,41,1674
30,South Lawndale,5,15,38,1685
30,South Lawndale,5,16,74,1696
30,South Lawndale,5,17,66,1707
30,South Lawndale,5,18,71,1718
30,South Lawndale,5,19,76,1729
30,South Lawndale,5,20,47,1560
30,South Lawndale,5,21,50,1571
30,South Lawndale,5,22,45,1832
30,South Lawndale,5,23,26,1843
30,South Lawndale,6,0,25,1950
30,South Lawndale,6,1,23,1961
30,South Lawndale,6,2,13,1972
30,South Lawndale,6,3,11,1803
30,South Lawndale,6,4,12,1814
30,South Lawndale,6,5,13,1825
30,South Lawndale,6,6,36,1586
30,South Lawndale,6,7,57,1597
30,South Lawndale,6,8,51,1608
30,South Lawndale,6,9,55,1619
30,South Lawndale,6,10,34,1630
30,South Lawndale,6,11,45,1641
30,South Lawndale,6,12,48,1652
30,South Lawndale,6,13,44,1663
30,South Lawndale,6,14,38,1674
30,South Lawndale,6,15,34,1685
30,South Lawndale,6,16,67,1696
30,South Lawndale,6,17,72,1707
30,South Lawndale,6,18,65,1718
30,South Lawndale,6,19,70,1729
30,South Lawndale,6,20,43,1560
30,South Lawndale,6,21,46,1571
30,South Lawndale,6,22,49,1832
30,South Lawndale,6,23,23,1843
31,Lower West Side,0,0,30,1867
31,Lower West Side,0,1,32,1878
31,Lower West Side,0,2,15,1709
31,Lower West Side,0,3,16,1720
31,Lower West Side,0,4,14,1731
31,Lower West Side,0,5,15,1742
31,Lower West Side,0,6,50,1503
31,Lower West Side,0,7,67,1514
31,Lower West Side,0,8,72,1525
31,Lower West Side,0,9,65,1536
31,Lower West Side,0,10,47,1547
31,Lower West Side,0,11,53,1558
31,Lower West Side,0,12,57,1569
31,Lower West Side,0,13,61,1580
31,Lower West Side,0,14,45,1591
31,Lower West Side,0,15,48,1602
31,Lower West Side,0,16,79,1613
31,Lower West Side,0,17,85,1624
31,Lower West Side,0,18,91,1455
31,Lower West Side,0,19,82,1466
31,Lower West Side,0,20,60,1477
31,Lower West Side,0,21,54,1488
31,Lower West Side,0,22,58,1749
31,Lower West Side,0,23,33,1760
31,Lower West Side,1,0,30,1867
31,Lower West Side,1,1,33,1878
31,Lower West Side,1,2,15,1709
31,Lower West Side,1,3,16,1720
31,Lower West Side,1,4,17,1731
31,Lower West Side,1,5,16,1742
31,Lower West Side,1,6,51,1503
31,Lower West Side,1,7,68,1514
31,Lower West Side,1,8,73,1525
31,Lower West Side,1,9,78,1536
31,Lower West Side,1,10,48,1547
31,Lower West Side,1,11,64,1558
31,Lower West Side,1,12,57,1569
31,Lower West Side,1,13,62,1580
31,Lower West Side,1,14,45,1591
31,Lower West Side,1,15,48,1602
31,Lower West Side,1,16,95,1613
31,Lower West Side,1,17,86,1624
31,Lower West Side,1,18,92,1455
31,Lower West Side,1,19,83,1466
31,Lower West Side,1,20,60,1477
31,Lower West Side,1,21,65,1488
31,Lower West Side,1,22,59,1749
31,Lower West Side,1,23,33,1760
31,Lower West Side,2,0,29,1867
31,Lower West Side,2,1,31,1878
31,Lower West Side,2,2,17,1709
31,Lower West Side,2,3,15,1720
31,Lower West Side,2,4,17,1731
31,Lower West Side,2,5,15,1742
31,Lower West Side,2,6,49,1503
31,Lower West Side,2,7,77,1514
31,Lower West Side,2,8,70,1525
31,Lower West Side,2,9,75,1536
31,Lower West Side,2,10,46,1547
31,Lower West Side,2,11,61,1558
31,Lower West Side,2,12,65,1569
31,Lower West Side,2,13,59,1580
31,Lower West Side,2,14,51,1591
31,Lower West Side,2,15,47,1602
31,Lower West Side,2,16,91,1613
31,Lower West Side,2,17,82,1624
31,Lower West Side,2,18,88,1455
31,Lower West Side,2,19,95,1466
31,Lower West Side,2,20,58,1477
31,Lower West Side,2,21,62,1488
31,Lower West Side,2,22,56,1749
31,Lower West Side,2,23,32,1760
31,Lower West Side,3,0,33,1867
31,Lower West Side,3,1,30,1878
31,Lower West Side,3,2,16,1709
31,Lower West Side,3,3,15,1720
31,Lower West Side,3,4,16,1731
31,Lower West Side,3,5,17,1742
31,Lower West Side,3,6,47,1503
31,Lower West Side,3,7,74,1514
31,Lower West Side,3,8,67,1525
31,Lower West Side,3,9,72,1536
31,Lower West Side,3,10,52,1547
31,Lower West Side,3,11,59,1558
31,Lower West Side,3,12,63,1569
31,Lower West Side,3,13,57,1580
31,Lower West Side,3,14,49,1591
31,Lower West Side,3,15,53,1602
31,Lower West Side,3,16,87,1613
31,Lower West Side,3,17,94,1624
31,Lower West Side,3,18,85,1455
31,Lower West Side,3,19,91,1466
31,Lower West Side,3,20,56,1477
31,Lower West Side,3,21,60,1488
31,Lower West Side,3,22,64,1749
31,Lower West Side,3,23,30,1760
31,Lower West Side,4,0,32,1867
31,Lower West Side,4,1,34,1878
31,Lower West Side,4,2,16,1709
31,Lower West Side,4,3,17,1720
31,Lower West Side,4,4,15,1731
31,Lower West Side,4,5,16,1742
31,Lower West Side,4,6,45,1503
31,Lower West Side,4,7,71,1514
31,Lower West Side,4,8,76,1525
31,Lower West Side,4,9,69,1536
31,Lower West Side,4,10,50,1547
31,Lower West Side,4,11,56,1558
31,Lower West Side,4,12,60,1569
31,Lower West Side,4,13,65,1580
31,Lower West Side,4,14,47,1591
31,Lower West Side,4,15,51,1602
31,Lower West Side,4,16,84,1613
31,Lower West Side,4,17,90,1624
31,Lower West Side,4,18,96,1455
31,Lower West Side,4,19,87,1466
31,Lower West Side,4,20,64,1477
31,Lower West Side,4,21,57,1488
31,Lower West Side,4,22,62,1749
31,Lower West Side,4,23,29,1760
31,Lower West Side,5,0,31,1967
31,Lower West Side,5,1,33,1978
31,Lower West Side,5,2,15,1809
31,Lower West Side,5,3,16,1820
31,Lower West Side,5,4,17,1831
31,Lower West Side,5,5,16,1842
31,Lower West Side,5,6,51,1603
31,Lower West Side,5,7,68,1614
31,Lower West Side,5,8,73,1625
31,Lower West Side,5,9,66,1636
31,Lower West Side,5,10,48,1647
31,Lower West Side,5,11,64,1658
31,Lower West Side,5,12,58,1669
31,Lower West Side,5,13,62,1680
31,Lower West Side,5,14,46,1691
31,Lower West Side,5,15,49,1702
31,Lower West Side,5,16,96,1713
31,Lower West Side,5,17,87,1724
31,Lower West Side,5,18,93,1555
31,Lower West Side,5,19,84,1566
31,Lower West Side,5,20,61,1577
31,Lower West Side,5,21,65,1588
31,Lower West Side,5,22,59,1849
31,Lower West Side,5,23,33,1860
31,Lower West Side,6,0,28,1967
31,Lower West Side,6,1,30,1978
31,Lower West Side,6,2,16,1809
31,Lower West Side,6,3,15,1820
31,Lower West Side,6,4,16,1831
31,Lower West Side,6,5,14,1842
31,Lower West Side,6,6,47,1603
31,Lower West Side,6,7,74,1614
31,Lower West Side,6,8,67,1625
31,Lower West Side,6,9,72,1636
31,Lower West Side,6,10,44,1647
31,Lower West Side,6,11,59,1658
31,Lower West Side,6,12,53,1669
31,Lower West Side,6,13,57,1680
31,Lower West Side,6,14,49,1691
31,Lower West Side,6,15,45,1702
31,Lower West Side,6,16,87,1713
31,Lower West Side,6,17,79,1724
31,Lower West Side,6,18,85,1555
31,Lower West Side,6,19,91,1566
31,Lower West Side,6,20,56,1577
31,Lower West Side,6,21,60,1588
31,Lower West Side,6,22,54,1849
31,Lower West Side,6,23,30,1860
32,Loop,0,0,107,1904
32,Loop,0,1,97,1915
32,Loop,0,2,53,1926
32,Loop,0,3,57,1937
32,Loop,0,4,51,1948
32,Loop,0,5,55,1959
32,Loop,0,6,151,1720
32,Loop,0,7,181,1731
32,Loop,0,8,194,1742
32,Loop,0,9,176,1753
32,Loop,0,10,128,1764
32,Loop,0,11,177,1775
32,Loop,0,12,190,1786
32,Loop,0,13,172,1797
32,Loop,0,14,121,1808
32,Loop,0,15,129,1819
32,Loop,0,16,213,1650
32,Loop,0,17,229,1661
32,Loop,0,18,273,1672
32,Loop,0,19,293,1683
32,Loop,0,20,213,1694
32,Loop,0,21,193,1705
32,Loop,0,22,207,1966
32,Loop,0,23,98,1977
32,Loop,1,0,108,1904
32,Loop,1,1,116,1915
32,Loop,1,2,54,1926
32,Loop,1,3,57,1937
32,Loop,1,4,52,1948
32,Loop,1,5,56,1959
32,Loop,1,6,181,1720
32,Loop,1,7,319,1731
32,Loop,1,8,342,1742
32,Loop,1,9,309,1753
32,Loop,1,10,171,1764
32,Loop,1,11,280,1775
32,Loop,1,12,254,1786
32,Loop,1,13,272,1797
32,Loop,1,14,161,1808
32,Loop,1,15,173,1819
32,Loop,1,16,284,1650
32,Loop,1,17,306,1661
32,Loop,1,18,327,1672
32,Loop,1,19,296,1683
32,Loop,1,20,215,1694
32,Loop,1,21,195,1705
32,Loop,1,22,209,1966
32,Loop,1,23,117,1977
32,Loop,2,0,104,1904
32,Loop,2,1,112,1915
32,Loop,2,2,51,1926
32,Loop,2,3,55,1937
32,Loop,2,4,59,1948
32,Loop,2,5,54,1959
32,Loop,2,6,174,1720
32,Loop,2,7,306,1731
32,Loop,2,8,329,1742
32,Loop,2,9,352,1753
32,Loop,2,10,164,1764
32,Loop,2,11,269,1775
32,Loop,2,12,243,1786
32,Loop,2,13,262,1797
32,Loop,2,14,183,1808
32,Loop,2,15,166,1819
32,Loop,2,16,324,1650
32,Loop,2,17,293,1661
32,Loop,2,18,315,1672
32,Loop,2,19,284,1683
32,Loop,2,20,207,1694
32,Loop,2,21,222,1705
32,Loop,2,22,201,1966
32,Loop,2,23,113,1977
32,Loop,3,0,118,1904
32,Loop,3,1,107,1915
32,Loop,3,2,59,1926
32,Loop,3,3,53,1937
32,Loop,3,4,57,1948
32,Loop,3,5,51,1959
32,Loop,3,6,168,1720
32,Loop,3,7,348,1731
32,Loop,3,8,316,1742
32,Loop,3,9,339,1753
32,Loop,3,10,157,1764
32,Loop,3,11,259,1775
32,Loop,3,12,277,1786
32,Loop,3,13,251,1797
32,Loop,3,14,176,1808
32,Loop,3,15,159,1819
32,Loop,3,16,312,1650
32,Loop,3,17,333,1661
32,Loop,3,18,303,1672
32,Loop,3,19,324,1683
32,Loop,3,20,199,1694
32,Loop,3,21,213,1705
32,Loop,3,22,192,1966
32,Loop,3,23,108,1977
32,Loop,4,0,114,1904
32,Loop,4,1,103,1915
32,Loop,4,2,56,1926
32,Loop,4,3,60,1937
32,Loop,4,4,55,1948
32,Loop,4,5,59,1959
32,Loop,4,6,161,1720
32,Loop,4,7,335,1731
32,Loop,4,8,302,1742
32,Loop,4,9,325,1753
32,Loop,4,10,179,1764
32,Loop,4,11,249,1775
32,Loop,4,12,267,1786
32,Loop,4,13,241,1797
32,Loop,4,14,169,1808
32,Loop,4,15,181,1819
32,Loop,4,16,299,1650
32,Loop,4,17,321,1661
32,Loop,4,18,290,1672
32,Loop,4,19,312,1683
32,Loop,4,20,226,1694
32,Loop,4,21,205,1705
32,Loop,4,22,220,1966
32,Loop,4,23,104,1977
32,Loop,5,0,110,2004
32,Loop,5,1,117,2015
32,Loop,5,2,54,2026
32,Loop,5,3,58,2037
32,Loop,5,4,52,2048
32,Loop,5,5,56,2059
32,Loop,5,6,183,1820
32,Loop,5,7,322,1831
32,Loop,5,8,345,1842
32,Loop,5,9,312,1853
32,Loop,5,10,173,1864
32,Loop,5,11,238,1875
32,Loop,5,12,256,1886
32,Loop,5,13,274,1897
32,Loop,5,14,163,1908
32,Loop,5,15,174,1919
32,Loop,5,16,287,1750
32,Loop,5,17,309,1761
32,Loop,5,18,330,1772
32,Loop,5,19,299,1783
32,Loop,5,20,218,1794
32,Loop,5,21,197,1805
32,Loop,5,22,211,2066
32,Loop,5,23,118,2077
32,Loop,6,0,100,2004
32,Loop,6,1,107,2015
32,Loop,6,2,49,2026
32,Loop,6,3,53,2037
32,Loop,6,4,57,2048
32,Loop,6,5,51,2059
32,Loop,6,6,167,1820
32,Loop,6,7,169,1831
32,Loop,6,8,181,1842
32,Loop,6,9,194,1853
32,Loop,6,10,119,1864
32,Loop,6,11,196,1875
32,Loop,6,12,177,1886
32,Loop,6,13,190,1897
32,Loop,6,14,112,1908
32,Loop,6,15,121,1919
32,Loop,6,16,236,1750
32,Loop,6,17,213,1761
32,Loop,6,18,302,1772
32,Loop,6,19,273,1783
32,Loop,6,20,199,1794
32,Loop,6,21,213,1805
32,Loop,6,22,193,2066
32,Loop,6,23,108,2077
33,Near South Side,0,0,62,1921
33,Near South Side,0,1,57,1932
33,Near South Side,0,2,31,1943
33,Near South Side,0,3,28,1954
33,Near South Side,0,4,30,1965
33,Near South Side,0,5,32,1976
33,Near South Side,0,6,88,1737
33,Near South Side,0,7,106,1748
33,Near South Side,0,8,95,1759
33,Near South Side,0,9,103,1770
33,Near South Side,0,10,75,1781
33,Near South Side,0,11,103,1792
33,Near South Side,0,12,111,1803
33,Near South Side,0,13,100,1814
33,Near South Side,0,14,70,1825
33,Near South Side,0,15,64,1656
33,Near South Side,0,16,125,1667
33,Near South Side,0,17,133,1678
33,Near South Side,0,18,159,1689
33,Near South Side,0,19,171,1700
33,Near South Side,0,20,105,1711
33,Near South Side,0,21,113,1722
33,Near South Side,0,22,120,1983
33,Near South Side,0,23,57,1994
33,Near South Side,1,0,63,1921
33,Near South Side,1,1,57,1932
33,Near South Side,1,2,31,1943
33,Near South Side,1,3,33,1954
33,Near South Side,1,4,30,1965
33,Near South Side,1,5,33,1976
33,Near South Side,1,6,89,1737
33,Near South Side,1,7,186,1748
33,Near South Side,1,8,199,1759
33,Near South Side,1,9,181,1770
33,Near South Side,1,10,100,1781
33,Near South Side,1,11,138,1792
33,Near South Side,1,12,148,1803
33,Near South Side,1,13,158,1814
33,Near South Side,1,14,94,1825
33,Near South Side,1,15,101,1656
33,Near South Side,1,16,166,1667
33,Near South Side,1,17,178,1678
33,Near South Side,1,18,161,1689
33,Near South Side,1,19,173,1700
33,Near South Side,1,20,126,1711
33,Near South Side,1,21,114,1722
33,Near South Side,1,22,122,1983
33,Near South Side,1,23,58,1994
33,Near South Side,2,0,61,1921
33,Near South Side,2,1,65,1932
33,Near South Side,2,2,30,1943
33,Near South Side,2,3,32,1954
33,Near South Side,2,4,29,1965
33,Near South Side,2,5,31,1976
33,Near South Side,2,6,102,1737
33,Near South Side,2,7,179,1748
33,Near South Side,2,8,192,1759
33,Near South Side,2,9,173,1770
33,Near South Side,2,10,96,1781
33,Near South Side,2,11,157,1792
33,Near South Side,2,12,142,1803
33,Near South Side,2,13,153,1814
33,Near South Side,2,14,90,1825
33,Near South Side,2,15,97,1656
33,Near South Side,2,16,189,1667
33,Near South Side,2,17,171,1678
33,Near South Side,2,18,184,1689
33,Near South Side,2,19,166,1700
33,Near South Side,2,20,121,1711
33,Near South Side,2,21,109,1722
33,Near South Side,2,22,117,1983
33,Near South Side,2,23,66,1994
33,Near South Side,3,0,58,1921
33,Near South Side,3,1,63,1932
33,Near South Side,3,2,34,1943
33,Near South Side,3,3,31,1954
33,Near South Side,3,4,33,1965
33,Near South Side,3,5,30,1976
33,Near South Side,3,6,98,1737
33,Near South Side,3,7,171,1748
33,Near South Side,3,8,184,1759
33,Near South Side,3,9,197,1770
33,Near South Side,3,10,92,1781
33,Near South Side,3,11,151,1792
33,Near South Side,3,12,136,1803
33,Near South Side,3,13,147,1814
33,Near South Side,3,14,103,1825
33,Near South Side,3,15,93,1656
33,Near South Side,3,16,182,1667
33,Near South Side,3,17,164,1678
33,Near South Side,3,18,177,1689
33,Near South Side,3,19,189,1700
33,Near South Side,3,20,116,1711
33,Near South Side,3,21,124,1722
33,Near South Side,3,22,113,1983
33,Near South Side,3,23,63,1994
33,Near South Side,4,0,66,1921
33,Near South Side,4,1,60,1932
33,Near South Side,4,2,33,1943
33,Near South Side,4,3,30,1954
33,Near South Side,4,4,32,1965
33,Near South Side,4,5,34,1976
33,Near South Side,4,6,94,1737
33,Near South Side,4,7,195,1748
33,Near South Side,4,8,177,1759
33,Near South Side,4,9,190,1770
33,Near South Side,4,10,88,1781
33,Near South Side,4,11,145,1792
33,Near South Side,4,12,155,1803
33,Near South Side,4,13,141,1814
33,Near South Side,4,14,99,1825
33,Near South Side,4,15,89,1656
33,Near South Side,4,16,175,1667
33,Near South Side,4,17,187,1678
33,Near South Side,4,18,170,1689
33,Near South Side,4,19,182,1700
33,Near South Side,4,20,111,1711
33,Near South Side,4,21,120,1722
33,Near South Side,4,22,128,1983
33,Near South Side,4,23,61,1994
33,Near South Side,5,0,64,2021
33,Near South Side,5,1,58,2032
33,Near South Side,5,2,32,2043
33,Near South Side,5,3,34,2054
33,Near South Side,5,4,31,2065
33,Near South Side,5,5,33,2076
33,Near South Side,5,6,90,1837
33,Near South Side,5,7,188,1848
33,Near South Side,5,8,201,1859
33,Near South Side,5,9,182,1870
33,Near South Side,5,10,101,1881
33,Near South Side,5,11,139,1892
33,Near South Side,5,12,150,1903
33,Near South Side,5,13,135,1914
33,Near South Side,5,14,95,1925
33,Near South Side,5,15,102,1756
33,Near South Side,5,16,168,1767
33,Near South Side,5,17,180,1778
33,Near South Side,5,18,163,1789
33,Near South Side,5,19,175,1800
33,Near South Side,5,20,127,1811
33,Near South Side,5,21,115,1822
33,Near South Side,5,22,123,2083
33,Near South Side,5,23,58,2094
33,Near South Side,6,0,58,2021
33,Near South Side,6,1,62,2032
33,Near South Side,6,2,29,2043
33,Near South Side,6,3,31,2054
33,Near South Side,6,4,28,2065
33,Near South Side,6,5,30,2076
33,Near South Side,6,6,97,1837
33,Near South Side,6,7,98,1848
33,Near South Side,6,8,106,1859
33,Near South Side,6,9,95,1870
33,Near South Side,6,10,70,1881
33,Near South Side,6,11,114,1892
33,Near South Side,6,12,103,1903
33,Near South Side,6,13,111,1914
33,Near South Side,6,14,66,1925
33,Near South Side,6,15,70,1756
33,Near South Side,6,16,116,1767
33,Near South Side,6,17,125,1778
33,Near South Side,6,18,176,1789
33,Near South Side,6,19,159,1800
33,Near South Side,6,20,116,1811
33,Near South Side,6,21,105,1822
33,Near South Side,6,22,113,2083
33,Near South Side,6,23,63,2094
34,Armour Square,0,0,25,1738
34,Armour Square,0,1,27,1749
34,Armour Square,0,2,15,1760
34,Armour Square,0,3,13,1771
34,Armour Square,0,4,14,1782
34,Armour Square,0,5,13,1793
34,Armour Square,0,6,43,1554
34,Armour Square,0,7,67,1565
34,Armour Square,0,8,61,1576
34,Armour Square,0,9,65,1587
34,Armour Square,0,10,40,1598
34,Armour Square,0,11,53,1609
34,Armour Square,0,12,57,1620
34,Armour Square,0,13,52,1451
34,Armour Square,0,14,45,1462
34,Armour Square,0,15,41,1473
34,Armour Square,0,16,79,1484
34,Armour Square,0,17,72,1495
34,Armour Square,0,18,77,1506
34,Armour Square,0,19,82,1517
34,Armour Square,0,20,51,1528
34,Armour Square,0,21,54,1539
34,Armour Square,0,22,49,1800
34,Armour Square,0,23,28,1811
34,Armour Square,1,0,30,1738
34,Armour Square,1,1,28,1749
34,Armour Square,1,2,15,1760
34,Armour Square,1,3,14,1771
34,Armour Square,1,4,15,1782
34,Armour Square,1,5,16,1793
34,Armour Square,1,6,43,1554
34,Armour Square,1,7,68,1565
34,Armour Square,1,8,61,1576
34,Armour Square,1,9,66,1587
34,Armour Square,1,10,48,1598
34,Armour Square,1,11,54,1609
34,Armour Square,1,12,58,1620
34,Armour Square,1,13,52,1451
34,Armour Square,1,14,45,1462
34,Armour Square,1,15,48,1473
34,Armour Square,1,16,80,1484
34,Armour Square,1,17,86,1495
34,Armour Square,1,18,78,1506
34,Armour Square,1,19,83,1517
34,Armour Square,1,20,51,1528
34,Armour Square,1,21,55,1539
34,Armour Square,1,22,59,1800
34,Armour Square,1,23,28,1811
34,Armour Square,2,0,29,1738
34,Armour Square,2,1,31,1749
34,Armour Square,2,2,14,1760
34,Armour Square,2,3,16,1771
34,Armour Square,2,4,14,1782
34,Armour Square,2,5,15,1793
34,Armour Square,2,6,41,1554
34,Armour Square,2,7,65,1565
34,Armour Square,2,8,70,1576
34,Armour Square,2,9,63,1587
34,Armour Square,2,10,46,1598
34,Armour Square,2,11,52,1609
34,Armour Square,2,12,55,1620
34,Armour Square,2,13,59,1451
34,Armour Square,2,14,44,1462
34,Armour Square,2,15,47,1473
34,Armour Square,2,16,77,1484
34,Armour Square,2,17,83,1495
34,Armour Square,2,18,88,1506
34,Armour Square,2,19,80,1517
34,Armour Square,2,20,58,1528
34,Armour Square,2,21,53,1539
34,Armour Square,2,22,57,1800
34,Armour Square,2,23,27,1811
34,Armour Square,3,0,28,1738
34,Armour Square,3,1,30,1749
34,Armour Square,3,2,14,1760
34,Armour Square,3,3,15,1771
34,Armour Square,3,4,16,1782
34,Armour Square,3,5,14,1793
34,Armour Square,3,6,47,1554
34,Armour Square,3,7,63,1565
34,Armour Square,3,8,67,1576
34,Armour Square,3,9,61,1587
34,Armour Square,3,10,44,1598
34,Armour Square,3,11,59,1609
34,Armour Square,3,12,53,1620
34,Armour Square,3,13,57,1451
34,Armour Square,3,14,42,1462
34,Armour Square,3,15,45,1473
34,Armour Square,3,16,88,1484
34,Armour Square,3,17,79,1495
34,Armour Square,3,18,85,1506
34,Armour Square,3,19,77,1517
34,Armour Square,3,20,56,1528
34,Armour Square,3,21,60,1539
34,Armour Square,3,22,54,1800
34,Armour Square,3,23,30,1811
34,Armour Square,4,0,27,1738
34,Armour Square,4,1,29,1749
34,Armour Square,4,2,16,1760
34,Armour Square,4,3,14,1771
34,Armour Square,4,4,15,1782
34,Armour Square,4,5,14,1793
34,Armour Square,4,6,45,1554
34,Armour Square,4,7,71,1565
34,Armour Square,4,8,65,1576
34,Armour Square,4,9,69,1587
34,Armour Square,4,10,43,1598
34,Armour Square,4,11,57,1609
34,Armour Square,4,12,51,1620
34,Armour Square,4,13,55,1451
34,Armour Square,4,14,48,1462
34,Armour Square,4,15,43,1473
34,Armour Square,4,16,84,1484
34,Armour Square,4,17,76,1495
34,Armour Square,4,18,82,1506
34,Armour Square,4,19,88,1517
34,Armour Square,4,20,54,1528
34,Armour Square,4,21,58,1539
34,Armour Square,4,22,52,1800
34,Armour Square,4,23,29,1811
34,Armour Square,5,0,31,1838
34,Armour Square,5,1,28,1849
34,Armour Square,5,2,15,1860
34,Armour Square,5,3,14,1871
34,Armour Square,5,4,15,1882
34,Armour Square,5,5,16,1893
34,Armour Square,5,6,44,1654
34,Armour Square,5,7,69,1665
34,Armour Square,5,8,62,1676
34,Armour Square,5,9,67,1687
34,Armour Square,5,10,48,1698
34,Armour Square,5,11,54,1709
34,Armour Square,5,12,58,1720
34,Armour Square,5,13,53,1551
34,Armour Square,5,14,46,1562
34,Armour Square,5,15,41,1573
34,Armour Square,5,16,81,1584
34,Armour Square,5,17,87,1595
34,Armour Square,5,18,79,1606
34,Armour Square,5,19,84,1617
34,Armour Square,5,20,52,1628
34,Armour Square,5,21,55,1639
34,Armour Square,5,22,59,1900
34,Armour Square,5,23,28,1911
34,Armour Square,6,0,28,1838
34,Armour Square,6,1,25,1849
34,Armour Square,6,2,14,1860
34,Armour Square,6,3,15,1871
34,Armour Square,6,4,13,1882
34,Armour Square,6,5,14,1893
34,Armour Square,6,6,40,1654
34,Armour Square,6,7,63,1665
34,Armour Square,6,8,67,1676
34,Armour Square,6,9,61,1687
34,Armour Square,6,10,44,1698
34,Armour Square,6,11,50,1709
34,Armour Square,6,12,53,1720
34,Armour Square,6,13,57,1551
34,Armour Square,6,14,42,1562
34,Armour Square,6,15,45,1573
34,Armour Square,6,16,74,1584
34,Armour Square,6,17,79,1595
34,Armour Square,6,18,72,1606
34,Armour Square,6,19,77,1617
34,Armour Square,6,20,56,1628
34,Armour Square,6,21,51,1639
34,Armour Square,6,22,54,1900
34,Armour Square,6,23,26,1911
35,Douglas,0,0,23,1755
35,Douglas,0,1,24,1766
35,Douglas,0,2,11,1777
35,Douglas,0,3,12,1788
35,Douglas,0,4,13,1799
35,Douglas,0,5,12,1810
35,Douglas,0,6,38,1571
35,Douglas,0,7,50,1582
35,Douglas,0,8,54,1593
35,Douglas,0,9,58,1604
35,Douglas,0,10,36,1615
35,Douglas,0,11,47,1626
35,Douglas,0,12,43,1457
35,Douglas,0,13,46,1468
35,Douglas,0,14,40,1479
35,Douglas,0,15,36,1490
35,Douglas,0,16,71,1501
35,Douglas,0,17,64,1512
35,Douglas,0,18,68,1523
35,Douglas,0,19,62,1534
35,Douglas,0,20,45,1545
35,Douglas,0,21,48,1556
35,Douglas,0,22,44,1817
35,Douglas,0,23,25,1828
35,Douglas,1,0,27,1755
35,Douglas,1,1,25,1766
35,Douglas,1,2,13,1777
35,Douglas,1,3,12,1788
35,Douglas,1,4,13,1799
35,Douglas,1,5,12,1810
35,Douglas,1,6,38,1571
35,Douglas,1,7,60,1582
35,Douglas,1,8,55,1593
35,Douglas,1,9,59,1604
35,Douglas,1,10,36,1615
35,Douglas,1,11,48,1626
35,Douglas,1,12,51,1457
35,Douglas,1,13,46,1468
35,Douglas,1,14,40,1479
35,Douglas,1,15,36,1490
35,Douglas,1,16,71,1501
35,Douglas,1,17,76,1512
35,Douglas,1,18,69,1523
35,Douglas,1,19,74,1534
35,Douglas,1,20,45,1545
35,Douglas,1,21,49,1556
35,Douglas,1,22,44,1817
35,Douglas,1,23,25,1828
35,Douglas,2,0,26,1755
35,Douglas,2,1,24,1766
35,Douglas,2,2,13,1777
35,Douglas,2,3,14,1788
35,Douglas,2,4,13,1799
35,Douglas,2,5,13,1810
35,Douglas,2,6,37,1571
35,Douglas,2,7,58,1582
35,Douglas,2,8,52,1593
35,Douglas,2,9,56,1604
35,Douglas,2,10,41,1615
35,Douglas,2,11,46,1626
35,Douglas,2,12,49,1457
35,Douglas,2,13,45,1468
35,Douglas,2,14,39,1479
35,Douglas,2,15,41,1490
35,Douglas,2,16,69,1501
35,Douglas,2,17,74,1512
35,Douglas,2,18,66,1523
35,Douglas,2,19,71,1534
35,Douglas,2,20,52,1545
35,Douglas,2,21,47,1556
35,Douglas,2,22,50,1817
35,Douglas,2,23,24,1828
35,Douglas,3,0,25,1755
35,Douglas,3,1,27,1766
35,Douglas,3,2,12,1777
35,Douglas,3,3,13,1788
35,Douglas,3,4,12,1799
35,Douglas,3,5,13,1810
35,Douglas,3,6,42,1571
35,Douglas,3,7,56,1582
35,Douglas,3,8,60,1593
35,Douglas,3,9,54,1604
35,Douglas,3,10,40,1615
35,Douglas,3,11,44,1626
35,Douglas,3,12,47,1457
35,Douglas,3,13,51,1468
35,Douglas,3,14,37,1479
35,Douglas,3,15,40,1490
35,Douglas,3,16,66,1501
35,Douglas,3,17,71,1512
35,Douglas,3,18,76,1523
35,Douglas,3,19,69,1534
35,Douglas,3,20,50,1545
35,Douglas,3,21,45,1556
35,Douglas,3,22,48,1817
35,Douglas,3,23,27,1828
35,Douglas,4,0,24,1755
35,Douglas,4,1,26,1766
35,Douglas,4,2,12,1777
35,Douglas,4,3,13,1788
35,Douglas,4,4,14,1799
35,Douglas,4,5,12,1810
35,Douglas,4,6,40,1571
35,Douglas,4,7,54,1582
35,Douglas,4,8,58,1593
35,Douglas,4,9,62,1604
35,Douglas,4,10,38,1615
35,Douglas,4,11,50,1626
35,Douglas,4,12,45,1457
35,Douglas,4,13,49,1468
35,Douglas,4,14,36,1479
35,Douglas,4,15,38,1490
35,Douglas,4,16,75,1501
35,Douglas,4,17,68,1512
35,Douglas,4,18,73,1523
35,Douglas,4,19,66,1534
35,Douglas,4,20,48,1545
35,Douglas,4,21,51,1556
35,Douglas,4,22,46,1817
35,Douglas,4,23,26,1828
35,Douglas,5,0,23,1855
35,Douglas,5,1,25,1866
35,Douglas,5,2,14,1877
35,Douglas,5,3,12,1888
35,Douglas,5,4,13,1899
35,Douglas,5,5,12,1910
35,Douglas,5,6,39,1671
35,Douglas,5,7,61,1682
35,Douglas,5,8,55,1693
35,Douglas,5,9,59,1704
35,Douglas,5,10,36,1715
35,Douglas,5,11,48,1726
35,Douglas,5,12,52,1557
35,Douglas,5,13,47,1568
35,Douglas,5,14,41,1579
35,Douglas,5,15,37,1590
35,Douglas,5,16,72,1601
35,Douglas,5,17,65,1612
35,Douglas,5,18,70,1623
35,Douglas,5,19,75,1634
35,Douglas,5,20,46,1645
35,Douglas,5,21,49,1656
35,Douglas,5,22,45,1917
35,Douglas,5,23,25,1928
35,Douglas,6,0,25,1855
35,Douglas,6,1,23,1866
35,Douglas,6,2,12,1877
35,Douglas,6,3,11,1888
35,Douglas,6,4,12,1899
35,Douglas,6,5,13,1910
35,Douglas,6,6,35,1671
35,Douglas,6,7,56,1682
35,Douglas,6,8,50,1693
35,Douglas,6,9,54,1704
35,Douglas,6,10,39,1715
35,Douglas,6,11,44,1726
35,Douglas,6,12,47,1557
35,Douglas,6,13,43,1568
35,Douglas,6,14,37,1579
35,Douglas,6,15,40,1590
35,Douglas,6,16,66,1601
35,Douglas,6,17,71,1612
35,Douglas,6,18,64,1623
35,Douglas,6,19,68,1634
35,Douglas,6,20,42,1645
35,Douglas,6,21,45,1656
35,Douglas,6,22,48,1917
35,Douglas,6,23,23,1928
36,Oakland,0,0,15,1772
36,Oakland,0,1,16,1783
36,Oakland,0,2,7,1794
36,Oakland,0,3,8,1805
36,Oakland,0,4,7,1816
36,Oakland,0,5,8,1827
36,Oakland,0,6,25,1588
36,Oakland,0,7,33,1599
36,Oakland,0,8,35,1610
36,Oakland,0,9,32,1621
36,Oakland,0,10,23,1452
36,Oakland,0,11,31,1463
36,Oakland,0,12,28,1474
36,Oakland,0,13,30,1485
36,Oakland,0,14,22,1496
36,Oakland,0,15,23,1507
36,Oakland,0,16,46,1518
36,Oakland,0,17,42,1529
36,Oakland,0,18,45,1540
36,Oakland,0,19,40,1551
36,Oakland,0,20,29,1562
36,Oakland,0,21,26,1573
36,Oakland,0,22,28,1834
36,Oakland,0,23,16,1845
36,Oakland,1,0,15,1772
36,Oakland,1,1,16,1783
36,Oakland,1,2,9,1794
36,Oakland,1,3,8,1805
36,Oakland,1,4,8,1816
36,Oakland,1,5,8,1827
36,Oakland,1,6,25,1588
36,Oakland,1,7,33,1599
36,Oakland,1,8,36,1610
36,Oakland,1,9,38,1621
36,Oakland,1,10,24,1452
36,Oakland,1,11,31,1463
36,Oakland,1,12,28,1474
36,Oakland,1,13,30,1485
36,Oakland,1,14,26,1496
36,Oakland,1,15,24,1507
36,Oakland,1,16,46,1518
36,Oakland,1,17,42,1529
36,Oakland,1,18,45,1540
36,Oakland,1,19,48,1551
36,Oakland,1,20,30,1562
36,Oakland,1,21,32,1573
36,Oakland,1,22,29,1834
36,Oakland,1,23,16,1845
36,Oakland,2,0,17,1772
36,Oakland,2,1,15,1783
36,Oakland,2,2,8,1794
36,Oakland,2,3,8,1805
36,Oakland,2,4,8,1816
36,Oakland,2,5,9,1827
36,Oakland,2,6,24,1588
36,Oakland,2,7,38,1599
36,Oakland,2,8,34,1610
36,Oakland,2,9,37,1621
36,Oakland,2,10,23,1452
36,Oakland,2,11,30,1463
36,Oakland,2,12,32,1474
36,Oakland,2,13,29,1485
36,Oakland,2,14,25,1496
36,Oakland,2,15,23,1507
36,Oakland,2,16,45,1518
36,Oakland,2,17,48,1529
36,Oakland,2,18,43,1540
36,Oakland,2,19,46,1551
36,Oakland,2,20,28,1562
36,Oakland,2,21,31,1573
36,Oakland,2,22,33,1834
36,Oakland,2,23,16,1845
36,Oakland,3,0,16,1772
36,Oakland,3,1,15,1783
36,Oakland,3,2,8,1794
36,Oakland,3,3,9,1805
36,Oakland,3,4,8,1816
36,Oakland,3,5,8,1827
36,Oakland,3,6,23,1588
36,Oakland,3,7,36,1599
36,Oakland,3,8,39,1610
36,Oakland,3,9,35,1621
36,Oakland,3,10,26,1452
36,Oakland,3,11,29,1463
36,Oakland,3,12,31,1474
36,Oakland,3,13,28,1485
36,Oakland,3,14,24,1496
36,Oakland,3,15,26,1507
36,Oakland,3,16,43,1518
36,Oakland,3,17,46,1529
36,Oakland,3,18,42,1540
36,Oakland,3,19,45,1551
36,Oakland,3,20,32,1562
36,Oakland,3,21,29,1573
36,Oakland,3,22,31,1834
36,Oakland,3,23,15,1845
36,Oakland,4,0,16,1772
36,Oakland,4,1,17,1783
36,Oakland,4,2,8,1794
36,Oakland,4,3,8,1805
36,Oakland,4,4,7,1816
36,Oakland,4,5,8,1827
36,Oakland,4,6,26,1588
36,Oakland,4,7,35,1599
36,Oakland,4,8,37,1610
36,Oakland,4,9,34,1621
36,Oakland,4,10,25,1452
36,Oakland,4,11,33,1463
36,Oakland,4,12,30,1474
36,Oakland,4,13,32,1485
36,Oakland,4,14,23,1496
36,Oakland,4,15,25,1507
36,Oakland,4,16,41,1518
36,Oakland,4,17,44,1529
36,Oakland,4,18,47,1540
36,Oakland,4,19,43,1551
36,Oakland,4,20,31,1562
36,Oakland,4,21,28,1573
36,Oakland,4,22,30,1834
36,Oakland,4,23,17,1845
36,Oakland,5,0,15,1872
36,Oakland,5,1,16,1883
36,Oakland,5,2,7,1894
36,Oakland,5,3,8,1905
36,Oakland,5,4,9,1916
36,Oakland,5,5,8,1927
36,Oakland,5,6,25,1688
36,Oakland,5,7,33,1699
36,Oakland,5,8,36,1710
36,Oakland,5,9,39,1721
36,Oakland,5,10,24,1552
36,Oakland,5,11,31,1563
36,Oakland,5,12,28,1574
36,Oakland,5,13,31,1585
36,Oakland,5,14,26,1596
36,Oakland,5,15,24,1607
36,Oakland,5,16,47,1618
36,Oakland,5,17,42,1629
36,Oakland,5,18,46,1640
36,Oakland,5,19,41,1651
36,Oakland,5,20,30,1662
36,Oakland,5,21,32,1673
36,Oakland,5,22,29,1934
36,Oakland,5,23,16,1945
36,Oakland,6,0,16,1872
36,Oakland,6,1,15,1883
36,Oakland,6,2,8,1894
36,Oakland,6,3,7,1905
36,Oakland,6,4,8,1916
36,Oakland,6,5,7,1927
36,Oakland,6,6,23,1688
36,Oakland,6,7,36,1699
36,Oakland,6,8,33,1710
36,Oakland,6,9,35,1721
36,Oakland,6,10,22,1552
36,Oakland,6,11,29,1563
36,Oakland,6,12,31,1574
36,Oakland,6,13,28,1585
36,Oakland,6,14,24,1596
36,Oakland,6,15,22,1607
36,Oakland,6,16,43,1618
36,Oakland,6,17,46,1629
36,Oakland,6,18,42,1640
36,Oakland,6,19,45,1651
36,Oakland,6,20,27,1662
36,Oakland,6,21,29,1673
36,Oakland,6,22,26,1934
36,Oakland,6,23,15,1945
37,Fuller Park,0,0,11,1789
37,Fuller Park,0,1,12,1800
37,Fuller Park,0,2,6,1811
37,Fuller Park,0,3,6,1822
37,Fuller Park,0,4,5,1833
37,Fuller Park,0,5,6,1844
37,Fuller Park,0,6,16,1605
37,Fuller Park,0,7,25,1616
37,Fuller Park,0,8,27,1627
37,Fuller Park,0,9,25,1458
37,Fuller Park,0,10,18,1469
37,Fuller Park,0,11,20,1480
37,Fuller Park,0,12,22,1491
37,Fuller Park,0,13,23,1502
37,Fuller Park,0,14,17,1513
37,Fuller Park,0,15,18,1524
37,Fuller Park,0,16,30,1535
37,Fuller Park,0,17,32,1546
37,Fuller Park,0,18,34,1557
37,Fuller Park,0,19,31,1568
37,Fuller Park,0,20,23,1579
37,Fuller Park,0,21,20,1590
37,Fuller Park,0,22,22,1851
37,Fuller Park,0,23,10,1862
37,Fuller Park,1,0,12,1789
37,Fuller Park,1,1,12,1800
37,Fuller Park,1,2,6,1811
37,Fuller Park,1,3,6,1822
37,Fuller Park,1,4,7,1833
37,Fuller Park,1,5,6,1844
37,Fuller Park,1,6,19,1605
37,Fuller Park,1,7,26,1616
37,Fuller Park,1,8,28,1627
37,Fuller Park,1,9,25,1458
37,Fuller Park,1,10,18,1469
37,Fuller Park,1,11,24,1480
37,Fuller Park,1,12,22,1491
37,Fuller Park,1,13,23,1502
37,Fuller Park,1,14,17,1513
37,Fuller Park,1,15,18,1524
37,Fuller Park,1,16,36,1535
37,Fuller Park,1,17,32,1546
37,Fuller Park,1,18,35,1557
37,Fuller Park,1,19,31,1568
37,Fuller Park,1,20,23,1579
37,Fuller Park,1,21,24,1590
37,Fuller Park,1,22,22,1851
37,Fuller Park,1,23,12,1862
37,Fuller Park,2,0,11,1789
37,Fuller Park,2,1,12,1800
37,Fuller Park,2,2,6,1811
37,Fuller Park,2,3,6,1822
37,Fuller Park,2,4,6,1833
37,Fuller Park,2,5,6,1844
37,Fuller Park,2,6,19,1605
37,Fuller Park,2,7,29,1616
37,Fuller Park,2,8,26,1627
37,Fuller Park,2,9,28,1458
37,Fuller Park,2,10,17,1469
37,Fuller Park,2,11,23,1480
37,Fuller Park,2,12,21,1491
37,Fuller Park,2,13,22,1502
37,Fuller Park,2,14,19,1513
37,Fuller Park,2,15,18,1524
37,Fuller Park,2,16,34,1535
37,Fuller Park,2,17,31,1546
37,Fuller Park,2,18,33,1557
37,Fuller Park,2,19,36,1568
37,Fuller Park,2,20,22,1579
37,Fuller Park,2,21,24,1590
37,Fuller Park,2,22,21,1851
37,Fuller Park,2,23,12,1862
37,Fuller Park,3,0,13,1789
37,Fuller Park,3,1,11,1800
37,Fuller Park,3,2,6,1811
37,Fuller Park,3,3,6,1822
37,Fuller Park,3,4,6,1833
37,Fuller Park,3,5,6,1844
37,Fuller Park,3,6,18,1605
37,Fuller Park,3,7,28,1616
37,Fuller Park,3,8,25,1627
37,Fuller Park,3,9,27,1458
37,Fuller Park,3,10,20,1469
37,Fuller Park,3,11,22,1480
37,Fuller Park,3,12,24,1491
37,Fuller Park,3,13,22,1502
37,Fuller Park,3,14,19,1513
37,Fuller Park,3,15,17,1524
37,Fuller Park,3,16,33,1535
37,Fuller Park,3,17,35,1546
37,Fuller Park,3,18,32,1557
37,Fuller Park,3,19,34,1568
37,Fuller Park,3,20,21,1579
37,Fuller Park,3,21,23,1590
37,Fuller Park,3,22,24,1851
37,Fuller Park,3,23,12,1862
37,Fuller Park,4,0,12,1789
37,Fuller Park,4,1,11,1800
37,Fuller Park,4,2,6,1811
37,Fuller Park,4,3,6,1822
37,Fuller Park,4,4,6,1833
37,Fuller Park,4,5,6,1844
37,Fuller Park,4,6,17,1605
37,Fuller Park,4,7,27,1616
37,Fuller Park,4,8,29,1627
37,Fuller Park,4,9,26,1458
37,Fuller Park,4,10,19,1469
37,Fuller Park,4,11,21,1480
37,Fuller Park,4,12,23,1491
37,Fuller Park,4,13,24,1502
37,Fuller Park,4,14,18,1513
37,Fuller Park,4,15,19,1524
37,Fuller Park,4,16,32,1535
37,Fuller Park,4,17,34,1546
37,Fuller Park,4,18,31,1557
37,Fuller Park,4,19,33,1568
37,Fuller Park,4,20,24,1579
37,Fuller Park,4,21,22,1590
37,Fuller Park,4,22,23,1851
37,Fuller Park,4,23,11,1862
37,Fuller Park,5,0,12,1889
37,Fuller Park,5,1,12,1900
37,Fuller Park,5,2,6,1911
37,Fuller Park,5,3,6,1922
37,Fuller Park,5,4,6,1933
37,Fuller Park,5,5,6,1944
37,Fuller Park,5,6,19,1705
37,Fuller Park,5,7,26,1716
37,Fuller Park,5,8,28,1727
37,Fuller Park,5,9,25,1558
37,Fuller Park,5,10,18,1569
37,Fuller Park,5,11,24,1580
37,Fuller Park,5,12,22,1591
37,Fuller Park,5,13,24,1602
37,Fuller Park,5,14,17,1613
37,Fuller Park,5,15,19,1624
37,Fuller Park,5,16,36,1635
37,Fuller Park,5,17,33,1646
37,Fuller Park,5,18,35,1657
37,Fuller Park,5,19,32,1668
37,Fuller Park,5,20,23,1679
37,Fuller Park,5,21,21,1690
37,Fuller Park,5,22,22,1951
37,Fuller Park,5,23,13,1962
37,Fuller Park,6,0,11,1889
37,Fuller Park,6,1,11,1900
37,Fuller Park,6,2,6,1911
37,Fuller Park,6,3,6,1922
37,Fuller Park,6,4,6,1933
37,Fuller Park,6,5,5,1944
37,Fuller Park,6,6,18,1705
37,Fuller Park,6,7,24,1716
37,Fuller Park,6,8,25,1727
37,Fuller Park,6,9,27,1558
37,Fuller Park,6,10,17,1569
37,Fuller Park,6,11,22,1580
37,Fuller Park,6,12,20,1591
37,Fuller Park,6,13,22,1602
37,Fuller Park,6,14,19,1613
37,Fuller Park,6,15,17,1624
37,Fuller Park,6,16,33,1635
37,Fuller Park,6,17,30,1646
37,Fuller Park,6,18,32,1657
37,Fuller Park,6,19,34,1668
37,Fuller Park,6,20,21,1679
37,Fuller Park,6,21,23,1690
37,Fuller Park,6,22,20,1951
37,Fuller Park,6,23,12,1962
38,Grand Boulevard,0,0,23,1806
38,Grand Boulevard,0,1,21,1817
38,Grand Boulevard,0,2,12,1828
38,Grand Boulevard,0,3,12,1839
38,Grand Boulevard,0,4,11,1850
38,Grand Boulevard,0,5,12,1861
38,Grand Boulevard,0,6,33,1622
38,Grand Boulevard,0,7,52,1453
38,Grand Boulevard,0,8,47,1464
38,Grand Boulevard,0,9,51,1475
38,Grand Boulevard,0,10,37,1486
38,Grand Boulevard,0,11,41,1497
38,Grand Boulevard,0,12,44,1508
38,Grand Boulevard,0,13,40,1519
38,Grand Boulevard,0,14,35,1530
38,Grand Boulevard,0,15,37,1541
38,Grand Boulevard,0,16,62,1552
38,Grand Boulevard,0,17,66,1563
38,Grand Boulevard,0,18,60,1574
38,Grand Boulevard,0,19,64,1585
38,Grand Boulevard,0,20,47,1596
38,Grand Boulevard,0,21,42,1607
38,Grand Boulevard,0,22,45,1868
38,Grand Boulevard,0,23,21,1879
38,Grand Boulevard,1,0,24,1806
38,Grand Boulevard,1,1,25,1817
38,Grand Boulevard,1,2,12,1828
38,Grand Boulevard,1,3,13,1839
38,Grand Boulevard,1,4,11,1850
38,Grand Boulevard,1,5,12,1861
38,Grand Boulevard,1,6,40,1622
38,Grand Boulevard,1,7,53,1453
38,Grand Boulevard,1,8,57,1464
38,Grand Boulevard,1,9,51,1475
38,Grand Boulevard,1,10,37,1486
38,Grand Boulevard,1,11,42,1497
38,Grand Boulevard,1,12,45,1508
38,Grand Boulevard,1,13,48,1519
38,Grand Boulevard,1,14,35,1530
38,Grand Boulevard,1,15,38,1541
38,Grand Boulevard,1,16,62,1552
38,Grand Boulevard,1,17,67,1563
38,Grand Boulevard,1,18,72,1574
38,Grand Boulevard,1,19,65,1585
38,Grand Boulevard,1,20,47,1596
38,Grand Boulevard,1,21,43,1607
38,Grand Boulevard,1,22,46,1868
38,Grand Boulevard,1,23,26,1879
38,Grand Boulevard,2,0,23,1806
38,Grand Boulevard,2,1,24,1817
38,Grand Boulevard,2,2,11,1828
38,Grand Boulevard,2,3,12,1839
38,Grand Boulevard,2,4,13,1850
38,Grand Boulevard,2,5,12,1861
38,Grand Boulevard,2,6,38,1622
38,Grand Boulevard,2,7,51,1453
38,Grand Boulevard,2,8,55,1464
38,Grand Boulevard,2,9,58,1475
38,Grand Boulevard,2,10,36,1486
38,Grand Boulevard,2,11,48,1497
38,Grand Boulevard,2,12,43,1508
38,Grand Boulevard,2,13,46,1519
38,Grand Boulevard,2,14,34,1530
38,Grand Boulevard,2,15,36,1541
38,Grand Boulevard,2,16,71,1552
38,Grand Boulevard,2,17,64,1563
38,Grand Boulevard,2,18,69,1574
38,Grand Boulevard,2,19,62,1585
38,Grand Boulevard,2,20,45,1596
38,Grand Boulevard,2,21,49,1607
38,Grand Boulevard,2,22,44,1868
38,Grand Boulevard,2,23,25,1879
38,Grand Boulevard,3,0,22,1806
38,Grand Boulevard,3,1,24,1817
38,Grand Boulevard,3,2,13,1828
38,Grand Boulevard,3,3,12,1839
38,Grand Boulevard,3,4,12,1850
38,Grand Boulevard,3,5,11,1861
38,Grand Boulevard,3,6,37,1622
38,Grand Boulevard,3,7,58,1453
38,Grand Boulevard,3,8,52,1464
38,Grand Boulevard,3,9,56,1475
38,Grand Boulevard,3,10,35,1486
38,Grand Boulevard,3,11,46,1497
38,Grand Boulevard,3,12,49,1508
38,Grand Boulevard,3,13,44,1519
38,Grand Boulevard,3,14,39,1530
38,Grand Boulevard,3,15,35,1541
38,Grand Boulevard,3,16,68,1552
38,Grand Boulevard,3,17,62,1563
38,Grand Boulevard,3,18,66,1574
38,Grand Boulevard,3,19,71,1585
38,Grand Boulevard,3,20,44,1596
38,Grand Boulevard,3,21,47,1607
38,Grand Boulevard,3,22,42,1868
38,Grand Boulevard,3,23,24,1879
38,Grand Boulevard,4,0,25,1806
38,Grand Boulevard,4,1,23,1817
38,Grand Boulevard,4,2,12,1828
38,Grand Boulevard,4,3,11,1839
38,Grand Boulevard,4,4,12,1850
38,Grand Boulevard,4,5,13,1861
38,Grand Boulevard,4,6,35,1622
38,Grand Boulevard,4,7,56,1453
38,Grand Boulevard,4,8,50,1464
38,Grand Boulevard,4,9,54,1475
38,Grand Boulevard,4,10,39,1486
38,Grand Boulevard,4,11,44,1497
38,Grand Boulevard,4,12,47,1508
38,Grand Boulevard,4,13,43,1519
38,Grand Boulevard,4,14,37,1530
38,Grand Boulevard,4,15,40,1541
38,Grand Boulevard,4,16,66,1552
38,Grand Boulevard,4,17,70,1563
38,Grand Boulevard,4,18,64,1574
38,Grand Boulevard,4,19,68,1585
38,Grand Boulevard,4,20,42,1596
38,Grand Boulevard,4,21,45,1607
38,Grand Boulevard,4,22,48,1868
38,Grand Boulevard,4,23,23,1879
38,Grand Boulevard,5,0,24,1906
38,Grand Boulevard,5,1,26,1917
38,Grand Boulevard,5,2,12,1928
38,Grand Boulevard,5,3,13,1939
38,Grand Boulevard,5,4,11,1950
38,Grand Boulevard,5,5,12,1961
38,Grand Boulevard,5,6,34,1722
38,Grand Boulevard,5,7,53,1553
38,Grand Boulevard,5,8,57,1564
38,Grand Boulevard,5,9,52,1575
38,Grand Boulevard,5,10,38,1586
38,Grand Boulevard,5,11,42,1597
38,Grand Boulevard,5,12,45,1608
38,Grand Boulevard,5,13,49,1619
38,Grand Boulevard,5,14,36,1630
38,Grand Boulevard,5,15,38,1641
38,Grand Boulevard,5,16,63,1652
38,Grand Boulevard,5,17,68,1663
38,Grand Boulevard,5,18,72,1674
38,Grand Boulevard,5,19,66,1685
38,Grand Boulevard,5,20,48,1696
38,Grand Boulevard,5,21,43,1707
38,Grand Boulevard,5,22,46,1968
38,Grand Boulevard,5,23,22,1979
38,Grand Boulevard,6,0,22,1906
38,Grand Boulevard,6,1,23,1917
38,Grand Boulevard,6,2,11,1928
38,Grand Boulevard,6,3,12,1939
38,Grand Boulevard,6,4,12,1950
38,Grand Boulevard,6,5,11,1961
38,Grand Boulevard,6,6,37,1722
38,Grand Boulevard,6,7,49,1553
38,Grand Boulevard,6,8,52,1564
38,Grand Boulevard,6,9,47,1575
38,Grand Boulevard,6,10,35,1586
38,Grand Boulevard,6,11,46,1597
38,Grand Boulevard,6,12,41,1608
38,Grand Boulevard,6,13,44,1619
38,Grand Boulevard,6,14,32,1630
38,Grand Boulevard,6,15,35,1641
38,Grand Boulevard,6,16,68,1652
38,Grand Boulevard,6,17,62,1663
38,Grand Boulevard,6,18,66,1674
38,Grand Boulevard,6,19,60,1685
38,Grand Boulevard,6,20,44,1696
38,Grand Boulevard,6,21,47,1707
38,Grand Boulevard,6,22,42,1968
38,Grand Boulevard,6,23,24,1979
39,Kenwood,0,0,28,1823
39,Kenwood,0,1,26,1834
39,Kenwood,0,2,14,1845
39,Kenwood,0,3,13,1856
39,Kenwood,0,4,14,1867
39,Kenwood,0,5,14,1878
39,Kenwood,0,6,40,1459
39,Kenwood,0,7,63,1470
39,Kenwood,0,8,57,1481
39,Kenwood,0,9,61,1492
39,Kenwood,0,10,37,1503
39,Kenwood,0,11,50,1514
39,Kenwood,0,12,53,1525
39,Kenwood,0,13,48,1536
39,Kenwood,0,14,42,1547
39,Kenwood,0,15,38,1558
39,Kenwood,0,16,74,1569
39,Kenwood,0,17,79,1580
39,Kenwood,0,18,72,1591
39,Kenwood,0,19,77,1602
39,Kenwood,0,20,47,1613
39,Kenwood,0,21,51,1624
39,Kenwood,0,22,54,1705
39,Kenwood,0,23,26,1716
39,Kenwood,1,0,29,1823
39,Kenwood,1,1,26,1834
39,Kenwood,1,2,14,1845
39,Kenwood,1,3,15,1856
39,Kenwood,1,4,14,1867
39,Kenwood,1,5,15,1878
39,Kenwood,1,6,40,1459
39,Kenwood,1,7,64,1470
39,Kenwood,1,8,68,1481
39,Kenwood,1,9,62,1492
39,Kenwood,1,10,45,1503
39,Kenwood,1,11,50,1514
39,Kenwood,1,12,54,1525
39,Kenwood,1,13,49,1536
39,Kenwood,1,14,42,1547
39,Kenwood,1,15,45,1558
39,Kenwood,1,16,75,1569
39,Kenwood,1,17,80,1580
39,Kenwood,1,18,73,1591
39,Kenwood,1,19,78,1602
39,Kenwood,1,20,57,1613
39,Kenwood,1,21,51,1624
39,Kenwood,1,22,55,1705
39,Kenwood,1,23,26,1716
39,Kenwood,2,0,27,1823
39,Kenwood,2,1,29,1834
39,Kenwood,2,2,14,1845
39,Kenwood,2,3,15,1856
39,Kenwood,2,4,13,1867
39,Kenwood,2,5,14,1878
39,Kenwood,2,6,46,1459
39,Kenwood,2,7,61,1470
39,Kenwood,2,8,66,1481
39,Kenwood,2,9,59,1492
39,Kenwood,2,10,43,1503
39,Kenwood,2,11,57,1514
39,Kenwood,2,12,52,1525
39,Kenwood,2,13,56,1536
39,Kenwood,2,14,41,1547
39,Kenwood,2,15,44,1558
39,Kenwood,2,16,72,1569
39,Kenwood,2,17,77,1580
39,Kenwood,2,18,83,1591
39,Kenwood,2,19,75,1602
39,Kenwood,2,20,55,1613
39,Kenwood,2,21,49,1624
39,Kenwood,2,22,53,1705
39,Kenwood,2,23,30,1716
39,Kenwood,3,0,26,1823
39,Kenwood,3,1,28,1834
39,Kenwood,3,2,13,1845
39,Kenwood,3,3,14,1856
39,Kenwood,3,4,15,1867
39,Kenwood,3,5,14,1878
39,Kenwood,3,6,44,1459
39,Kenwood,3,7,59,1470
39,Kenwood,3,8,63,1481
39,Kenwood,3,9,67,1492
39,Kenwood,3,10,42,1503
39,Kenwood,3,11,55,1514
39,Kenwood,3,12,50,1525
39,Kenwood,3,13,53,1536
39,Kenwood,3,14,46,1547
39,Kenwood,3,15,42,1558
39,Kenwood,3,16,82,1569
39,Kenwood,3,17,74,1580
39,Kenwood,3,18,80,1591
39,Kenwood,3,19,72,1602
39,Kenwood,3,20,52,1613
39,Kenwood,3,21,56,1624
39,Kenwood,3,22,51,1705
39,Kenwood,3,23,29,1716
39,Kenwood,4,0,30,1823
39,Kenwood,4,1,27,1834
39,Kenwood,4,2,15,1845
39,Kenwood,4,3,13,1856
39,Kenwood,4,4,14,1867
39,Kenwood,4,5,13,1878
39,Kenwood,4,6,42,1459
39,Kenwood,4,7,67,1470
39,Kenwood,4,8,60,1481
39,Kenwood,4,9,65,1492
39,Kenwood,4,10,40,1503
39,Kenwood,4,11,53,1514
39,Kenwood,4,12,57,1525
39,Kenwood,4,13,51,1536
39,Kenwood,4,14,45,1547
39,Kenwood,4,15,40,1558
39,Kenwood,4,16,79,1569
39,Kenwood,4,17,84,1580
39,Kenwood,4,18,77,1591
39,Kenwood,4,19,82,1602
39,Kenwood,4,20,50,1613
39,Kenwood,4,21,54,1624
39,Kenwood,4,22,49,1705
39,Kenwood,4,23,27,1716
39,Kenwood,5,0,29,1923
39,Kenwood,5,1,26,1934
39,Kenwood,5,2,14,1945
39,Kenwood,5,3,15,1956
39,Kenwood,5,4,14,1967
39,Kenwood,5,5,15,1978
39,Kenwood,5,6,41,1559
39,Kenwood,5,7,64,1570
39,Kenwood,5,8,58,1581
39,Kenwood,5,9,62,1592
39,Kenwood,5,10,45,1603
39,Kenwood,5,11,51,1614
39,Kenwood,5,12,55,1625
39,Kenwood,5,13,49,1636
39,Kenwood,5,14,43,1647
39,Kenwood,5,15,46,1658
39,Kenwood,5,16,76,1669
39,Kenwood,5,17,81,1680
39,Kenwood,5,18,73,1691
39,Kenwood,5,19,79,1702
39,Kenwood,5,20,57,1713
39,Kenwood,5,21,52,1724
39,Kenwood,5,22,56,1805
39,Kenwood,5,23,26,1816
39,Kenwood,6,0,26,1923
39,Kenwood,6,1,28,1934
39,Kenwood,6,2,13,1945
39,Kenwood,6,3,14,1956
39,Kenwood,6,4,13,1967
39,Kenwood,6,5,14,1978
39,Kenwood,6,6,44,1559
39,Kenwood,6,7,59,1570
39,Kenwood,6,8,63,1581
39,Kenwood,6,9,57,1592
39,Kenwood,6,10,42,1603
39,Kenwood,6,11,46,1614
39,Kenwood,6,12,50,1625
39,Kenwood,6,13,53,1636
39,Kenwood,6,14,39,1647
39,Kenwood,6,15,42,1658
39,Kenwood,6,16,69,1669
39,Kenwood,6,17,74,1680
39,Kenwood,6,18,79,1691
39,Kenwood,6,19,72,1702
39,Kenwood,6,20,52,1713
39,Kenwood,6,21,47,1724
39,Kenwood,6,22,51,1805
39,Kenwood,6,23,28,1816
40,Washington Park,0,0,15,1840
40,Washington Park,0,1,16,1851
40,Washington Park,0,2,9,1862
40,Washington Park,0,3,8,1873
40,Washington Park,0,4,9,1704
40,Washington Park,0,5,8,1715
40,Washington Park,0,6,25,1476
40,Washington Park,0,7,40,1487
40,Washington Park,0,8,36,1498
40,Washington Park,0,9,39,1509
40,Washington Park,0,10,24,1520
40,Washington Park,0,11,32,1531
40,Washington Park,0,12,29,1542
40,Washington Park,0,13,31,1553
40,Washington Park,0,14,27,1564
40,Washington Park,0,15,24,1575
40,Washington Park,0,16,47,1586
40,Washington Park,0,17,43,1597
40,Washington Park,0,18,46,1608
40,Washington Park,0,19,49,1619
40,Washington Park,0,20,30,1450
40,Washington Park,0,21,32,1461
40,Washington Park,0,22,29,1722
40,Washington Park,0,23,16,1733
40,Washington Park,1,0,18,1840
40,Washington Park,1,1,16,1851
40,Washington Park,1,2,9,1862
40,Washington Park,1,3,8,1873
40,Washington Park,1,4,9,1704
40,Washington Park,1,5,9,1715
40,Washington Park,1,6,26,1476
40,Washington Park,1,7,41,1487
40,Washington Park,1,8,37,1498
40,Washington Park,1,9,39,1509
40,Washington Park,1,10,29,1520
40,Washington Park,1,11,32,1531
40,Washington Park,1,12,34,1542
40,Washington Park,1,13,31,1553
40,Washington Park,1,14,27,1564
40,Washington Park,1,15,24,1575
40,Washington Park,1,16,48,1586
40,Washington Park,1,17,51,1597
40,Washington Park,1,18,46,1608
40,Washington Park,1,19,50,1619
40,Washington Park,1,20,30,1450
40,Washington Park,1,21,33,1461
40,Washington Park,1,22,35,1722
40,Washington Park,1,23,17,1733
40,Washington Park,2,0,18,1840
40,Washington Park,2,1,16,1851
40,Washington Park,2,2,9,1862
40,Washington Park,2,3,9,1873
40,Washington Park,2,4,8,1704
40,Washington Park,2,5,9,1715
40,Washington Park,2,6,25,1476
40,Washington Park,2,7,39,1487
40,Washington Park,2,8,42,1498
40,Washington Park,2,9,38,1509
40,Washington Park,2,10,28,1520
40,Washington Park,2,11,31,1531
40,Washington Park,2,12,33,1542
40,Washington Park,2,13,35,1553
40,Washington Park,2,14,26,1564
40,Washington Park,2,15,28,1575
40,Washington Park,2,16,46,1586
40,Washington Park,2,17,49,1597
40,Washington Park,2,18,44,1608
40,Washington Park,2,19,48,1619
40,Washington Park,2,20,35,1450
40,Washington Park,2,21,31,1461
40,Washington Park,2,22,34,1722
40,Washington Park,2,23,16,1733
40,Washington Park,3,0,17,1840
40,Washington Park,3,1,18,1851
40,Washington Park,3,2,8,1862
40,Washington Park,3,3,9,1873
40,Washington Park,3,4,8,1704
40,Washington Park,3,5,9,1715
40,Washington Park,3,6,28,1476
40,Washington Park,3,7,37,1487
40,Washington Park,3,8,40,1498
40,Washington Park,3,9,36,1509
40,Washington Park,3,10,27,1520
40,Washington Park,3,11,35,1531
40,Washington Park,3,12,32,1542
40,Washington Park,3,13,34,1553
40,Washington Park,3,14,25,1564
40,Washington Park,3,15,27,1575
40,Washington Park,3,16,52,1586
40,Washington Park,3,17,47,1597
40,Washington Park,3,18,51,1608
40,Washington Park,3,19,46,1619
40,Washington Park,3,20,33,1450
40,Washington Park,3,21,30,1461
40,Washington Park,3,22,32,1722
40,Washington Park,3,23,18,1733
40,Washington Park,4,0,16,1840
40,Washington Park,4,1,17,1851
40,Washington Park,4,2,9,1862
40,Washington Park,4,3,9,1873
40,Washington Park,4,4,9,1704
40,Washington Park,4,5,8,1715
40,Washington Park,4,6,27,1476
40,Washington Park,4,7,36,1487
40,Washington Park,4,8,39,1498
40,Washington Park,4,9,41,1509
40,Washington Park,4,10,25,1520
40,Washington Park,4,11,34,1531
40,Washington Park,4,12,30,1542
40,Washington Park,4,13,33,1553
40,Washington Park,4,14,28,1564
40,Washington Park,4,15,26,1575
40,Washington Park,4,16,50,1586
40,Washington Park,4,17,45,1597
40,Washington Park,4,18,49,1608
40,Washington Park,4,19,52,1619
40,Washington Park,4,20,32,1450
40,Washington Park,4,21,34,1461
40,Washington Park,4,22,31,1722
40,Washington Park,4,23,18,1733
40,Washington Park,5,0,18,1940
40,Washington Park,5,1,17,1951
40,Washington Park,5,2,9,1962
40,Washington Park,5,3,8,1973
40,Washington Park,5,4,9,1804
40,Washington Park,5,5,9,1815
40,Washington Park,5,6,26,1576
40,Washington Park,5,7,41,1587
40,Washington Park,5,8,37,1598
40,Washington Park,5,9,40,1609
40,Washington Park,5,10,24,1620
40,Washington Park,5,11,32,1631
40,Washington Park,5,12,35,1642
40,Washington Park,5,13,31,1653
40,Washington Park,5,14,27,1664
40,Washington Park,5,15,25,1675
40,Washington Park,5,16,48,1686
40,Washington Park,5,17,52,1697
40,Washington Park,5,18,47,1708
40,Washington Park,5,19,50,1719
40,Washington Park,5,20,31,1550
40,Washington Park,5,21,33,1561
40,Washington Park,5,22,35,1822
40,Washington Park,5,23,17,1833
40,Washington Park,6,0,17,1940
40,Washington Park,6,1,15,1951
40,Washington Park,6,2,8,1962
40,Washington Park,6,3,9,1973
40,Washington Park,6,4,8,1804
40,Washington Park,6,5,9,1815
40,Washington Park,6,6,24,1576
40,Washington Park,6,7,37,1587
40,Washington Park,6,8,40,1598
40,Washington Park,6,9,36,1609
40,Washington Park,6,10,26,1620
40,Washington Park,6,11,30,1631
40,Washington Park,6,12,32,1642
40,Washington Park,6,13,29,1653
40,Washington Park,6,14,25,1664
40,Washington Park,6,15,27,1675
40,Washington Park,6,16,44,1686
40,Washington Park,6,17,47,1697
40,Washington Park,6,18,43,1708
40,Washington Park,6,19,46,1719
40,Washington Park,6,20,33,1550
40,Washington Park,6,21,30,1561
40,Washington Park,6,22,32,1822
40,Washington Park,6,23,15,1833
41,Hyde Park,0,0,40,1857
41,Hyde Park,0,1,43,1868
41,Hyde Park,0,2,20,1879
41,Hyde Park,0,3,21,1710
41,Hyde Park,0,4,23,1721
41,Hyde Park,0,5,20,1732
41,Hyde Park,0,6,67,1493
41,Hyde Park,0,7,88,1504
41,Hyde Park,0,8,95,1515
41,Hyde Park,0,9,102,1526
41,Hyde Park,0,10,63,1537
41,Hyde Park,0,11,83,1548
41,Hyde Park,0,12,75,1559
41,Hyde Park,0,13,81,1570
41,Hyde Park,0,14,59,1581
41,Hyde Park,0,15,63,1592
41,Hyde Park,0,16,124,1603
41,Hyde Park,0,17,112,1614
41,Hyde Park,0,18,120,1625
41,Hyde Park,0,19,108,1456
41,Hyde Park,0,20,79,1467
41,Hyde Park,0,21,85,1478
41,Hyde Park,0,22,77,1739
41,Hyde Park,0,23,43,1750
41,Hyde Park,1,0,40,1857
41,Hyde Park,1,1,43,1868
41,Hyde Park,1,2,24,1879
41,Hyde Park,1,3,21,1710
41,Hyde Park,1,4,23,1721
41,Hyde Park,1,5,21,1732
41,Hyde Park,1,6,67,1493
41,Hyde Park,1,7,106,1504
41,Hyde Park,1,8,96,1515
41,Hyde Park,1,9,103,1526
41,Hyde Park,1,10,63,1537
41,Hyde Park,1,11,84,1548
41,Hyde Park,1,12,90,1559
41,Hyde Park,1,13,81,1570
41,Hyde Park,1,14,71,1581
41,Hyde Park,1,15,64,1592
41,Hyde Park,1,16,125,1603
41,Hyde Park,1,17,113,1614
41,Hyde Park,1,18,122,1625
41,Hyde Park,1,19,130,1456
41,Hyde Park,1,20,80,1467
41,Hyde Park,1,21,86,1478
41,Hyde Park,1,22,77,1739
41,Hyde Park,1,23,44,1750
41,Hyde Park,2,0,46,1857
41,Hyde Park,2,1,41,1868
41,Hyde Park,2,2,23,1879
41,Hyde Park,2,3,20,1710
41,Hyde Park,2,4,22,1721
41,Hyde Park,2,5,24,1732
41,Hyde Park,2,6,65,1493
41,Hyde Park,2,7,102,1504
41,Hyde Park,2,8,92,1515
41,Hyde Park,2,9,99,1526
41,Hyde Park,2,10,72,1537
41,Hyde Park,2,11,81,1548
41,Hyde Park,2,12,86,1559
41,Hyde Park,2,13,78,1570
41,Hyde Park,2,14,68,1581
41,Hyde Park,2,15,73,1592
41,Hyde Park,2,16,120,1603
41,Hyde Park,2,17,129,1614
41,Hyde Park,2,18,117,1625
41,Hyde Park,2,19,125,1456
41,Hyde Park,2,20,77,1467
41,Hyde Park,2,21,82,1478
41,Hyde Park,2,22,88,1739
41,Hyde Park,2,23,42,1750
41,Hyde Park,3,0,44,1857
41,Hyde Park,3,1,47,1868
41,Hyde Park,3,2,22,1879
41,Hyde Park,3,3,23,1710
41,Hyde Park,3,4,21,1721
41,Hyde Park,3,5,23,1732
41,Hyde Park,3,6,62,1493
41,Hyde Park,3,7,98,1504
41,Hyde Park,3,8,105,1515
41,Hyde Park,3,9,95,1526
41,Hyde Park,3,10,69,1537
41,Hyde Park,3,11,77,1548
41,Hyde Park,3,12,83,1559
41,Hyde Park,3,13,89,1570
41,Hyde Park,3,14,65,1581
41,Hyde Park,3,15,70,1592
41,Hyde Park,3,16,115,1603
41,Hyde Park,3,17,124,1614
41,Hyde Park,3,18,133,1625
41,Hyde Park,3,19,120,1456
41,Hyde Park,3,20,87,1467
41,Hyde Park,3,21,79,1478
41,Hyde Park,3,22,85,1739
41,Hyde Park,3,23,40,1750
41,Hyde Park,4,0,42,1857
41,Hyde Park,4,1,45,1868
41,Hyde Park,4,2,21,1879
41,Hyde Park,4,3,22,1710
41,Hyde Park,4,4,24,1721
41,Hyde Park,4,5,22,1732
41,Hyde Park,4,6,71,1493
41,Hyde Park,4,7,94,1504
41,Hyde Park,4,8,101,1515
41,Hyde Park,4,9,91,1526
41,Hyde Park,4,10,67,1537
41,Hyde Park,4,11,88,1548
41,Hyde Park,4,12,80,1559
41,Hyde Park,4,13,86,1570
41,Hyde Park,4,14,63,1581
41,Hyde Park,4,15,67,1592
41,Hyde Park,4,16,131,1603
41,Hyde Park,4,17,119,1614
41,Hyde Park,4,18,128,1625
41,Hyde Park,4,19,115,1456
41,Hyde Park,4,20,84,1467
41,Hyde Park,4,21,90,1478
41,Hyde Park,4,22,81,1739
41,Hyde Park,4,23,46,1750
41,Hyde Park,5,0,41,1957
41,Hyde Park,5,1,44,1968
41,Hyde Park,5,2,24,1979
41,Hyde Park,5,3,22,1810
41,Hyde Park,5,4,23,1821
41,Hyde Park,5,5,21,1832
41,Hyde Park,5,6,68,1593
41,Hyde Park,5,7,107,1604
41,Hyde Park,5,8,97,1615
41,Hyde Park,5,9,104,1626
41,Hyde Park,5,10,64,1637
41,Hyde Park,5,11,85,1648
41,Hyde Park,5,12,77,1659
41,Hyde Park,5,13,82,1670
41,Hyde Park,5,14,71,1681
41,Hyde Park,5,15,65,1692
41,Hyde Park,5,16,126,1703
41,Hyde Park,5,17,114,1714
41,Hyde Park,5,18,123,1725
41,Hyde Park,5,19,131,1556
41,Hyde Park,5,20,81,1567
41,Hyde Park,5,21,86,1578
41,Hyde Park,5,22,78,1839
41,Hyde Park,5,23,44,1850
41,Hyde Park,6,0,44,1957
41,Hyde Park,6,1,40,1968
41,Hyde Park,6,2,22,1979
41,Hyde Park,6,3,20,1810
41,Hyde Park,6,4,21,1821
41,Hyde Park,6,5,23,1832
41,Hyde Park,6,6,62,1593
41,Hyde Park,6,7,98,1604
41,Hyde Park,6,8,88,1615
41,Hyde Park,6,9,95,1626
41,Hyde Park,6,10,69,1637
41,Hyde Park,6,11,77,1648
41,Hyde Park,6,12,83,1659
41,Hyde Park,6,13,75,1670
41,Hyde Park,6,14,65,1681
41,Hyde Park,6,15,59,1692
41,Hyde Park,6,16,115,1703
41,Hyde Park,6,17,124,1714
41,Hyde Park,6,18,112,1725
41,Hyde Park,6,19,120,1556
41,Hyde Park,6,20,73,1567
41,Hyde Park,6,21,79,1578
41,Hyde Park,6,22,85,1839
41,Hyde Park,6,23,40,1850
42,Woodlawn,0,0,21,1874
42,Woodlawn,0,1,23,1705
42,Woodlawn,0,2,10,1716
42,Woodlawn,0,3,11,1727
42,Woodlawn,0,4,10,1738
42,Woodlawn,0,5,11,1749
42,Woodlawn,0,6,35,1510
42,Woodlawn,0,7,47,1521
42,Woodlawn,0,8,50,1532
42,Woodlawn,0,9,46,1543
42,Woodlawn,0,10,33,1554
42,Woodlawn,0,11,44,1565
42,Woodlawn,0,12,40,1576
42,Woodlawn,0,13,43,1587
42,Woodlawn,0,14,31,1598
42,Woodlawn,0,15,34,1609
42,Woodlawn,0,16,55,1620
42,Woodlawn,0,17,59,1451
42,Woodlawn,0,18,64,1462
42,Woodlawn,0,19,58,1473
42,Woodlawn,0,20,42,1484
42,Woodlawn,0,21,38,1495
42,Woodlawn,0,22,41,1756
42,Woodlawn,0,23,23,1767
42,Woodlawn,1,0,21,1874
42,Woodlawn,1,1,23,1705
42,Woodlawn,1,2,11,1716
42,Woodlawn,1,3,11,1727
42,Woodlawn,1,4,12,1738
42,Woodlawn,1,5,11,1749
42,Woodlawn,1,6,36,1510
42,Woodlawn,1,7,47,1521
42,Woodlawn,1,8,51,1532
42,Woodlawn,1,9,55,1543
42,Woodlawn,1,10,34,1554
42,Woodlawn,1,11,45,1565
42,Woodlawn,1,12,40,1576
42,Woodlawn,1,13,43,1587
42,Woodlawn,1,14,37,1598
42,Woodlawn,1,15,34,1609
42,Woodlawn,1,16,66,1620
42,Woodlawn,1,17,60,1451
42,Woodlawn,1,18,65,1462
42,Woodlawn,1,19,58,1473
42,Woodlawn,1,20,42,1484
42,Woodlawn,1,21,45,1495
42,Woodlawn,1,22,41,1756
42,Woodlawn,1,23,23,1767
42,Woodlawn,2,0,24,1874
42,Woodlawn,2,1,22,1705
42,Woodlawn,2,2,12,1716
42,Woodlawn,2,3,11,1727
42,Woodlawn,2,4,12,1738
42,Woodlawn,2,5,11,1749
42,Woodlawn,2,6,34,1510
42,Woodlawn,2,7,54,1521
42,Woodlawn,2,8,49,1532
42,Woodlawn,2,9,53,1543
42,Woodlawn,2,10,32,1554
42,Woodlawn,2,11,43,1565
42,Woodlawn,2,12,46,1576
42,Woodlawn,2,13,42,1587
42,Woodlawn,2,14,36,1598
42,Woodlawn,2,15,33,1609
42,Woodlawn,2,16,64,1620
42,Woodlawn,2,17,68,1451
42,Woodlawn,2,18,62,1462
42,Woodlawn,2,19,66,1473
42,Woodlawn,2,20,41,1484
42,Woodlawn,2,21,44,1495
42,Woodlawn,2,22,39,1756
42,Woodlawn,2,23,22,1767
42,Woodlawn,3,0,23,1874
42,Woodlawn,3,1,21,1705
42,Woodlawn,3,2,12,1716
42,Woodlawn,3,3,12,1727
42,Woodlawn,3,4,11,1738
42,Woodlawn,3,5,12,1749
42,Woodlawn,3,6,33,1510
42,Woodlawn,3,7,52,1521
42,Woodlawn,3,8,47,1532
42,Woodlawn,3,9,50,1543
42,Woodlawn,3,10,37,1554
42,Woodlawn,3,11,41,1565
42,Woodlawn,3,12,44,1576
42,Woodlawn,3,13,40,1587
42,Woodlawn,3,14,35,1598
42,Woodlawn,3,15,37,1609
42,Woodlawn,3,16,61,1620
42,Woodlawn,3,17,66,1451
42,Woodlawn,3,18,59,1462
42,Woodlawn,3,19,64,1473
42,Woodlawn,3,20,46,1484
42,Woodlawn,3,21,42,1495
42,Woodlawn,3,22,45,1756
42,Woodlawn,3,23,21,1767
42,Woodlawn,4,0,22,1874
42,Woodlawn,4,1,24,1705
42,Woodlawn,4,2,11,1716
42,Woodlawn,4,3,12,1727
42,Woodlawn,4,4,11,1738
42,Woodlawn,4,5,12,1749
42,Woodlawn,4,6,37,1510
42,Woodlawn,4,7,50,1521
42,Woodlawn,4,8,54,1532
42,Woodlawn,4,9,48,1543
42,Woodlawn,4,10,35,1554
42,Woodlawn,4,11,39,1565
42,Woodlawn,4,12,42,1576
42,Woodlawn,4,13,45,1587
42,Woodlawn,4,14,33,1598
42,Woodlawn,4,15,36,1609
42,Woodlawn,4,16,59,1620
42,Woodlawn,4,17,63,1451
42,Woodlawn,4,18,68,1462
42,Woodlawn,4,19,61,1473
42,Woodlawn,4,20,45,1484
42,Woodlawn,4,21,40,1495
42,Woodlawn,4,22,43,1756
42,Woodlawn,4,23,24,1767
42,Woodlawn,5,0,22,1974
42,Woodlawn,5,1,23,1805
42,Woodlawn,5,2,11,1816
42,Woodlawn,5,3,11,1827
42,Woodlawn,5,4,12,1838
42,Woodlawn,5,5,11,1849
42,Woodlawn,5,6,36,1610
42,Woodlawn,5,7,48,1621
42,Woodlawn,5,8,52,1632
42,Woodlawn,5,9,55,1643
42,Woodlawn,5,10,34,1654
42,Woodlawn,5,11,45,1665
42,Woodlawn,5,12,41,1676
42,Woodlawn,5,13,44,1687
42,Woodlawn,5,14,32,1698
42,Woodlawn,5,15,34,1709
42,Woodlawn,5,16,67,1720
42,Woodlawn,5,17,61,1551
42,Woodlawn,5,18,65,1562
42,Woodlawn,5,19,59,1573
42,Woodlawn,5,20,43,1584
42,Woodlawn,5,21,46,1595
42,Woodlawn,5,22,42,1856
42,Woodlawn,5,23,23,1867
42,Woodlawn,6,0,20,1974
42,Woodlawn,6,1,21,1805
42,Woodlawn,6,2,12,1816
42,Woodlawn,6,3,10,1827
42,Woodlawn,6,4,11,1838
42,Woodlawn,6,5,10,1849
42,Woodlawn,6,6,33,1610
42,Woodlawn,6,7,52,1621
42,Woodlawn,6,8,47,1632
42,Woodlawn,6,9,50,1643
42,Woodlawn,6,10,31,1654
42,Woodlawn,6,11,41,1665
42,Woodlawn,6,12,44,1676
42,Woodlawn,6,13,40,1687
42,Woodlawn,6,14,35,1698
42,Woodlawn,6,15,31,1709
42,Woodlawn,6,16,61,1720
42,Woodlawn,6,17,55,1551
42,Woodlawn,6,18,59,1562
42,Woodlawn,6,19,64,1573
42,Woodlawn,6,20,39,1584
42,Woodlawn,6,21,42,1595
42,Woodlawn,6,22,38,1856
42,Woodlawn,6,23,21,1867
43,South Shore,0,0,28,1711
43,South Shore,0,1,25,1722
43,South Shore,0,2,14,1733
43,South Shore,0,3,15,1744
43,South Shore,0,4,13,1755
43,South Shore,0,5,14,1766
43,South Shore,0,6,40,1527
43,South Shore,0,7,63,1538
43,South Shore,0,8,67,1549
43,South Shore,0,9,61,1560
43,South Shore,0,10,44,1571
43,South Shore,0,11,50,1582
43,South Shore,0,12,53,1593
43,South Shore,0,13,57,1604
43,South Shore,0,14,42,1615
43,South Shore,0,15,45,1626
43,South Shore,0,16,74,1457
43,South Shore,0,17,79,1468
43,South Shore,0,18,72,1479
43,South Shore,0,19,77,1490
43,South Shore,0,20,56,1501
43,South Shore,0,21,51,1512
43,South Shore,0,22,54,1773
43,South Shore,0,23,26,1784
43,South Shore,1,0,28,1711
43,South Shore,1,1,30,1722
43,South Shore,1,2,14,1733
43,South Shore,1,3,15,1744
43,South Shore,1,4,14,1755
43,South Shore,1,5,15,1766
43,South Shore,1,6,48,1527
43,South Shore,1,7,63,1538
43,South Shore,1,8,68,1549
43,South Shore,1,9,61,1560
43,South Shore,1,10,45,1571
43,South Shore,1,11,59,1582
43,South Shore,1,12,54,1593
43,South Shore,1,13,58,1604
43,South Shore,1,14,42,1615
43,South Shore,1,15,45,1626
43,South Shore,1,16,88,1457
43,South Shore,1,17,80,1468
43,South Shore,1,18,86,1479
43,South Shore,1,19,78,1490
43,South Shore,1,20,57,1501
43,South Shore,1,21,51,1512
43,South Shore,1,22,55,1773
43,South Shore,1,23,31,1784
43,South Shore,2,0,27,1711
43,South Shore,2,1,29,1722
43,South Shore,2,2,16,1733
43,South Shore,2,3,14,1744
43,South Shore,2,4,16,1755
43,South Shore,2,5,14,1766
43,South Shore,2,6,46,1527
43,South Shore,2,7,61,1538
43,South Shore,2,8,65,1549
43,South Shore,2,9,70,1560
43,South Shore,2,10,43,1571
43,South Shore,2,11,57,1582
43,South Shore,2,12,52,1593
43,South Shore,2,13,55,1604
43,South Shore,2,14,48,1615
43,South Shore,2,15,44,1626
43,South Shore,2,16,85,1457
43,South Shore,2,17,77,1468
43,South Shore,2,18,83,1479
43,South Shore,2,19,88,1490
43,South Shore,2,20,54,1501
43,South Shore,2,21,58,1512
43,South Shore,2,22,53,1773
43,South Shore,2,23,30,1784
43,South Shore,3,0,31,1711
43,South Shore,3,1,28,1722
43,South Shore,3,2,15,1733
43,South Shore,3,3,14,1744
43,South Shore,3,4,15,1755
43,South Shore,3,5,16,1766
43,South Shore,3,6,44,1527
43,South Shore,3,7,69,1538
43,South Shore,3,8,63,1549
43,South Shore,3,9,67,1560
43,South Shore,3,10,41,1571
43,South Shore,3,11,55,1582
43,South Shore,3,12,59,1593
43,South Shore,3,13,53,1604
43,South Shore,3,14,46,1615
43,South Shore,3,15,42,1626
43,South Shore,3,16,82,1457
43,South Shore,3,17,88,1468
43,South Shore,3,18,79,1479
43,South Shore,3,19,85,1490
43,South Shore,3,20,52,1501
43,South Shore,3,21,56,1512
43,South Shore,3,22,60,1773
43,South Shore,3,23,28,1784
43,South Shore,4,0,30,1711
43,South Shore,4,1,27,1722
43,South Shore,4,2,15,1733
43,South Shore,4,3,16,1744
43,South Shore,4,4,14,1755
43,South Shore,4,5,15,1766
43,South Shore,4,6,42,1527
43,South Shore,4,7,67,1538
43,South Shore,4,8,71,1549
43,South Shore,4,9,65,1560
43,South Shore,4,10,47,1571
43,South Shore,4,11,53,1582
43,South Shore,4,12,57,1593
43,South Shore,4,13,51,1604
43,South Shore,4,14,44,1615
43,South Shore,4,15,48,1626
43,South Shore,4,16,79,1457
43,South Shore,4,17,84,1468
43,South Shore,4,18,76,1479
43,South Shore,4,19,82,1490
43,South Shore,4,20,59,1501
43,South Shore,4,21,54,1512
43,South Shore,4,22,58,1773
43,South Shore,4,23,27,1784
43,South Shore,5,0,29,1811
43,South Shore,5,1,31,1822
43,South Shore,5,2,14,1833
43,South Shore,5,3,15,1844
43,South Shore,5,4,14,1855
43,South Shore,5,5,15,1866
43,South Shore,5,6,48,1627
43,South Shore,5,7,64,1638
43,South Shore,5,8,69,1649
43,South Shore,5,9,62,1660
43,South Shore,5,10,45,1671
43,South Shore,5,11,60,1682
43,South Shore,5,12,54,1693
43,South Shore,5,13,58,1704
43,South Shore,5,14,43,1715
43,South Shore,5,15,46,1726
43,South Shore,5,16,75,1557
43,South Shore,5,17,81,1568
43,South Shore,5,18,87,1579
43,South Shore,5,19,79,1590
43,South Shore,5,20,57,1601
43,South Shore,5,21,52,1612
43,South Shore,5,22,55,1873
43,South Shore,5,23,31,1884
43,South Shore,6,0,26,1811
43,South Shore,6,1,28,1822
43,South Shore,6,2,13,1833
43,South Shore,6,3,14,1844
43,South Shore,6,4,15,1855
43,South Shore,6,5,13,1866
43,South Shore,6,6,44,1627
43,South Shore,6,7,58,1638
43,South Shore,6,8,63,1649
43,South Shore,6,9,67,1660
43,South Shore,6,10,41,1671
43,South Shore,6,11,55,1682
43,South Shore,6,12,50,1693
43,South Shore,6,13,53,1704
43,South Shore,6,14,46,1715
43,South Shore,6,15,42,1726
43,South Shore,6,16,82,1557
43,South Shore,6,17,74,1568
43,South Shore,6,18,79,1579
43,South Shore,6,19,72,1590
43,South Shore,6,20,52,1601
43,South Shore,6,21,56,1612
43,South Shore,6,22,51,1873
43,South Shore,6,23,28,1884
44,Chatham,0,0,25,1728
44,Chatham,0,1,23,1739
44,Chatham,0,2,12,1750
44,Chatham,0,3,11,1761
44,Chatham,0,4,12,1772
44,Chatham,0,5,13,1783
44,Chatham,0,6,35,1544
44,Chatham,0,7,56,1555
44,Chatham,0,8,50,1566
44,Chatham,0,9,54,1577
44,Chatham,0,10,39,1588
44,Chatham,0,11,44,1599
44,Chatham,0,12,47,1610
44,Chatham,0,13,43,1621
44,Chatham,0,14,37,1452
44,Chatham,0,15,40,1463
44,Chatham,0,16,66,1474
44,Chatham,0,17,71,1485
44,Chatham,0,18,64,1496
44,Chatham,0,19,68,1507
44,Chatham,0,20,42,1518
44,Chatham,0,21,45,1529
44,Chatham,0,22,48,1790
44,Chatham,0,23,23,1801
44,Chatham,1,0,25,1728
44,Chatham,1,1,27,1739
44,Chatham,1,2,13,1750
44,Chatham,1,3,13,1761
44,Chatham,1,4,12,1772
44,Chatham,1,5,13,1783
44,Chatham,1,6,36,1544
44,Chatham,1,7,56,1555
44,Chatham,1,8,60,1566
44,Chatham,1,9,55,1577
44,Chatham,1,10,40,1588
44,Chatham,1,11,45,1599
44,Chatham,1,12,48,1610
44,Chatham,1,13,51,1621
44,Chatham,1,14,38,1452
44,Chatham,1,15,40,1463
44,Chatham,1,16,66,1474
44,Chatham,1,17,71,1485
44,Chatham,1,18,76,1496
44,Chatham,1,19,69,1507
44,Chatham,1,20,50,1518
44,Chatham,1,21,45,1529
44,Chatham,1,22,49,1790
44,Chatham,1,23,23,1801
44,Chatham,2,0,24,1728
44,Chatham,2,1,26,1739
44,Chatham,2,2,12,1750
44,Chatham,2,3,13,1761
44,Chatham,2,4,14,1772
44,Chatham,2,5,13,1783
44,Chatham,2,6,41,1544
44,Chatham,2,7,54,1555
44,Chatham,2,8,58,1566
44,Chatham,2,9,52,1577
44,Chatham,2,10,38,1588
44,Chatham,2,11,51,1599
44,Chatham,2,12,46,1610
44,Chatham,2,13,49,1621
44,Chatham,2,14,36,1452
44,Chatham,2,15,39,1463
44,Chatham,2,16,76,1474
44,Chatham,2,17,69,1485
44,Chatham,2,18,74,1496
44,Chatham,2,19,66,1507
44,Chatham,2,20,48,1518
44,Chatham,2,21,52,1529
44,Chatham,2,22,47,1790
44,Chatham,2,23,26,1801
44,Chatham,3,0,23,1728
44,Chatham,3,1,25,1739
44,Chatham,3,2,14,1750
44,Chatham,3,3,12,1761
44,Chatham,3,4,13,1772
44,Chatham,3,5,12,1783
44,Chatham,3,6,39,1544
44,Chatham,3,7,62,1555
44,Chatham,3,8,56,1566
44,Chatham,3,9,60,1577
44,Chatham,3,10,37,1588
44,Chatham,3,11,49,1599
44,Chatham,3,12,44,1610
44,Chatham,3,13,47,1621
44,Chatham,3,14,41,1452
44,Chatham,3,15,37,1463
44,Chatham,3,16,73,1474
44,Chatham,3,17,66,1485
44,Chatham,3,18,71,1496
44,Chatham,3,19,76,1507
44,Chatham,3,20,46,1518
44,Chatham,3,21,50,1529
44,Chatham,3,22,45,1790
44,Chatham,3,23,25,1801
44,Chatham,4,0,27,1728
44,Chatham,4,1,24,1739
44,Chatham,4,2,13,1750
44,Chatham,4,3,12,1761
44,Chatham,4,4,13,1772
44,Chatham,4,5,14,1783
44,Chatham,4,6,38,1544
44,Chatham,4,7,59,1555
44,Chatham,4,8,54,1566
44,Chatham,4,9,58,1577
44,Chatham,4,10,42,1588
44,Chatham,4,11,47,1599
44,Chatham,4,12,50,1610
44,Chatham,4,13,45,1621
44,Chatham,4,14,40,1452
44,Chatham,4,15,36,1463
44,Chatham,4,16,70,1474
44,Chatham,4,17,75,1485
44,Chatham,4,18,68,1496
44,Chatham,4,19,73,1507
44,Chatham,4,20,45,1518
44,Chatham,4,21,48,1529
44,Chatham,4,22,51,1790
44,Chatham,4,23,24,1801
44,Chatham,5,0,26,1828
44,Chatham,5,1,23,1839
44,Chatham,5,2,13,1850
44,Chatham,5,3,14,1861
44,Chatham,5,4,12,1872
44,Chatham,5,5,13,1883
44,Chatham,5,6,36,1644
44,Chatham,5,7,57,1655
44,Chatham,5,8,61,1666
44,Chatham,5,9,55,1677
44,Chatham,5,10,40,1688
44,Chatham,5,11,45,1699
44,Chatham,5,12,48,1710
44,Chatham,5,13,52,1721
44,Chatham,5,14,38,1552
44,Chatham,5,15,41,1563
44,Chatham,5,16,67,1574
44,Chatham,5,17,72,1585
44,Chatham,5,18,65,1596
44,Chatham,5,19,70,1607
44,Chatham,5,20,51,1618
44,Chatham,5,21,46,1629
44,Chatham,5,22,49,1890
44,Chatham,5,23,23,1901
44,Chatham,6,0,23,1828
44,Chatham,6,1,25,1839
44,Chatham,6,2,12,1850
44,Chatham,6,3,12,1861
44,Chatham,6,4,11,1872
44,Chatham,6,5,12,1883
44,Chatham,6,6,39,1644
44,Chatham,6,7,52,1655
44,Chatham,6,8,56,1666
44,Chatham,6,9,50,1677
44,Chatham,6,10,37,1688
44,Chatham,6,11,49,1699
44,Chatham,6,12,44,1710
44,Chatham,6,13,47,1721
44,Chatham,6,14,35,1552
44,Chatham,6,15,37,1563
44,Chatham,6,16,73,1574
44,Chatham,6,17,66,1585
44,Chatham,6,18,71,1596
44,Chatham,6,19,64,1607
44,Chatham,6,20,46,1618
44,Chatham,6,21,42,1629
44,Chatham,6,22,45,1890
44,Chatham,6,23,25,1901
45,Avalon Park,0,0,15,1745
45,Avalon Park,0,1,14,1756
45,Avalon Park,0,2,7,1767
45,Avalon Park,0,3,7,1778
45,Avalon Park,0,4,7,1789
45,Avalon Park,0,5,6,1800
45,Avalon Park,0,6,21,1561
45,Avalon Park,0,7,33,1572
45,Avalon Park,0,8,30,1583
45,Avalon Park,0,9,32,1594
45,Avalon Park,0,10,20,1605
45,Avalon Park,0,11,26,1616
45,Avalon Park,0,12,28,1627
45,Avalon Park,0,13,26,1458
45,Avalon Park,0,14,22,1469
45,Avalon Park,0,15,20,1480
45,Avalon Park,0,16,39,1491
45,Avalon Park,0,17,42,1502
45,Avalon Park,0,18,38,1513
45,Avalon Park,0,19,41,1524
45,Avalon Park,0,20,25,1535
45,Avalon Park,0,21,27,1546
45,Avalon Park,0,22,24,1807
45,Avalon Park,0,23,14,1818
45,Avalon Park,1,0,15,1745
45,Avalon Park,1,1,14,1756
45,Avalon Park,1,2,7,1767
45,Avalon Park,1,3,8,1778
45,Avalon Park,1,4,7,1789
45,Avalon Park,1,5,8,1800
45,Avalon Park,1,6,21,1561
45,Avalon Park,1,7,34,1572
45,Avalon Park,1,8,30,1583
45,Avalon Park,1,9,33,1594
45,Avalon Park,1,10,24,1605
45,Avalon Park,1,11,27,1616
45,Avalon Park,1,12,29,1627
45,Avalon Park,1,13,26,1458
45,Avalon Park,1,14,22,1469
45,Avalon Park,1,15,24,1480
45,Avalon Park,1,16,40,1491
45,Avalon Park,1,17,43,1502
45,Avalon Park,1,18,38,1513
45,Avalon Park,1,19,41,1524
45,Avalon Park,1,20,30,1535
45,Avalon Park,1,21,27,1546
45,Avalon Park,1,22,29,1807
45,Avalon Park,1,23,14,1818
45,Avalon Park,2,0,15,1745
45,Avalon Park,2,1,16,1756
45,Avalon Park,2,2,7,1767
45,Avalon Park,2,3,8,1778
45,Avalon Park,2,4,7,1789
45,Avalon Park,2,5,7,1800
45,Avalon Park,2,6,24,1561
45,Avalon Park,2,7,32,1572
45,Avalon Park,2,8,35,1583
45,Avalon Park,2,9,31,1594
45,Avalon Park,2,10,23,1605
45,Avalon Park,2,11,26,1616
45,Avalon Park,2,12,27,1627
45,Avalon Park,2,13,29,1458
45,Avalon Park,2,14,22,1469
45,Avalon Park,2,15,23,1480
45,Avalon Park,2,16,38,1491
45,Avalon Park,2,17,41,1502
45,Avalon Park,2,18,44,1513
45,Avalon Park,2,19,40,1524
45,Avalon Park,2,20,29,1535
45,Avalon Park,2,21,26,1546
45,Avalon Park,2,22,28,1807
45,Avalon Park,2,23,16,1818
45,Avalon Park,3,0,14,1745
45,Avalon Park,3,1,15,1756
45,Avalon Park,3,2,7,1767
45,Avalon Park,3,3,7,1778
45,Avalon Park,3,4,8,1789
45,Avalon Park,3,5,7,1800
45,Avalon Park,3,6,23,1561
45,Avalon Park,3,7,31,1572
45,Avalon Park,3,8,33,1583
45,Avalon Park,3,9,36,1594
45,Avalon Park,3,10,22,1605
45,Avalon Park,3,11,29,1616
45,Avalon Park,3,12,26,1627
45,Avalon Park,3,13,28,1458
45,Avalon Park,3,14,21,1469
45,Avalon Park,3,15,22,1480
45,Avalon Park,3,16,43,1491
45,Avalon Park,3,17,39,1502
45,Avalon Park,3,18,42,1513
45,Avalon Park,3,19,38,1524
45,Avalon Park,3,20,28,1535
45,Avalon Park,3,21,30,1546
45,Avalon Park,3,22,27,1807
45,Avalon Park,3,23,15,1818
45,Avalon Park,4,0,13,1745
45,Avalon Park,4,1,14,1756
45,Avalon Park,4,2,8,1767
45,Avalon Park,4,3,7,1778
45,Avalon Park,4,4,8,1789
45,Avalon Park,4,5,7,1800
45,Avalon Park,4,6,22,1561
45,Avalon Park,4,7,35,1572
45,Avalon Park,4,8,32,1583
45,Avalon Park,4,9,34,1594
45,Avalon Park,4,10,21,1605
45,Avalon Park,4,11,28,1616
45,Avalon Park,4,12,30,1627
45,Avalon Park,4,13,27,1458
45,Avalon Park,4,14,24,1469
45,Avalon Park,4,15,21,1480
45,Avalon Park,4,16,42,1491
45,Avalon Park,4,17,38,1502
45,Avalon Park,4,18,41,1513
45,Avalon Park,4,19,43,1524
45,Avalon Park,4,20,27,1535
45,Avalon Park,4,21,29,1546
45,Avalon Park,4,22,26,1807
45,Avalon Park,4,23,15,1818
45,Avalon Park,5,0,15,1845
45,Avalon Park,5,1,14,1856
45,Avalon Park,5,2,8,1867
45,Avalon Park,5,3,7,1878
45,Avalon Park,5,4,7,1889
45,Avalon Park,5,5,8,1900
45,Avalon Park,5,6,22,1661
45,Avalon Park,5,7,34,1672
45,Avalon Park,5,8,31,1683
45,Avalon Park,5,9,33,1694
45,Avalon Park,5,10,24,1705
45,Avalon Park,5,11,27,1716
45,Avalon Park,5,12,29,1727
45,Avalon Park,5,13,26,1558
45,Avalon Park,5,14,23,1569
45,Avalon Park,5,15,24,1580
45,Avalon Park,5,16,40,1591
45,Avalon Park,5,17,43,1602
45,Avalon Park,5,18,39,1613
45,Avalon Park,5,19,42,1624
45,Avalon Park,5,20,26,1635
45,Avalon Park,5,21,27,1646
45,Avalon Park,5,22,29,1907
45,Avalon Park,5,23,14,1918
45,Avalon Park,6,0,14,1845
45,Avalon Park,6,1,15,1856
45,Avalon Park,6,2,7,1867
45,Avalon Park,6,3,7,1878
45,Avalon Park,6,4,7,1889
45,Avalon Park,6,5,7,1900
45,Avalon Park,6,6,20,1661
45,Avalon Park,6,7,31,1672
45,Avalon Park,6,8,33,1683
45,Avalon Park,6,9,30,1694
45,Avalon Park,6,10,22,1705
45,Avalon Park,6,11,24,1716
45,Avalon Park,6,12,26,1727
45,Avalon Park,6,13,28,1558
45,Avalon Park,6,14,21,1569
45,Avalon Park,6,15,22,1580
45,Avalon Park,6,16,37,1591
45,Avalon Park,6,17,39,1602
45,Avalon Park,6,18,42,1613
45,Avalon Park,6,19,38,1624
45,Avalon Park,6,20,28,1635
45,Avalon Park,6,21,25,1646
45,Avalon Park,6,22,27,1907
45,Avalon Park,6,23,13,1918
46,South Chicago,0,0,17,1762
46,South Chicago,0,1,18,1773
46,South Chicago,0,2,10,1784
46,South Chicago,0,3,9,1795
46,South Chicago,0,4,9,1806
46,South Chicago,0,5,8,1817
46,South Chicago,0,6,28,1578
46,South Chicago,0,7,37,1589
46,South Chicago,0,8,40,1600
46,South Chicago,0,9,42,1611
46,South Chicago,0,10,26,1622
46,South Chicago,0,11,35,1453
46,South Chicago,0,12,31,1464
46,South Chicago,0,13,34,1475
46,South Chicago,0,14,29,1486
46,South Chicago,0,15,26,1497
46,South Chicago,0,16,51,1508
46,South Chicago,0,17,47,1519
46,South Chicago,0,18,50,1530
46,South Chicago,0,19,53,1541
46,South Chicago,0,20,33,1552
46,South Chicago,0,21,35,1563
46,South Chicago,0,22,32,1824
46,South Chicago,0,23,18,1835
46,South Chicago,1,0,20,1762
46,South Chicago,1,1,18,1773
46,South Chicago,1,2,10,1784
46,South Chicago,1,3,9,1795
46,South Chicago,1,4,10,1806
46,South Chicago,1,5,10,1817
46,South Chicago,1,6,28,1578
46,South Chicago,1,7,44,1589
46,South Chicago,1,8,40,1600
46,South Chicago,1,9,43,1611
46,South Chicago,1,10,26,1622
46,South Chicago,1,11,35,1453
46,South Chicago,1,12,37,1464
46,South Chicago,1,13,34,1475
46,South Chicago,1,14,29,1486
46,South Chicago,1,15,27,1497
46,South Chicago,1,16,52,1508
46,South Chicago,1,17,56,1519
46,South Chicago,1,18,51,1530
46,South Chicago,1,19,54,1541
46,South Chicago,1,20,33,1552
46,South Chicago,1,21,36,1563
46,South Chicago,1,22,38,1824
46,South Chicago,1,23,18,1835
46,South Chicago,2,0,19,1762
46,South Chicago,2,1,17,1773
46,South Chicago,2,2,9,1784
46,South Chicago,2,3,10,1795
46,South Chicago,2,4,9,1806
46,South Chicago,2,5,10,1817
46,South Chicago,2,6,27,1578
46,South Chicago,2,7,42,1589
46,South Chicago,2,8,45,1600
46,South Chicago,2,9,41,1611
46,South Chicago,2,10,30,1622
46,South Chicago,2,11,34,1453
46,South Chicago,2,12,36,1464
46,South Chicago,2,13,32,1475
46,South Chicago,2,14,28,1486
46,South Chicago,2,15,30,1497
46,South Chicago,2,16,50,1508
46,South Chicago,2,17,54,1519
46,South Chicago,2,18,48,1530
46,South Chicago,2,19,52,1541
46,South Chicago,2,20,38,1552
46,South Chicago,2,21,34,1563
46,South Chicago,2,22,37,1824
46,South Chicago,2,23,17,1835
46,South Chicago,3,0,18,1762
46,South Chicago,3,1,20,1773
46,South Chicago,3,2,9,1784
46,South Chicago,3,3,10,1795
46,South Chicago,3,4,9,1806
46,South Chicago,3,5,9,1817
46,South Chicago,3,6,31,1578
46,South Chicago,3,7,41,1589
46,South Chicago,3,8,44,1600
46,South Chicago,3,9,39,1611
46,South Chicago,3,10,29,1622
46,South Chicago,3,11,38,1453
46,South Chicago,3,12,35,1464
46,South Chicago,3,13,37,1475
46,South Chicago,3,14,27,1486
46,South Chicago,3,15,29,1497
46,South Chicago,3,16,48,1508
46,South Chicago,3,17,52,1519
46,South Chicago,3,18,55,1530
46,South Chicago,3,19,50,1541
46,South Chicago,3,20,36,1552
46,South Chicago,3,21,33,1563
46,South Chicago,3,22,35,1824
46,South Chicago,3,23,20,1835
46,South Chicago,4,0,18,1762
46,South Chicago,4,1,19,1773
46,South Chicago,4,2,9,1784
46,South Chicago,4,3,9,1795
46,South Chicago,4,4,10,1806
46,South Chicago,4,5,9,1817
46,South Chicago,4,6,29,1578
46,South Chicago,4,7,39,1589
46,South Chicago,4,8,42,1600
46,South Chicago,4,9,45,1611
46,South Chicago,4,10,28,1622
46,South Chicago,4,11,37,1453
46,South Chicago,4,12,33,1464
46,South Chicago,4,13,36,1475
46,South Chicago,4,14,31,1486
46,South Chicago,4,15,28,1497
46,South Chicago,4,16,55,1508
46,South Chicago,4,17,49,1519
46,South Chicago,4,18,53,1530
46,South Chicago,4,19,48,1541
46,South Chicago,4,20,35,1552
46,South Chicago,4,21,37,1563
46,South Chicago,4,22,34,1824
46,South Chicago,4,23,19,1835
46,South Chicago,5,0,20,1862
46,South Chicago,5,1,18,1873
46,South Chicago,5,2,10,1884
46,South Chicago,5,3,9,1895
46,South Chicago,5,4,10,1906
46,South Chicago,5,5,9,1917
46,South Chicago,5,6,28,1678
46,South Chicago,5,7,45,1689
46,South Chicago,5,8,40,1700
46,South Chicago,5,9,43,1711
46,South Chicago,5,10,27,1722
46,South Chicago,5,11,35,1553
46,South Chicago,5,12,38,1564
46,South Chicago,5,13,34,1575
46,South Chicago,5,14,30,1586
46,South Chicago,5,15,27,1597
46,South Chicago,5,16,53,1608
46,South Chicago,5,17,56,1619
46,South Chicago,5,18,51,1630
46,South Chicago,5,19,55,1641
46,South Chicago,5,20,34,1652
46,South Chicago,5,21,36,1663
46,South Chicago,5,22,32,1924
46,South Chicago,5,23,18,1935
46,South Chicago,6,0,18,1862
46,South Chicago,6,1,17,1873
46,South Chicago,6,2,9,1884
46,South Chicago,6,3,10,1895
46,South Chicago,6,4,9,1906
46,South Chicago,6,5,9,1917
46,South Chicago,6,6,26,1678
46,South Chicago,6,7,41,1689
46,South Chicago,6,8,37,1700
46,South Chicago,6,9,40,1711
46,South Chicago,6,10,29,1722
46,South Chicago,6,11,32,1553
46,South Chicago,6,12,35,1564
46,South Chicago,6,13,31,1575
46,South Chicago,6,14,27,1586
46,South Chicago,6,15,29,1597
46,South Chicago,6,16,48,1608
46,South Chicago,6,17,51,1619
46,South Chicago,6,18,47,1630
46,South Chicago,6,19,50,1641
46,South Chicago,6,20,36,1652
46,South Chicago,6,21,33,1663
46,South Chicago,6,22,35,1924
46,South Chicago,6,23,17,1935
47,Burnside,0,0,10,1779
47,Burnside,0,1,10,1790
47,Burnside,0,2,5,1801
47,Burnside,0,3,5,1812
47,Burnside,0,4,6,1823
47,Burnside,0,5,5,1834
47,Burnside,0,6,16,1595
47,Burnside,0,7,22,1606
47,Burnside,0,8,23,1617
47,Burnside,0,9,21,1628
47,Burnside,0,10,15,1459
47,Burnside,0,11,20,1470
47,Burnside,0,12,18,1481
47,Burnside,0,13,20,1492
47,Burnside,0,14,14,1503
47,Burnside,0,15,16,1514
47,Burnside,0,16,30,1525
47,Burnside,0,17,27,1536
47,Burnside,0,18,29,1547
47,Burnside,0,19,27,1558
47,Burnside,0,20,19,1569
47,Burnside,0,21,21,1580
47,Burnside,0,22,19,1841
47,Burnside,0,23,11,1852
47,Burnside,1,0,10,1779
47,Burnside,1,1,11,1790
47,Burnside,1,2,6,1801
47,Burnside,1,3,5,1812
47,Burnside,1,4,6,1823
47,Burnside,1,5,5,1834
47,Burnside,1,6,16,1595
47,Burnside,1,7,26,1606
47,Burnside,1,8,24,1617
47,Burnside,1,9,25,1628
47,Burnside,1,10,16,1459
47,Burnside,1,11,21,1470
47,Burnside,1,12,19,1481
47,Burnside,1,13,20,1492
47,Burnside,1,14,17,1503
47,Burnside,1,15,16,1514
47,Burnside,1,16,31,1525
47,Burnside,1,17,28,1536
47,Burnside,1,18,30,1547
47,Burnside,1,19,32,1558
47,Burnside,1,20,20,1569
47,Burnside,1,21,21,1580
47,Burnside,1,22,19,1841
47,Burnside,1,23,11,1852
47,Burnside,2,0,11,1779
47,Burnside,2,1,10,1790
47,Burnside,2,2,6,1801
47,Burnside,2,3,5,1812
47,Burnside,2,4,5,1823
47,Burnside,2,5,6,1834
47,Burnside,2,6,16,1595
47,Burnside,2,7,25,1606
47,Burnside,2,8,23,1617
47,Burnside,2,9,24,1628
47,Burnside,2,10,18,1459
47,Burnside,2,11,20,1470
47,Burnside,2,12,21,1481
47,Burnside,2,13,19,1492
47,Burnside,2,14,17,1503
47,Burnside,2,15,15,1514
47,Burnside,2,16,29,1525
47,Burnside,2,17,32,1536
47,Burnside,2,18,29,1547
47,Burnside,2,19,31,1558
47,Burnside,2,20,19,1569
47,Burnside,2,21,20,1580
47,Burnside,2,22,22,1841
47,Burnside,2,23,10,1852
47,Burnside,3,0,11,1779
47,Burnside,3,1,10,1790
47,Burnside,3,2,5,1801
47,Burnside,3,3,6,1812
47,Burnside,3,4,5,1823
47,Burnside,3,5,6,1834
47,Burnside,3,6,15,1595
47,Burnside,3,7,24,1606
47,Burnside,3,8,26,1617
47,Burnside,3,9,23,1628
47,Burnside,3,10,17,1459
47,Burnside,3,11,19,1470
47,Burnside,3,12,20,1481
47,Burnside,3,13,22,1492
47,Burnside,3,14,16,1503
47,Burnside,3,15,17,1514
47,Burnside,3,16,28,1525
47,Burnside,3,17,30,1536
47,Burnside,3,18,27,1547
47,Burnside,3,19,29,1558
47,Burnside,3,20,21,1569
47,Burnside,3,21,19,1580
47,Burnside,3,22,21,1841
47,Burnside,3,23,10,1852
47,Burnside,4,0,10,1779
47,Burnside,4,1,11,1790
47,Burnside,4,2,5,1801
47,Burnside,4,3,5,1812
47,Burnside,4,4,5,1823
47,Burnside,4,5,5,1834
47,Burnside,4,6,17,1595
47,Burnside,4,7,23,1606
47,Burnside,4,8,25,1617
47,Burnside,4,9,22,1628
47,Burnside,4,10,16,1459
47,Burnside,4,11,22,1470
47,Burnside,4,12,20,1481
47,Burnside,4,13,21,1492
47,Burnside,4,14,15,1503
47,Burnside,4,15,16,1514
47,Burnside,4,16,32,1525
47,Burnside,4,17,29,1536
47,Burnside,4,18,31,1547
47,Burnside,4,19,28,1558
47,Burnside,4,20,21,1569
47,Burnside,4,21,19,1580
47,Burnside,4,22,20,1841
47,Burnside,4,23,11,1852
47,Burnside,5,0,10,1879
47,Burnside,5,1,11,1890
47,Burnside,5,2,6,1901
47,Burnside,5,3,5,1912
47,Burnside,5,4,6,1923
47,Burnside,5,5,5,1934
47,Burnside,5,6,17,1695
47,Burnside,5,7,22,1706
47,Burnside,5,8,24,1717
47,Burnside,5,9,25,1728
47,Burnside,5,10,16,1559
47,Burnside,5,11,21,1570
47,Burnside,5,12,19,1581
47,Burnside,5,13,20,1592
47,Burnside,5,14,17,1603
47,Burnside,5,15,16,1614
47,Burnside,5,16,31,1625
47,Burnside,5,17,28,1636
47,Burnside,5,18,30,1647
47,Burnside,5,19,32,1658
47,Burnside,5,20,20,1669
47,Burnside,5,21,21,1680
47,Burnside,5,22,19,1941
47,Burnside,5,23,11,1952
47,Burnside,6,0,11,1879
47,Burnside,6,1,10,1890
47,Burnside,6,2,5,1901
47,Burnside,6,3,5,1912
47,Burnside,6,4,5,1923
47,Burnside,6,5,6,1934
47,Burnside,6,6,15,1695
47,Burnside,6,7,24,1706
47,Burnside,6,8,22,1717
47,Burnside,6,9,23,1728
47,Burnside,6,10,14,1559
47,Burnside,6,11,19,1570
47,Burnside,6,12,20,1581
47,Burnside,6,13,18,1592
47,Burnside,6,14,16,1603
47,Burnside,6,15,14,1614
47,Burnside,6,16,28,1625
47,Burnside,6,17,30,1636
47,Burnside,6,18,27,1647
47,Burnside,6,19,29,1658
47,Burnside,6,20,18,1669
47,Burnside,6,21,19,1680
47,Burnside,6,22,21,1941
47,Burnside,6,23,10,1952
48,Calumet Heights,0,0,14,1796
48,Calumet Heights,0,1,15,1807
48,Calumet Heights,0,2,7,1818
48,Calumet Heights,0,3,7,1829
48,Calumet Heights,0,4,7,1840
48,Calumet Heights,0,5,7,1851
48,Calumet Heights,0,6,23,1612
48,Calumet Heights,0,7,31,1623
48,Calumet Heights,0,8,33,1454
48,Calumet Heights,0,9,30,1465
48,Calumet Heights,0,10,22,1476
48,Calumet Heights,0,11,24,1487
48,Calumet Heights,0,12,26,1498
48,Calumet Heights,0,13,28,1509
48,Calumet Heights,0,14,20,1520
48,Calumet Heights,0,15,22,1531
48,Calumet Heights,0,16,36,1542
48,Calumet Heights,0,17,39,1553
48,Calumet Heights,0,18,42,1564
48,Calumet Heights,0,19,38,1575
48,Calumet Heights,0,20,27,1586
48,Calumet Heights,0,21,25,1597
48,Calumet Heights,0,22,27,1858
48,Calumet Heights,0,23,15,1869
48,Calumet Heights,1,0,14,1796
48,Calumet Heights,1,1,15,1807
48,Calumet Heights,1,2,7,1818
48,Calumet Heights,1,3,7,1829
48,Calumet Heights,1,4,8,1840
48,Calumet Heights,1,5,7,1851
48,Calumet Heights,1,6,23,1612
48,Calumet Heights,1,7,31,1623
48,Calumet Heights,1,8,33,1454
48,Calumet Heights,1,9,36,1465
48,Calumet Heights,1,10,22,1476
48,Calumet Heights,1,11,29,1487
48,Calumet Heights,1,12,26,1498
48,Calumet Heights,1,13,28,1509
48,Calumet Heights,1,14,21,1520
48,Calumet Heights,1,15,22,1531
48,Calumet Heights,1,16,43,1542
48,Calumet Heights,1,17,39,1553
48,Calumet Heights,1,18,42,1564
48,Calumet Heights,1,19,38,1575
48,Calumet Heights,1,20,28,1586
48,Calumet Heights,1,21,30,1597
48,Calumet Heights,1,22,27,1858
48,Calumet Heights,1,23,15,1869
48,Calumet Heights,2,0,13,1796
48,Calumet Heights,2,1,14,1807
48,Calumet Heights,2,2,8,1818
48,Calumet Heights,2,3,7,1829
48,Calumet Heights,2,4,8,1840
48,Calumet Heights,2,5,7,1851
48,Calumet Heights,2,6,22,1612
48,Calumet Heights,2,7,35,1623
48,Calumet Heights,2,8,32,1454
48,Calumet Heights,2,9,34,1465
48,Calumet Heights,2,10,21,1476
48,Calumet Heights,2,11,28,1487
48,Calumet Heights,2,12,30,1498
48,Calumet Heights,2,13,27,1509
48,Calumet Heights,2,14,24,1520
48,Calumet Heights,2,15,21,1531
48,Calumet Heights,2,16,42,1542
48,Calumet Heights,2,17,38,1553
48,Calumet Heights,2,18,41,1564
48,Calumet Heights,2,19,43,1575
48,Calumet Heights,2,20,27,1586
48,Calumet Heights,2,21,29,1597
48,Calumet Heights,2,22,26,1858
48,Calumet Heights,2,23,15,1869
48,Calumet Heights,3,0,15,1796
48,Calumet Heights,3,1,14,1807
48,Calumet Heights,3,2,8,1818
48,Calumet Heights,3,3,7,1829
48,Calumet Heights,3,4,7,1840
48,Calumet Heights,3,5,8,1851
48,Calumet Heights,3,6,22,1612
48,Calumet Heights,3,7,34,1623
48,Calumet Heights,3,8,31,1454
48,Calumet Heights,3,9,33,1465
48,Calumet Heights,3,10,24,1476
48,Calumet Heights,3,11,27,1487
48,Calumet Heights,3,12,29,1498
48,Calumet Heights,3,13,26,1509
48,Calumet Heights,3,14,23,1520
48,Calumet Heights,3,15,24,1531
48,Calumet Heights,3,16,40,1542
48,Calumet Heights,3,17,43,1553
48,Calumet Heights,3,18,39,1564
48,Calumet Heights,3,19,42,1575
48,Calumet Heights,3,20,26,1586
48,Calumet Heights,3,21,27,1597
48,Calumet Heights,3,22,29,1858
48,Calumet Heights,3,23,14,1869
48,Calumet Heights,4,0,15,1796
48,Calumet Heights,4,1,16,1807
48,Calumet Heights,4,2,7,1818
48,Calumet Heights,4,3,8,1829
48,Calumet Heights,4,4,7,1840
48,Calumet Heights,4,5,8,1851
48,Calumet Heights,4,6,21,1612
48,Calumet Heights,4,7,33,1623
48,Calumet Heights,4,8,35,1454
48,Calumet Heights,4,9,32,1465
48,Calumet Heights,4,10,23,1476
48,Calumet Heights,4,11,26,1487
48,Calumet Heights,4,12,28,1498
48,Calumet Heights,4,13,30,1509
48,Calumet Heights,4,14,22,1520
48,Calumet Heights,4,15,23,1531
48,Calumet Heights,4,16,38,1542
48,Calumet Heights,4,17,41,1553
48,Calumet Heights,4,18,44,1564
48,Calumet Heights,4,19,40,1575
48,Calumet Heights,4,20,29,1586
48,Calumet Heights,4,21,26,1597
48,Calumet Heights,4,22,28,1858
48,Calumet Heights,4,23,13,1869
48,Calumet Heights,5,0,14,1896
48,Calumet Heights,5,1,15,1907
48,Calumet Heights,5,2,7,1918
48,Calumet Heights,5,3,7,1929
48,Calumet Heights,5,4,8,1940
48,Calumet Heights,5,5,7,1951
48,Calumet Heights,5,6,24,1712
48,Calumet Heights,5,7,31,1723
48,Calumet Heights,5,8,34,1554
48,Calumet Heights,5,9,30,1565
48,Calumet Heights,5,10,22,1576
48,Calumet Heights,5,11,29,1587
48,Calumet Heights,5,12,27,1598
48,Calumet Heights,5,13,29,1609
48,Calumet Heights,5,14,21,1620
48,Calumet Heights,5,15,22,1631
48,Calumet Heights,5,16,44,1642
48,Calumet Heights,5,17,40,1653
48,Calumet Heights,5,18,43,1664
48,Calumet Heights,5,19,38,1675
48,Calumet Heights,5,20,28,1686
48,Calumet Heights,5,21,30,1697
48,Calumet Heights,5,22,27,1958
48,Calumet Heights,5,23,15,1969
48,Calumet Heights,6,0,13,1896
48,Calumet Heights,6,1,14,1907
48,Calumet Heights,6,2,8,1918
48,Calumet Heights,6,3,7,1929
48,Calumet Heights,6,4,7,1940
48,Calumet Heights,6,5,7,1951
48,Calumet Heights,6,6,22,1712
48,Calumet Heights,6,7,34,1723
48,Calumet Heights,6,8,31,1554
48,Calumet Heights,6,9,33,1565
48,Calumet Heights,6,10,20,1576
48,Calumet Heights,6,11,27,1587
48,Calumet Heights,6,12,24,1598
48,Calumet Heights,6,13,26,1609
48,Calumet Heights,6,14,23,1620
48,Calumet Heights,6,15,20,1631
48,Calumet Heights,6,16,40,1642
48,Calumet Heights,6,17,36,1653
48,Calumet Heights,6,18,39,1664
48,Calumet Heights,6,19,42,1675
48,Calumet Heights,6,20,26,1686
48,Calumet Heights,6,21,27,1697
48,Calumet Heights,6,22,25,1958
48,Calumet Heights,6,23,14,1969
49,Roseland,0,0,19,1813
49,Roseland,0,1,17,1824
49,Roseland,0,2,10,1835
49,Roseland,0,3,10,1846
49,Roseland,0,4,9,1857
49,Roseland,0,5,10,1868
49,Roseland,0,6,27,1629
49,Roseland,0,7,43,1460
49,Roseland,0,8,46,1471
49,Roseland,0,9,42,1482
49,Roseland,0,10,31,1493
49,Roseland,0,11,34,1504
49,Roseland,0,12,37,1515
49,Roseland,0,13,33,1526
49,Roseland,0,14,29,1537
49,Roseland,0,15,31,1548
49,Roseland,0,16,51,1559
49,Roseland,0,17,55,1570
49,Roseland,0,18,49,1581
49,Roseland,0,19,53,1592
49,Roseland,0,20,38,1603
49,Roseland,0,21,35,1614
49,Roseland,0,22,37,1875
49,Roseland,0,23,18,1706
49,Roseland,1,0,20,1813
49,Roseland,1,1,21,1824
49,Roseland,1,2,10,1835
49,Roseland,1,3,10,1846
49,Roseland,1,4,9,1857
49,Roseland,1,5,10,1868
49,Roseland,1,6,33,1629
49,Roseland,1,7,44,1460
49,Roseland,1,8,47,1471
49,Roseland,1,9,42,1482
49,Roseland,1,10,31,1493
49,Roseland,1,11,41,1504
49,Roseland,1,12,37,1515
49,Roseland,1,13,40,1526
49,Roseland,1,14,29,1537
49,Roseland,1,15,31,1548
49,Roseland,1,16,51,1559
49,Roseland,1,17,55,1570
49,Roseland,1,18,59,1581
49,Roseland,1,19,54,1592
49,Roseland,1,20,39,1603
49,Roseland,1,21,35,1614
49,Roseland,1,22,38,1875
49,Roseland,1,23,21,1706
49,Roseland,2,0,19,1813
49,Roseland,2,1,20,1824
49,Roseland,2,2,9,1835
49,Roseland,2,3,10,1846
49,Roseland,2,4,11,1857
49,Roseland,2,5,10,1868
49,Roseland,2,6,32,1629
49,Roseland,2,7,42,1460
49,Roseland,2,8,45,1471
49,Roseland,2,9,48,1482
49,Roseland,2,10,30,1493
49,Roseland,2,11,39,1504
49,Roseland,2,12,36,1515
49,Roseland,2,13,38,1526
49,Roseland,2,14,33,1537
49,Roseland,2,15,30,1548
49,Roseland,2,16,59,1559
49,Roseland,2,17,53,1570
49,Roseland,2,18,57,1581
49,Roseland,2,19,51,1592
49,Roseland,2,20,37,1603
49,Roseland,2,21,40,1614
49,Roseland,2,22,36,1875
49,Roseland,2,23,20,1706
49,Roseland,3,0,21,1813
49,Roseland,3,1,19,1824
49,Roseland,3,2,11,1835
49,Roseland,3,3,10,1846
49,Roseland,3,4,10,1857
49,Roseland,3,5,9,1868
49,Roseland,3,6,30,1629
49,Roseland,3,7,48,1460
49,Roseland,3,8,43,1471
49,Roseland,3,9,46,1482
49,Roseland,3,10,28,1493
49,Roseland,3,11,38,1504
49,Roseland,3,12,40,1515
49,Roseland,3,13,37,1526
49,Roseland,3,14,32,1537
49,Roseland,3,15,29,1548
49,Roseland,3,16,56,1559
49,Roseland,3,17,60,1570
49,Roseland,3,18,55,1581
49,Roseland,3,19,59,1592
49,Roseland,3,20,36,1603
49,Roseland,3,21,39,1614
49,Roseland,3,22,35,1875
49,Roseland,3,23,20,1706
49,Roseland,4,0,21,1813
49,Roseland,4,1,19,1824
49,Roseland,4,2,10,1835
49,Roseland,4,3,11,1846
49,Roseland,4,4,10,1857
49,Roseland,4,5,11,1868
49,Roseland,4,6,29,1629
49,Roseland,4,7,46,1460
49,Roseland,4,8,41,1471
49,Roseland,4,9,45,1482
49,Roseland,4,10,32,1493
49,Roseland,4,11,36,1504
49,Roseland,4,12,39,1515
49,Roseland,4,13,35,1526
49,Roseland,4,14,31,1537
49,Roseland,4,15,33,1548
49,Roseland,4,16,54,1559
49,Roseland,4,17,58,1570
49,Roseland,4,18,52,1581
49,Roseland,4,19,56,1592
49,Roseland,4,20,41,1603
49,Roseland,4,21,37,1614
49,Roseland,4,22,40,1875
49,Roseland,4,23,19,1706
49,Roseland,5,0,20,1913
49,Roseland,5,1,21,1924
49,Roseland,5,2,10,1935
49,Roseland,5,3,10,1946
49,Roseland,5,4,9,1957
49,Roseland,5,5,10,1968
49,Roseland,5,6,33,1729
49,Roseland,5,7,44,1560
49,Roseland,5,8,47,1571
49,Roseland,5,9,43,1582
49,Roseland,5,10,31,1593
49,Roseland,5,11,35,1604
49,Roseland,5,12,37,1615
49,Roseland,5,13,40,1626
49,Roseland,5,14,29,1637
49,Roseland,5,15,32,1648
49,Roseland,5,16,52,1659
49,Roseland,5,17,56,1670
49,Roseland,5,18,60,1681
49,Roseland,5,19,54,1692
49,Roseland,5,20,39,1703
49,Roseland,5,21,36,1714
49,Roseland,5,22,38,1975
49,Roseland,5,23,21,1806
49,Roseland,6,0,18,1913
49,Roseland,6,1,19,1924
49,Roseland,6,2,9,1935
49,Roseland,6,3,10,1946
49,Roseland,6,4,10,1957
49,Roseland,6,5,9,1968
49,Roseland,6,6,30,1729
49,Roseland,6,7,40,1560
49,Roseland,6,8,43,1571
49,Roseland,6,9,46,1582
49,Roseland,6,10,28,1593
49,Roseland,6,11,38,1604
49,Roseland,6,12,34,1615
49,Roseland,6,13,37,1626
49,Roseland,6,14,27,1637
49,Roseland,6,15,29,1648
49,Roseland,6,16,56,1659
49,Roseland,6,17,51,1670
49,Roseland,6,18,55,1681
49,Roseland,6,19,49,1692
49,Roseland,6,20,36,1703
49,Roseland,6,21,38,1714
49,Roseland,6,22,35,1975
49,Roseland,6,23,20,1806
50,Pullman,0,0,12,1830
50,Pullman,0,1,11,1841
50,Pullman,0,2,6,1852
50,Pullman,0,3,5,1863
50,Pullman,0,4,6,1874
50,Pullman,0,5,6,1705
50,Pullman,0,6,17,1466
50,Pullman,0,7,27,1477
50,Pullman,0,8,24,1488
50,Pullman,0,9,26,1499
50,Pullman,0,10,19,1510
50,Pullman,0,11,21,1521
50,Pullman,0,12,23,1532
50,Pullman,0,13,20,1543
50,Pullman,0,14,18,1554
50,Pullman,0,15,16,1565
50,Pullman,0,16,31,1576
50,Pullman,0,17,34,1587
50,Pullman,0,18,31,1598
50,Pullman,0,19,33,1609
50,Pullman,0,20,20,1620
50,Pullman,0,21,22,1451
50,Pullman,0,22,23,1712
50,Pullman,0,23,11,1723
50,Pullman,1,0,12,1830
50,Pullman,1,1,11,1841
50,Pullman,1,2,6,1852
50,Pullman,1,3,6,1863
50,Pullman,1,4,6,1874
50,Pullman,1,5,6,1705
50,Pullman,1,6,17,1466
50,Pullman,1,7,27,1477
50,Pullman,1,8,29,1488
50,Pullman,1,9,26,1499
50,Pullman,1,10,19,1510
50,Pullman,1,11,21,1521
50,Pullman,1,12,23,1532
50,Pullman,1,13,24,1543
50,Pullman,1,14,18,1554
50,Pullman,1,15,19,1565
50,Pullman,1,16,32,1576
50,Pullman,1,17,34,1587
50,Pullman,1,18,31,1598
50,Pullman,1,19,33,1609
50,Pullman,1,20,24,1620
50,Pullman,1,21,22,1451
50,Pullman,1,22,23,1712
50,Pullman,1,23,11,1723
50,Pullman,2,0,12,1830
50,Pullman,2,1,12,1841
50,Pullman,2,2,6,1852
50,Pullman,2,3,6,1863
50,Pullman,2,4,6,1874
50,Pullman,2,5,6,1705
50,Pullman,2,6,19,1466
50,Pullman,2,7,26,1477
50,Pullman,2,8,28,1488
50,Pullman,2,9,25,1499
50,Pullman,2,10,18,1510
50,Pullman,2,11,24,1521
50,Pullman,2,12,22,1532
50,Pullman,2,13,24,1543
50,Pullman,2,14,17,1554
50,Pullman,2,15,19,1565
50,Pullman,2,16,36,1576
50,Pullman,2,17,33,1587
50,Pullman,2,18,35,1598
50,Pullman,2,19,32,1609
50,Pullman,2,20,23,1620
50,Pullman,2,21,21,1451
50,Pullman,2,22,22,1712
50,Pullman,2,23,13,1723
50,Pullman,3,0,11,1830
50,Pullman,3,1,12,1841
50,Pullman,3,2,7,1852
50,Pullman,3,3,6,1863
50,Pullman,3,4,6,1874
50,Pullman,3,5,6,1705
50,Pullman,3,6,19,1466
50,Pullman,3,7,25,1477
50,Pullman,3,8,27,1488
50,Pullman,3,9,29,1499
50,Pullman,3,10,18,1510
50,Pullman,3,11,23,1521
50,Pullman,3,12,21,1532
50,Pullman,3,13,23,1543
50,Pullman,3,14,20,1554
50,Pullman,3,15,18,1565
50,Pullman,3,16,35,1576
50,Pullman,3,17,31,1587
50,Pullman,3,18,34,1598
50,Pullman,3,19,36,1609
50,Pullman,3,20,22,1620
50,Pullman,3,21,24,1451
50,Pullman,3,22,22,1712
50,Pullman,3,23,12,1723
50,Pullman,4,0,13,1830
50,Pullman,4,1,12,1841
50,Pullman,4,2,6,1852
50,Pullman,4,3,6,1863
50,Pullman,4,4,6,1874
50,Pullman,4,5,7,1705
50,Pullman,4,6,18,1466
50,Pullman,4,7,28,1477
50,Pullman,4,8,26,1488
50,Pullman,4,9,28,1499
50,Pullman,4,10,17,1510
50,Pullman,4,11,22,1521
50,Pullman,4,12,24,1532
50,Pullman,4,13,22,1543
50,Pullman,4,14,19,1554
50,Pullman,4,15,17,1565
50,Pullman,4,16,33,1576
50,Pullman,4,17,36,1587
50,Pullman,4,18,32,1598
50,Pullman,4,19,35,1609
50,Pullman,4,20,21,1620
50,Pullman,4,21,23,1451
50,Pullman,4,22,24,1712
50,Pullman,4,23,12,1723
50,Pullman,5,0,12,1930
50,Pullman,5,1,11,1941
50,Pullman,5,2,6,1952
50,Pullman,5,3,6,1963
50,Pullman,5,4,6,1974
50,Pullman,5,5,6,1805
50,Pullman,5,6,17,1566
50,Pullman,5,7,27,1577
50,Pullman,5,8,29,1588
50,Pullman,5,9,26,1599
50,Pullman,5,10,19,1610
50,Pullman,5,11,22,1621
50,Pullman,5,12,23,1632
50,Pullman,5,13,21,1643
50,Pullman,5,14,18,1654
50,Pullman,5,15,19,1665
50,Pullman,5,16,32,1676
50,Pullman,5,17,34,1687
50,Pullman,5,18,31,1698
50,Pullman,5,19,33,1709
50,Pullman,5,20,24,1720
50,Pullman,5,21,22,1551
50,Pullman,5,22,24,1812
50,Pullman,5,23,11,1823
50,Pullman,6,0,11,1930
50,Pullman,6,1,12,1941
50,Pullman,6,2,6,1952
50,Pullman,6,3,6,1963
50,Pullman,6,4,5,1974
50,Pullman,6,5,6,1805
50,Pullman,6,6,19,1566
50,Pullman,6,7,25,1577
50,Pullman,6,8,27,1588
50,Pullman,6,9,24,1599
50,Pullman,6,10,18,1610
50,Pullman,6,11,23,1621
50,Pullman,6,12,21,1632
50,Pullman,6,13,23,1643
50,Pullman,6,14,17,1654
50,Pullman,6,15,18,1665
50,Pullman,6,16,29,1676
50,Pullman,6,17,31,1687
50,Pullman,6,18,34,1698
50,Pullman,6,19,31,1709
50,Pullman,6,20,22,1720
50,Pullman,6,21,20,1551
50,Pullman,6,22,22,1812
50,Pullman,6,23,12,1823
51,South Deering,0,0,12,1847
51,South Deering,0,1,12,1858
51,South Deering,0,2,7,1869
51,South Deering,0,3,6,1700
51,South Deering,0,4,7,1711
51,South Deering,0,5,6,1722
51,South Deering,0,6,19,1483
51,South Deering,0,7,30,1494
51,South Deering,0,8,28,1505
51,South Deering,0,9,30,1516
51,South Deering,0,10,18,1527
51,South Deering,0,11,24,1538
51,South Deering,0,12,26,1549
51,South Deering,0,13,23,1560
51,South Deering,0,14,20,1571
51,South Deering,0,15,18,1582
51,South Deering,0,16,36,1593
51,South Deering,0,17,33,1604
51,South Deering,0,18,35,1615
51,South Deering,0,19,37,1626
51,South Deering,0,20,23,1457
51,South Deering,0,21,25,1468
51,South Deering,0,22,22,1729
51,South Deering,0,23,13,1740
51,South Deering,1,0,14,1847
51,South Deering,1,1,13,1858
51,South Deering,1,2,7,1869
51,South Deering,1,3,6,1700
51,South Deering,1,4,7,1711
51,South Deering,1,5,7,1722
51,South Deering,1,6,20,1483
51,South Deering,1,7,31,1494
51,South Deering,1,8,28,1505
51,South Deering,1,9,30,1516
51,South Deering,1,10,22,1527
51,South Deering,1,11,24,1538
51,South Deering,1,12,26,1549
51,South Deering,1,13,24,1560
51,South Deering,1,14,21,1571
51,South Deering,1,15,22,1582
51,South Deering,1,16,36,1593
51,South Deering,1,17,39,1604
51,South Deering,1,18,35,1615
51,South Deering,1,19,38,1626
51,South Deering,1,20,23,1457
51,South Deering,1,21,25,1468
51,South Deering,1,22,27,1729
51,South Deering,1,23,13,1740
51,South Deering,2,0,13,1847
51,South Deering,2,1,14,1858
51,South Deering,2,2,7,1869
51,South Deering,2,3,7,1700
51,South Deering,2,4,6,1711
51,South Deering,2,5,7,1722
51,South Deering,2,6,19,1483
51,South Deering,2,7,30,1494
51,South Deering,2,8,32,1505
51,South Deering,2,9,29,1516
51,South Deering,2,10,21,1527
51,South Deering,2,11,23,1538
51,South Deering,2,12,25,1549
51,South Deering,2,13,27,1560
51,South Deering,2,14,20,1571
51,South Deering,2,15,21,1582
51,South Deering,2,16,35,1593
51,South Deering,2,17,38,1604
51,South Deering,2,18,40,1615
51,South Deering,2,19,36,1626
51,South Deering,2,20,26,1457
51,South Deering,2,21,24,1468
51,South Deering,2,22,26,1729
51,South Deering,2,23,12,1740
51,South Deering,3,0,13,1847
51,South Deering,3,1,14,1858
51,South Deering,3,2,6,1869
51,South Deering,3,3,7,1700
51,South Deering,3,4,7,1711
51,South Deering,3,5,7,1722
51,South Deering,3,6,21,1483
51,South Deering,3,7,29,1494
51,South Deering,3,8,31,1505
51,South Deering,3,9,28,1516
51,South Deering,3,10,20,1527
51,South Deering,3,11,27,1538
51,South Deering,3,12,24,1549
51,South Deering,3,13,26,1560
51,South Deering,3,14,19,1571
51,South Deering,3,15,20,1582
51,South Deering,3,16,40,1593
51,South Deering,3,17,36,1604
51,South Deering,3,18,39,1615
51,South Deering,3,19,35,1626
51,South Deering,3,20,25,1457
51,South Deering,3,21,27,1468
51,South Deering,3,22,25,1729
51,South Deering,3,23,14,1740
51,South Deering,4,0,12,1847
51,South Deering,4,1,13,1858
51,South Deering,4,2,7,1869
51,South Deering,4,3,7,1700
51,South Deering,4,4,7,1711
51,South Deering,4,5,6,1722
51,South Deering,4,6,21,1483
51,South Deering,4,7,32,1494
51,South Deering,4,8,29,1505
51,South Deering,4,9,32,1516
51,South Deering,4,10,19,1527
51,South Deering,4,11,26,1538
51,South Deering,4,12,23,1549
51,South Deering,4,13,25,1560
51,South Deering,4,14,22,1571
51,South Deering,4,15,20,1582
51,South Deering,4,16,38,1593
51,South Deering,4,17,35,1604
51,South Deering,4,18,37,1615
51,South Deering,4,19,40,1626
51,South Deering,4,20,24,1457
51,South Deering,4,21,26,1468
51,South Deering,4,22,24,1729
51,South Deering,4,23,13,1740
51,South Deering,5,0,14,1947
51,South Deering,5,1,13,1958
51,South Deering,5,2,7,1969
51,South Deering,5,3,6,1800
51,South Deering,5,4,7,1811
51,South Deering,5,5,7,1822
51,South Deering,5,6,20,1583
51,South Deering,5,7,31,1594
51,South Deering,5,8,28,1605
51,South Deering,5,9,30,1616
51,South Deering,5,10,22,1627
51,South Deering,5,11,25,1638
51,South Deering,5,12,26,1649
51,South Deering,5,13,24,1660
51,South Deering,5,14,21,1671
51,South Deering,5,15,19,1682
51,South Deering,5,16,37,1693
51,South Deering,5,17,39,1704
51,South Deering,5,18,36,1715
51,South Deering,5,19,38,1726
51,South Deering,5,20,23,1557
51,South Deering,5,21,25,1568
51,South Deering,5,22,27,1829
51,South Deering,5,23,13,1840
51,South Deering,6,0,13,1947
51,South Deering,6,1,12,1958
51,South Deering,6,2,6,1969
51,South Deering,6,3,7,1800
51,South Deering,6,4,6,1811
51,South Deering,6,5,7,1822
51,South Deering,6,6,18,1583
51,South Deering,6,7,29,1594
51,South Deering,6,8,30,1605
51,South Deering,6,9,28,1616
51,South Deering,6,10,20,1627
51,South Deering,6,11,23,1638
51,South Deering,6,12,24,1649
51,South Deering,6,13,26,1660
51,South Deering,6,14,19,1671
51,South Deering,6,15,20,1682
51,South Deering,6,16,34,1693
51,South Deering,6,17,36,1704
51,South Deering,6,18,33,1715
51,South Deering,6,19,35,1726
51,South Deering,6,20,25,1557
51,South Deering,6,21,23,1568
51,South Deering,6,22,25,1829
51,South Deering,6,23,12,1840
52,East Side,0,0,12,1864
52,East Side,0,1,13,1875
52,East Side,0,2,6,1706
52,East Side,0,3,6,1717
52,East Side,0,4,7,1728
52,East Side,0,5,6,1739
52,East Side,0,6,20,1500
52,East Side,0,7,27,1511
52,East Side,0,8,29,1522
52,East Side,0,9,30,1533
52,East Side,0,10,19,1544
52,East Side,0,11,25,1555
52,East Side,0,12,23,1566
52,East Side,0,13,24,1577
52,East Side,0,14,21,1588
52,East Side,0,15,19,1599
52,East Side,0,16,37,1610
52,East Side,0,17,34,1621
52,East Side,0,18,36,1452
52,East Side,0,19,33,1463
52,East Side,0,20,24,1474
52,East Side,0,21,25,1485
52,East Side,0,22,23,1746
52,East Side,0,23,13,1757
52,East Side,1,0,14,1864
52,East Side,1,1,13,1875
52,East Side,1,2,7,1706
52,East Side,1,3,6,1717
52,East Side,1,4,7,1728
52,East Side,1,5,6,1739
52,East Side,1,6,20,1500
52,East Side,1,7,32,1511
52,East Side,1,8,29,1522
52,East Side,1,9,31,1533
52,East Side,1,10,19,1544
52,East Side,1,11,25,1555
52,East Side,1,12,27,1566
52,East Side,1,13,24,1577
52,East Side,1,14,21,1588
52,East Side,1,15,19,1599
52,East Side,1,16,38,1610
52,East Side,1,17,40,1621
52,East Side,1,18,36,1452
52,East Side,1,19,39,1463
52,East Side,1,20,24,1474
52,East Side,1,21,26,1485
52,East Side,1,22,23,1746
52,East Side,1,23,13,1757
52,East Side,2,0,14,1864
52,East Side,2,1,12,1875
52,East Side,2,2,7,1706
52,East Side,2,3,7,1717
52,East Side,2,4,7,1728
52,East Side,2,5,7,1739
52,East Side,2,6,19,1500
52,East Side,2,7,31,1511
52,East Side,2,8,28,1522
52,East Side,2,9,30,1533
52,East Side,2,10,22,1544
52,East Side,2,11,24,1555
52,East Side,2,12,26,1566
52,East Side,2,13,23,1577
52,East Side,2,14,20,1588
52,East Side,2,15,22,1599
52,East Side,2,16,36,1610
52,East Side,2,17,39,1621
52,East Side,2,18,35,1452
52,East Side,2,19,38,1463
52,East Side,2,20,27,1474
52,East Side,2,21,25,1485
52,East Side,2,22,26,1746
52,East Side,2,23,13,1757
52,East Side,3,0,13,1864
52,East Side,3,1,14,1875
52,East Side,3,2,7,1706
52,East Side,3,3,7,1717
52,East Side,3,4,6,1728
52,East Side,3,5,7,1739
52,East Side,3,6,22,1500
52,East Side,3,7,29,1511
52,East Side,3,8,32,1522
52,East Side,3,9,29,1533
52,East Side,3,10,21,1544
52,East Side,3,11,23,1555
52,East Side,3,12,25,1566
52,East Side,3,13,27,1577
52,East Side,3,14,20,1588
52,East Side,3,15,21,1599
52,East Side,3,16,35,1610
52,East Side,3,17,37,1621
52,East Side,3,18,40,1452
52,East Side,3,19,36,1463
52,East Side,3,20,26,1474
52,East Side,3,21,24,1485
52,East Side,3,22,25,1746
52,East Side,3,23,14,1757
52,East Side,4,0,13,1864
52,East Side,4,1,14,1875
52,East Side,4,2,6,1706
52,East Side,4,3,7,1717
52,East Side,4,4,7,1728
52,East Side,4,5,7,1739
52,East Side,4,6,21,1500
52,East Side,4,7,28,1511
52,East Side,4,8,30,1522
52,East Side,4,9,32,1533
52,East Side,4,10,20,1544
52,East Side,4,11,26,1555
52,East Side,4,12,24,1566
52,East Side,4,13,26,1577
52,East Side,4,14,19,1588
52,East Side,4,15,20,1599
52,East Side,4,16,39,1610
52,East Side,4,17,36,1621
52,East Side,4,18,38,1452
52,East Side,4,19,35,1463
52,East Side,4,20,25,1474
52,East Side,4,21,27,1485
52,East Side,4,22,24,1746
52,East Side,4,23,14,1757
52,East Side,5,0,12,1964
52,East Side,5,1,13,1975
52,East Side,5,2,7,1806
52,East Side,5,3,6,1817
52,East Side,5,4,7,1828
52,East Side,5,5,6,1839
52,East Side,5,6,20,1600
52,East Side,5,7,32,1611
52,East Side,5,8,29,1622
52,East Side,5,9,31,1633
52,East Side,5,10,19,1644
52,East Side,5,11,25,1655
52,East Side,5,12,27,1666
52,East Side,5,13,25,1677
52,East Side,5,14,21,1688
52,East Side,5,15,19,1699
52,East Side,5,16,38,1710
52,East Side,5,17,34,1721
52,East Side,5,18,37,1552
52,East Side,5,19,39,1563
52,East Side,5,20,24,1574
52,East Side,5,21,26,1585
52,East Side,5,22,23,1846
52,East Side,5,23,13,1857
52,East Side,6,0,13,1964
52,East Side,6,1,12,1975
52,East Side,6,2,7,1806
52,East Side,6,3,6,1817
52,East Side,6,4,6,1828
52,East Side,6,5,7,1839
52,East Side,6,6,19,1600
52,East Side,6,7,29,1611
52,East Side,6,8,27,1622
52,East Side,6,9,29,1633
52,East Side,6,10,21,1644
52,East Side,6,11,23,1655
52,East Side,6,12,25,1666
52,East Side,6,13,23,1677
52,East Side,6,14,20,1688
52,East Side,6,15,21,1699
52,East Side,6,16,35,1710
52,East Side,6,17,37,1721
52,East Side,6,18,34,1552
52,East Side,6,19,36,1563
52,East Side,6,20,22,1574
52,East Side,6,21,24,1585
52,East Side,6,22,25,1846
52,East Side,6,23,12,1857
53,West Pullman,0,0,14,1701
53,West Pullman,0,1,14,1712
53,West Pullman,0,2,7,1723
53,West Pullman,0,3,7,1734
53,West Pullman,0,4,6,1745
53,West Pullman,0,5,7,1756
53,West Pullman,0,6,23,1517
53,West Pullman,0,7,30,1528
53,West Pullman,0,8,32,1539
53,West Pullman,0,9,29,1550
53,West Pullman,0,10,21,1561
53,West Pullman,0,11,28,1572
53,West Pullman,0,12,26,1583
53,West Pullman,0,13,27,1594
53,West Pullman,0,14,20,1605
53,West Pullman,0,15,22,1616
53,West Pullman,0,16,42,1627
53,West Pullman,0,17,38,1458
53,West Pullman,0,18,41,1469
53,West Pullman,0,19,37,1480
53,West Pullman,0,20,27,1491
53,West Pullman,0,21,24,1502
53,West Pullman,0,22,26,1763
53,West Pullman,0,23,15,1774
53,West Pullman,1,0,14,1701
53,West Pullman,1,1,15,1712
53,West Pullman,1,2,8,1723
53,West Pullman,1,3,7,1734
53,West Pullman,1,4,8,1745
53,West Pullman,1,5,7,1756
53,West Pullman,1,6,23,1517
53,West Pullman,1,7,30,1528
53,West Pullman,1,8,33,1539
53,West Pullman,1,9,35,1550
53,West Pullman,1,10,22,1561
53,West Pullman,1,11,29,1572
53,West Pullman,1,12,26,1583
53,West Pullman,1,13,28,1594
53,West Pullman,1,14,24,1605
53,West Pullman,1,15,22,1616
53,West Pullman,1,16,43,1627
53,West Pullman,1,17,38,1458
53,West Pullman,1,18,41,1469
53,West Pullman,1,19,44,1480
53,West Pullman,1,20,27,1491
53,West Pullman,1,21,29,1502
53,West Pullman,1,22,26,1763
53,West Pullman,1,23,15,1774
53,West Pullman,2,0,16,1701
53,West Pullman,2,1,14,1712
53,West Pullman,2,2,8,1723
53,West Pullman,2,3,7,1734
53,West Pullman,2,4,7,1745
53,West Pullman,2,5,8,1756
53,West Pullman,2,6,22,1517
53,West Pullman,2,7,35,1528
53,West Pullman,2,8,31,1539
53,West Pullman,2,9,34,1550
53,West Pullman,2,10,21,1561
53,West Pullman,2,11,27,1572
53,West Pullman,2,12,29,1583
53,West Pullman,2,13,27,1594
53,West Pullman,2,14,23,1605
53,West Pullman,2,15,21,1616
53,West Pullman,2,16,41,1627
53,West Pullman,2,17,44,1458
53,West Pullman,2,18,40,1469
53,West Pullman,2,19,43,1480
53,West Pullman,2,20,26,1491
53,West Pullman,2,21,28,1502
53,West Pullman,2,22,30,1763
53,West Pullman,2,23,14,1774
53,West Pullman,3,0,15,1701
53,West Pullman,3,1,14,1712
53,West Pullman,3,2,7,1723
53,West Pullman,3,3,8,1734
53,West Pullman,3,4,7,1745
53,West Pullman,3,5,8,1756
53,West Pullman,3,6,21,1517
53,West Pullman,3,7,33,1528
53,West Pullman,3,8,36,1539
53,West Pullman,3,9,32,1550
53,West Pullman,3,10,24,1561
53,West Pullman,3,11,26,1572
53,West Pullman,3,12,28,1583
53,West Pullman,3,13,26,1594
53,West Pullman,3,14,22,1605
53,West Pullman,3,15,24,1616
53,West Pullman,3,16,39,1627
53,West Pullman,3,17,42,1458
53,West Pullman,3,18,38,1469
53,West Pullman,3,19,41,1480
53,West Pullman,3,20,30,1491
53,West Pullman,3,21,27,1502
53,West Pullman,3,22,29,1763
53,West Pullman,3,23,14,1774
53,West Pullman,4,0,14,1701
53,West Pullman,4,1,15,1712
53,West Pullman,4,2,7,1723
53,West Pullman,4,3,8,1734
53,West Pullman,4,4,7,1745
53,West Pullman,4,5,7,1756
53,West Pullman,4,6,24,1517
53,West Pullman,4,7,32,1528
53,West Pullman,4,8,34,1539
53,West Pullman,4,9,31,1550
53,West Pullman,4,10,23,1561
53,West Pullman,4,11,30,1572
53,West Pullman,4,12,27,1583
53,West Pullman,4,13,29,1594
53,West Pullman,4,14,21,1605
53,West Pullman,4,15,23,1616
53,West Pullman,4,16,38,1627
53,West Pullman,4,17,41,1458
53,West Pullman,4,18,43,1469
53,West Pullman,4,19,39,1480
53,West Pullman,4,20,29,1491
53,West Pullman,4,21,26,1502
53,West Pullman,4,22,28,1763
53,West Pullman,4,23,16,1774
53,West Pullman,5,0,14,1801
53,West Pullman,5,1,15,1812
53,West Pullman,5,2,7,1823
53,West Pullman,5,3,7,1834
53,West Pullman,5,4,8,1845
53,West Pullman,5,5,7,1856
53,West Pullman,5,6,23,1617
53,West Pullman,5,7,31,1628
53,West Pullman,5,8,33,1639
53,West Pullman,5,9,35,1650
53,West Pullman,5,10,22,1661
53,West Pullman,5,11,29,1672
53,West Pullman,5,12,26,1683
53,West Pullman,5,13,28,1694
53,West Pullman,5,14,24,1705
53,West Pullman,5,15,22,1716
53,West Pullman,5,16,43,1727
53,West Pullman,5,17,39,1558
53,West Pullman,5,18,42,1569
53,West Pullman,5,19,38,1580
53,West Pullman,5,20,27,1591
53,West Pullman,5,21,29,1602
53,West Pullman,5,22,27,1863
53,West Pullman,5,23,15,1874
53,West Pullman,6,0,15,1801
53,West Pullman,6,1,14,1812
53,West Pullman,6,2,7,1823
53,West Pullman,6,3,7,1834
53,West Pullman,6,4,7,1845
53,West Pullman,6,5,6,1856
53,West Pullman,6,6,21,1617
53,West Pullman,6,7,33,1628
53,West Pullman,6,8,30,1639
53,West Pullman,6,9,32,1650
53,West Pullman,6,10,20,1661
53,West Pullman,6,11,26,1672
53,West Pullman,6,12,28,1683
53,West Pullman,6,13,26,1694
53,West Pullman,6,14,22,1705
53,West Pullman,6,15,20,1716
53,West Pullman,6,16,39,1727
53,West Pullman,6,17,42,1558
53,West Pullman,6,18,38,1569
53,West Pullman,6,19,41,1580
53,West Pullman,6,20,25,1591
53,West Pullman,6,21,27,1602
53,West Pullman,6,22,24,1863
53,West Pullman,6,23,14,1874
54,Riverdale,0,0,9,1718
54,Riverdale,0,1,9,1729
54,Riverdale,0,2,4,1740
54,Riverdale,0,3,5,1751
54,Riverdale,0,4,4,1762
54,Riverdale,0,5,5,1773
54,Riverdale,0,6,12,1534
54,Riverdale,0,7,20,1545
54,Riverdale,0,8,21,1556
54,Riverdale,0,9,19,1567
54,Riverdale,0,10,14,1578
54,Riverdale,0,11,16,1589
54,Riverdale,0,12,17,1600
54,Riverdale,0,13,18,1611
54,Riverdale,0,14,13,1622
54,Riverdale,0,15,14,1453
54,Riverdale,0,16,23,1464
54,Riverdale,0,17,25,1475
54,Riverdale,0,18,27,1486
54,Riverdale,0,19,24,1497
54,Riverdale,0,20,18,1508
54,Riverdale,0,21,16,1519
54,Riverdale,0,22,17,1780
54,Riverdale,0,23,8,1791
54,Riverdale,1,0,9,1718
54,Riverdale,1,1,10,1729
54,Riverdale,1,2,4,1740
54,Riverdale,1,3,5,1751
54,Riverdale,1,4,5,1762
54,Riverdale,1,5,5,1773
54,Riverdale,1,6,15,1534
54,Riverdale,1,7,20,1545
54,Riverdale,1,8,21,1556
54,Riverdale,1,9,19,1567
54,Riverdale,1,10,14,1578
54,Riverdale,1,11,19,1589
54,Riverdale,1,12,17,1600
54,Riverdale,1,13,18,1611
54,Riverdale,1,14,13,1622
54,Riverdale,1,15,14,1453
54,Riverdale,1,16,28,1464
54,Riverdale,1,17,25,1475
54,Riverdale,1,18,27,1486
54,Riverdale,1,19,24,1497
54,Riverdale,1,20,18,1508
54,Riverdale,1,21,19,1519
54,Riverdale,1,22,17,1780
54,Riverdale,1,23,10,1791
54,Riverdale,2,0,9,1718
54,Riverdale,2,1,9,1729
54,Riverdale,2,2,5,1740
54,Riverdale,2,3,5,1751
54,Riverdale,2,4,5,1762
54,Riverdale,2,5,4,1773
54,Riverdale,2,6,14,1534
54,Riverdale,2,7,23,1545
54,Riverdale,2,8,21,1556
54,Riverdale,2,9,22,1567
54,Riverdale,2,10,14,1578
54,Riverdale,2,11,18,1589
54,Riverdale,2,12,16,1600
54,Riverdale,2,13,17,1611
54,Riverdale,2,14,15,1622
54,Riverdale,2,15,14,1453
54,Riverdale,2,16,27,1464
54,Riverdale,2,17,24,1475
54,Riverdale,2,18,26,1486
54,Riverdale,2,19,28,1497
54,Riverdale,2,20,17,1508
54,Riverdale,2,21,18,1519
54,Riverdale,2,22,17,1780
54,Riverdale,2,23,9,1791
54,Riverdale,3,0,10,1718
54,Riverdale,3,1,9,1729
54,Riverdale,3,2,5,1740
54,Riverdale,3,3,4,1751
54,Riverdale,3,4,5,1762
54,Riverdale,3,5,5,1773
54,Riverdale,3,6,14,1534
54,Riverdale,3,7,22,1545
54,Riverdale,3,8,20,1556
54,Riverdale,3,9,21,1567
54,Riverdale,3,10,15,1578
54,Riverdale,3,11,17,1589
54,Riverdale,3,12,19,1600
54,Riverdale,3,13,17,1611
54,Riverdale,3,14,15,1622
54,Riverdale,3,15,13,1453
54,Riverdale,3,16,26,1464
54,Riverdale,3,17,28,1475
54,Riverdale,3,18,25,1486
54,Riverdale,3,19,27,1497
54,Riverdale,3,20,16,1508
54,Riverdale,3,21,18,1519
54,Riverdale,3,22,19,1780
54,Riverdale,3,23,9,1791
54,Riverdale,4,0,9,1718
54,Riverdale,4,1,9,1729
54,Riverdale,4,2,5,1740
54,Riverdale,4,3,5,1751
54,Riverdale,4,4,5,1762
54,Riverdale,4,5,5,1773
54,Riverdale,4,6,13,1534
54,Riverdale,4,7,21,1545
54,Riverdale,4,8,22,1556
54,Riverdale,4,9,20,1567
54,Riverdale,4,10,15,1578
54,Riverdale,4,11,17,1589
54,Riverdale,4,12,18,1600
54,Riverdale,4,13,19,1611
54,Riverdale,4,14,14,1622
54,Riverdale,4,15,15,1453
54,Riverdale,4,16,25,1464
54,Riverdale,4,17,27,1475
54,Riverdale,4,18,24,1486
54,Riverdale,4,19,26,1497
54,Riverdale,4,20,19,1508
54,Riverdale,4,21,17,1519
54,Riverdale,4,22,18,1780
54,Riverdale,4,23,9,1791
54,Riverdale,5,0,9,1818
54,Riverdale,5,1,10,1829
54,Riverdale,5,2,4,1840
54,Riverdale,5,3,5,1851
54,Riverdale,5,4,4,1862
54,Riverdale,5,5,5,1873
54,Riverdale,5,6,15,1634
54,Riverdale,5,7,20,1645
54,Riverdale,5,8,22,1656
54,Riverdale,5,9,20,1667
54,Riverdale,5,10,14,1678
54,Riverdale,5,11,19,1689
54,Riverdale,5,12,17,1700
54,Riverdale,5,13,18,1711
54,Riverdale,5,14,13,1722
54,Riverdale,5,15,14,1553
54,Riverdale,5,16,28,1564
54,Riverdale,5,17,26,1575
54,Riverdale,5,18,27,1586
54,Riverdale,5,19,25,1597
54,Riverdale,5,20,18,1608
54,Riverdale,5,21,16,1619
54,Riverdale,5,22,17,1880
54,Riverdale,5,23,10,1891
54,Riverdale,6,0,8,1818
54,Riverdale,6,1,9,1829
54,Riverdale,6,2,5,1840
54,Riverdale,6,3,4,1851
54,Riverdale,6,4,5,1862
54,Riverdale,6,5,4,1873
54,Riverdale,6,6,14,1634
54,Riverdale,6,7,18,1645
54,Riverdale,6,8,20,1656
54,Riverdale,6,9,21,1667
54,Riverdale,6,10,13,1678
54,Riverdale,6,11,17,1689
54,Riverdale,6,12,16,1700
54,Riverdale,6,13,17,1711
54,Riverdale,6,14,15,1722
54,Riverdale,6,15,13,1553
54,Riverdale,6,16,26,1564
54,Riverdale,6,17,23,1575
54,Riverdale,6,18,25,1586
54,Riverdale,6,19,27,1597
54,Riverdale,6,20,16,1608
54,Riverdale,6,21,18,1619
54,Riverdale,6,22,16,1880
54,Riverdale,6,23,9,1891
55,Hegewisch,0,0,10,1735
55,Hegewisch,0,1,9,1746
55,Hegewisch,0,2,5,1757
55,Hegewisch,0,3,6,1768
55,Hegewisch,0,4,5,1779
55,Hegewisch,0,5,5,1790
55,Hegewisch,0,6,15,1551
55,Hegewisch,0,7,23,1562
55,Hegewisch,0,8,21,1573
55,Hegewisch,0,9,23,1584
55,Hegewisch,0,10,16,1595
55,Hegewisch,0,11,18,1606
55,Hegewisch,0,12,20,1617
55,Hegewisch,0,13,18,1628
55,Hegewisch,0,14,16,1459
55,Hegewisch,0,15,17,1470
55,Hegewisch,0,16,27,1481
55,Hegewisch,0,17,29,1492
55,Hegewisch,0,18,27,1503
55,Hegewisch,0,19,29,1514
55,Hegewisch,0,20,21,1525
55,Hegewisch,0,21,19,1536
55,Hegewisch,0,22,20,1797
55,Hegewisch,0,23,10,1808
55,Hegewisch,1,0,11,1735
55,Hegewisch,1,1,11,1746
55,Hegewisch,1,2,5,1757
55,Hegewisch,1,3,6,1768
55,Hegewisch,1,4,5,1779
55,Hegewisch,1,5,5,1790
55,Hegewisch,1,6,18,1551
55,Hegewisch,1,7,24,1562
55,Hegewisch,1,8,25,1573
55,Hegewisch,1,9,23,1584
55,Hegewisch,1,10,17,1595
55,Hegewisch,1,11,19,1606
55,Hegewisch,1,12,20,1617
55,Hegewisch,1,13,21,1628
55,Hegewisch,1,14,16,1459
55,Hegewisch,1,15,17,1470
55,Hegewisch,1,16,28,1481
55,Hegewisch,1,17,30,1492
55,Hegewisch,1,18,32,1503
55,Hegewisch,1,19,29,1514
55,Hegewisch,1,20,21,1525
55,Hegewisch,1,21,19,1536
55,Hegewisch,1,22,20,1797
55,Hegewisch,1,23,11,1808
55,Hegewisch,2,0,10,1735
55,Hegewisch,2,1,11,1746
55,Hegewisch,2,2,5,1757
55,Hegewisch,2,3,5,1768
55,Hegewisch,2,4,6,1779
55,Hegewisch,2,5,5,1790
55,Hegewisch,2,6,17,1551
55,Hegewisch,2,7,23,1562
55,Hegewisch,2,8,24,1573
55,Hegewisch,2,9,26,1584
55,Hegewisch,2,10,16,1595
55,Hegewisch,2,11,21,1606
55,Hegewisch,2,12,19,1617
55,Hegewisch,2,13,21,1628
55,Hegewisch,2,14,15,1459
55,Hegewisch,2,15,16,1470
55,Hegewisch,2,16,32,1481
55,Hegewisch,2,17,29,1492
55,Hegewisch,2,18,31,1503
55,Hegewisch,2,19,28,1514
55,Hegewisch,2,20,20,1525
55,Hegewisch,2,21,22,1536
55,Hegewisch,2,22,20,1797
55,Hegewisch,2,23,11,1808
55,Hegewisch,3,0,10,1735
55,Hegewisch,3,1,10,1746
55,Hegewisch,3,2,6,1757
55,Hegewisch,3,3,5,1768
55,Hegewisch,3,4,6,1779
55,Hegewisch,3,5,5,1790
55,Hegewisch,3,6,16,1551
55,Hegewisch,3,7,26,1562
55,Hegewisch,3,8,23,1573
55,Hegewisch,3,9,25,1584
55,Hegewisch,3,10,15,1595
55,Hegewisch,3,11,20,1606
55,Hegewisch,3,12,22,1617
55,Hegewisch,3,13,20,1628
55,Hegewisch,3,14,17,1459
55,Hegewisch,3,15,16,1470
55,Hegewisch,3,16,30,1481
55,Hegewisch,3,17,27,1492
55,Hegewisch,3,18,29,1503
55,Hegewisch,3,19,32,1514
55,Hegewisch,3,20,19,1525
55,Hegewisch,3,21,21,1536
55,Hegewisch,3,22,19,1797
55,Hegewisch,3,23,11,1808
55,Hegewisch,4,0,11,1735
55,Hegewisch,4,1,10,1746
55,Hegewisch,4,2,5,1757
55,Hegewisch,4,3,5,1768
55,Hegewisch,4,4,5,1779
55,Hegewisch,4,5,6,1790
55,Hegewisch,4,6,16,1551
55,Hegewisch,4,7,25,1562
55,Hegewisch,4,8,22,1573
55,Hegewisch,4,9,24,1584
55,Hegewisch,4,10,17,1595
55,Hegewisch,4,11,20,1606
55,Hegewisch,4,12,21,1617
55,Hegewisch,4,13,19,1628
55,Hegewisch,4,14,16,1459
55,Hegewisch,4,15,18,1470
55,Hegewisch,4,16,29,1481
55,Hegewisch,4,17,31,1492
55,Hegewisch,4,18,28,1503
55,Hegewisch,4,19,30,1514
55,Hegewisch,4,20,19,1525
55,Hegewisch,4,21,20,1536
55,Hegewisch,4,22,21,1797
55,Hegewisch,4,23,10,1808
55,Hegewisch,5,0,11,1835
55,Hegewisch,5,1,11,1846
55,Hegewisch,5,2,5,1857
55,Hegewisch,5,3,6,1868
55,Hegewisch,5,4,5,1879
55,Hegewisch,5,5,5,1890
55,Hegewisch,5,6,15,1651
55,Hegewisch,5,7,24,1662
55,Hegewisch,5,8,25,1673
55,Hegewisch,5,9,23,1684
55,Hegewisch,5,10,17,1695
55,Hegewisch,5,11,19,1706
55,Hegewisch,5,12,20,1717
55,Hegewisch,5,13,22,1728
55,Hegewisch,5,14,16,1559
55,Hegewisch,5,15,17,1570
55,Hegewisch,5,16,28,1581
55,Hegewisch,5,17,30,1592
55,Hegewisch,5,18,32,1603
55,Hegewisch,5,19,29,1614
55,Hegewisch,5,20,21,1625
55,Hegewisch,5,21,19,1636
55,Hegewisch,5,22,21,1897
55,Hegewisch,5,23,10,1908
55,Hegewisch,6,0,10,1835
55,Hegewisch,6,1,10,1846
55,Hegewisch,6,2,5,1857
55,Hegewisch,6,3,5,1868
55,Hegewisch,6,4,6,1879
55,Hegewisch,6,5,5,1890
55,Hegewisch,6,6,16,1651
55,Hegewisch,6,7,22,1662
55,Hegewisch,6,8,23,1673
55,Hegewisch,6,9,21,1684
55,Hegewisch,6,10,15,1695
55,Hegewisch,6,11,20,1706
55,Hegewisch,6,12,18,1717
55,Hegewisch,6,13,20,1728
55,Hegewisch,6,14,14,1559
55,Hegewisch,6,15,16,1570
55,Hegewisch,6,16,30,1581
55,Hegewisch,6,17,27,1592
55,Hegewisch,6,18,29,1603
55,Hegewisch,6,19,27,1614
55,Hegewisch,6,20,19,1625
55,Hegewisch,6,21,21,1636
55,Hegewisch,6,22,19,1897
55,Hegewisch,6,23,11,1908
56,Garfield Ridge,0,0,24,1752
56,Garfield Ridge,0,1,22,1763
56,Garfield Ridge,0,2,12,1774
56,Garfield Ridge,0,3,11,1785
56,Garfield Ridge,0,4,12,1796
56,Garfield Ridge,0,5,12,1807
56,Garfield Ridge,0,6,34,1568
56,Garfield Ridge,0,7,54,1579
56,Garfield Ridge,0,8,49,1590
56,Garfield Ridge,0,9,52,1601
56,Garfield Ridge,0,10,32,1612
56,Garfield Ridge,0,11,43,1623
56,Garfield Ridge,0,12,46,1454
56,Garfield Ridge,0,13,41,1465
56,Garfield Ridge,0,14,36,1476
56,Garfield Ridge,0,15,32,1487
56,Garfield Ridge,0,16,64,1498
56,Garfield Ridge,0,17,68,1509
56,Garfield Ridge,0,18,62,1520
56,Garfield Ridge,0,19,66,1531
56,Garfield Ridge,0,20,41,1542
56,Garfield Ridge,0,21,44,1553
56,Garfield Ridge,0,22,47,1814
56,Garfield Ridge,0,23,22,1825
56,Garfield Ridge,1,0,24,1752
56,Garfield Ridge,1,1,22,1763
56,Garfield Ridge,1,2,12,1774
56,Garfield Ridge,1,3,13,1785
56,Garfield Ridge,1,4,12,1796
56,Garfield Ridge,1,5,13,1807
56,Garfield Ridge,1,6,35,1568
56,Garfield Ridge,1,7,55,1579
56,Garfield Ridge,1,8,58,1590
56,Garfield Ridge,1,9,53,1601
56,Garfield Ridge,1,10,39,1612
56,Garfield Ridge,1,11,43,1623
56,Garfield Ridge,1,12,46,1454
56,Garfield Ridge,1,13,42,1465
56,Garfield Ridge,1,14,36,1476
56,Garfield Ridge,1,15,39,1487
56,Garfield Ridge,1,16,64,1498
56,Garfield Ridge,1,17,69,1509
56,Garfield Ridge,1,18,62,1520
56,Garfield Ridge,1,19,67,1531
56,Garfield Ridge,1,20,49,1542
56,Garfield Ridge,1,21,44,1553
56,Garfield Ridge,1,22,47,1814
56,Garfield Ridge,1,23,22,1825
56,Garfield Ridge,2,0,24,1752
56,Garfield Ridge,2,1,25,1763
56,Garfield Ridge,2,2,12,1774
56,Garfield Ridge,2,3,12,1785
56,Garfield Ridge,2,4,11,1796
56,Garfield Ridge,2,5,12,1807
56,Garfield Ridge,2,6,39,1568
56,Garfield Ridge,2,7,52,1579
56,Garfield Ridge,2,8,56,1590
56,Garfield Ridge,2,9,51,1601
56,Garfield Ridge,2,10,37,1612
56,Garfield Ridge,2,11,49,1623
56,Garfield Ridge,2,12,44,1454
56,Garfield Ridge,2,13,48,1465
56,Garfield Ridge,2,14,35,1476
56,Garfield Ridge,2,15,37,1487
56,Garfield Ridge,2,16,62,1498
56,Garfield Ridge,2,17,66,1509
56,Garfield Ridge,2,18,71,1520
56,Garfield Ridge,2,19,64,1531
56,Garfield Ridge,2,20,47,1542
56,Garfield Ridge,2,21,42,1553
56,Garfield Ridge,2,22,45,1814
56,Garfield Ridge,2,23,25,1825
56,Garfield Ridge,3,0,23,1752
56,Garfield Ridge,3,1,24,1763
56,Garfield Ridge,3,2,11,1774
56,Garfield Ridge,3,3,12,1785
56,Garfield Ridge,3,4,13,1796
56,Garfield Ridge,3,5,12,1807
56,Garfield Ridge,3,6,38,1568
56,Garfield Ridge,3,7,50,1579
56,Garfield Ridge,3,8,54,1590
56,Garfield Ridge,3,9,58,1601
56,Garfield Ridge,3,10,36,1612
56,Garfield Ridge,3,11,47,1623
56,Garfield Ridge,3,12,43,1454
56,Garfield Ridge,3,13,46,1465
56,Garfield Ridge,3,14,40,1476
56,Garfield Ridge,3,15,36,1487
56,Garfield Ridge,3,16,70,1498
56,Garfield Ridge,3,17,64,1509
56,Garfield Ridge,3,18,68,1520
56,Garfield Ridge,3,19,62,1531
56,Garfield Ridge,3,20,45,1542
56,Garfield Ridge,3,21,48,1553
56,Garfield Ridge,3,22,44,1814
56,Garfield Ridge,3,23,24,1825
56,Garfield Ridge,4,0,26,1752
56,Garfield Ridge,4,1,23,1763
56,Garfield Ridge,4,2,13,1774
56,Garfield Ridge,4,3,11,1785
56,Garfield Ridge,4,4,12,1796
56,Garfield Ridge,4,5,11,1807
56,Garfield Ridge,4,6,36,1568
56,Garfield Ridge,4,7,57,1579
56,Garfield Ridge,4,8,52,1590
56,Garfield Ridge,4,9,56,1601
56,Garfield Ridge,4,10,34,1612
56,Garfield Ridge,4,11,45,1623
56,Garfield Ridge,4,12,49,1454
56,Garfield Ridge,4,13,44,1465
56,Garfield Ridge,4,14,38,1476
56,Garfield Ridge,4,15,35,1487
56,Garfield Ridge,4,16,68,1498
56,Garfield Ridge,4,17,72,1509
56,Garfield Ridge,4,18,66,1520
56,Garfield Ridge,4,19,70,1531
56,Garfield Ridge,4,20,43,1542
56,Garfield Ridge,4,21,46,1553
56,Garfield Ridge,4,22,42,1814
56,Garfield Ridge,4,23,24,1825
56,Garfield Ridge,5,0,25,1852
56,Garfield Ridge,5,1,22,1863
56,Garfield Ridge,5,2,12,1874
56,Garfield Ridge,5,3,13,1885
56,Garfield Ridge,5,4,12,1896
56,Garfield Ridge,5,5,13,1907
56,Garfield Ridge,5,6,35,1668
56,Garfield Ridge,5,7,55,1679
56,Garfield Ridge,5,8,50,1690
56,Garfield Ridge,5,9,53,1701
56,Garfield Ridge,5,10,39,1712
56,Garfield Ridge,5,11,44,1723
56,Garfield Ridge,5,12,47,1554
56,Garfield Ridge,5,13,42,1565
56,Garfield Ridge,5,14,37,1576
56,Garfield Ridge,5,15,39,1587
56,Garfield Ridge,5,16,65,1598
56,Garfield Ridge,5,17,70,1609
56,Garfield Ridge,5,18,63,1620
56,Garfield Ridge,5,19,68,1631
56,Garfield Ridge,5,20,49,1642
56,Garfield Ridge,5,21,44,1653
56,Garfield Ridge,5,22,48,1914
56,Garfield Ridge,5,23,23,1925
56,Garfield Ridge,6,0,23,1852
56,Garfield Ridge,6,1,24,1863
56,Garfield Ridge,6,2,11,1874
56,Garfield Ridge,6,3,12,1885
56,Garfield Ridge,6,4,11,1896
56,Garfield Ridge,6,5,12,1907
56,Garfield Ridge,6,6,38,1668
56,Garfield Ridge,6,7,50,1679
56,Garfield Ridge,6,8,54,1690
56,Garfield Ridge,6,9,49,1701
56,Garfield Ridge,6,10,36,1712
56,Garfield Ridge,6,11,40,1723
56,Garfield Ridge,6,12,43,1554
56,Garfield Ridge,6,13,46,1565
56,Garfield Ridge,6,14,33,1576
56,Garfield Ridge,6,15,36,1587
56,Garfield Ridge,6,16,59,1598
56,Garfield Ridge,6,17,64,1609
56,Garfield Ridge,6,18,68,1620
56,Garfield Ridge,6,19,62,1631
56,Garfield Ridge,6,20,45,1642
56,Garfield Ridge,6,21,41,1653
56,Garfield Ridge,6,22,44,1914
56,Garfield Ridge,6,23,24,1925
57,Archer Heights,0,0,16,1769
57,Archer Heights,0,1,18,1780
57,Archer Heights,0,2,10,1791
57,Archer Heights,0,3,9,1802
57,Archer Heights,0,4,9,1813
57,Archer Heights,0,5,8,1824
57,Archer Heights,0,6,27,1585
57,Archer Heights,0,7,43,1596
57,Archer Heights,0,8,39,1607
57,Archer Heights,0,9,42,1618
57,Archer Heights,0,10,26,1629
57,Archer Heights,0,11,34,1460
57,Archer Heights,0,12,31,1471
57,Archer Heights,0,13,33,1482
57,Archer Heights,0,14,29,1493
57,Archer Heights,0,15,26,1504
57,Archer Heights,0,16,51,1515
57,Archer Heights,0,17,46,1526
57,Archer Heights,0,18,49,1537
57,Archer Heights,0,19,53,1548
57,Archer Heights,0,20,33,1559
57,Archer Heights,0,21,35,1570
57,Archer Heights,0,22,32,1831
57,Archer Heights,0,23,18,1842
57,Archer Heights,1,0,20,1769
57,Archer Heights,1,1,18,1780
57,Archer Heights,1,2,10,1791
57,Archer Heights,1,3,9,1802
57,Archer Heights,1,4,9,1813
57,Archer Heights,1,5,10,1824
57,Archer Heights,1,6,28,1585
57,Archer Heights,1,7,44,1596
57,Archer Heights,1,8,39,1607
57,Archer Heights,1,9,42,1618
57,Archer Heights,1,10,31,1629
57,Archer Heights,1,11,35,1460
57,Archer Heights,1,12,37,1471
57,Archer Heights,1,13,34,1482
57,Archer Heights,1,14,29,1493
57,Archer Heights,1,15,26,1504
57,Archer Heights,1,16,52,1515
57,Archer Heights,1,17,55,1526
57,Archer Heights,1,18,50,1537
57,Archer Heights,1,19,54,1548
57,Archer Heights,1,20,33,1559
57,Archer Heights,1,21,35,1570
57,Archer Heights,1,22,38,1831
57,Archer Heights,1,23,18,1842
57,Archer Heights,2,0,19,1769
57,Archer Heights,2,1,17,1780
57,Archer Heights,2,2,9,1791
57,Archer Heights,2,3,10,1802
57,Archer Heights,2,4,9,1813
57,Archer Heights,2,5,10,1824
57,Archer Heights,2,6,27,1585
57,Archer Heights,2,7,42,1596
57,Archer Heights,2,8,45,1607
57,Archer Heights,2,9,41,1618
57,Archer Heights,2,10,30,1629
57,Archer Heights,2,11,33,1460
57,Archer Heights,2,12,36,1471
57,Archer Heights,2,13,38,1482
57,Archer Heights,2,14,28,1493
57,Archer Heights,2,15,30,1504
57,Archer Heights,2,16,49,1515
57,Archer Heights,2,17,53,1526
57,Archer Heights,2,18,48,1537
57,Archer Heights,2,19,52,1548
57,Archer Heights,2,20,37,1559
57,Archer Heights,2,21,34,1570
57,Archer Heights,2,22,36,1831
57,Archer Heights,2,23,17,1842
57,Archer Heights,3,0,18,1769
57,Archer Heights,3,1,19,1780
57,Archer Heights,3,2,9,1791
57,Archer Heights,3,3,10,1802
57,Archer Heights,3,4,9,1813
57,Archer Heights,3,5,9,1824
57,Archer Heights,3,6,30,1585
57,Archer Heights,3,7,40,1596
57,Archer Heights,3,8,43,1607
57,Archer Heights,3,9,39,1618
57,Archer Heights,3,10,29,1629
57,Archer Heights,3,11,38,1460
57,Archer Heights,3,12,34,1471
57,Archer Heights,3,13,37,1482
57,Archer Heights,3,14,27,1493
57,Archer Heights,3,15,29,1504
57,Archer Heights,3,16,56,1515
57,Archer Heights,3,17,51,1526
57,Archer Heights,3,18,55,1537
57,Archer Heights,3,19,49,1548
57,Archer Heights,3,20,36,1559
57,Archer Heights,3,21,32,1570
57,Archer Heights,3,22,35,1831
57,Archer Heights,3,23,20,1842
57,Archer Heights,4,0,17,1769
57,Archer Heights,4,1,19,1780
57,Archer Heights,4,2,10,1791
57,Archer Heights,4,3,9,1802
57,Archer Heights,4,4,10,1813
57,Archer Heights,4,5,9,1824
57,Archer Heights,4,6,29,1585
57,Archer Heights,4,7,39,1596
57,Archer Heights,4,8,42,1607
57,Archer Heights,4,9,45,1618
57,Archer Heights,4,10,27,1629
57,Archer Heights,4,11,36,1460
57,Archer Heights,4,12,33,1471
57,Archer Heights,4,13,35,1482
57,Archer Heights,4,14,31,1493
57,Archer Heights,4,15,28,1504
57,Archer Heights,4,16,54,1515
57,Archer Heights,4,17,49,1526
57,Archer Heights,4,18,53,1537
57,Archer Heights,4,19,56,1548
57,Archer Heights,4,20,35,1559
57,Archer Heights,4,21,37,1570
57,Archer Heights,4,22,34,1831
57,Archer Heights,4,23,19,1842
57,Archer Heights,5,0,20,1869
57,Archer Heights,5,1,18,1880
57,Archer Heights,5,2,10,1891
57,Archer Heights,5,3,9,1902
57,Archer Heights,5,4,10,1913
57,Archer Heights,5,5,10,1924
57,Archer Heights,5,6,28,1685
57,Archer Heights,5,7,44,1696
57,Archer Heights,5,8,40,1707
57,Archer Heights,5,9,43,1718
57,Archer Heights,5,10,26,1729
57,Archer Heights,5,11,35,1560
57,Archer Heights,5,12,37,1571
57,Archer Heights,5,13,34,1582
57,Archer Heights,5,14,29,1593
57,Archer Heights,5,15,27,1604
57,Archer Heights,5,16,52,1615
57,Archer Heights,5,17,56,1626
57,Archer Heights,5,18,51,1637
57,Archer Heights,5,19,54,1648
57,Archer Heights,5,20,33,1659
57,Archer Heights,5,21,36,1670
57,Archer Heights,5,22,38,1931
57,Archer Heights,5,23,18,1942
57,Archer Heights,6,0,18,1869
57,Archer Heights,6,1,16,1880
57,Archer Heights,6,2,9,1891
57,Archer Heights,6,3,10,1902
57,Archer Heights,6,4,9,1913
57,Archer Heights,6,5,9,1924
57,Archer Heights,6,6,26,1685
57,Archer Heights,6,7,40,1696
57,Archer Heights,6,8,43,1707
57,Archer Heights,6,9,39,1718
57,Archer Heights,6,10,28,1729
57,Archer Heights,6,11,32,1560
57,Archer Heights,6,12,34,1571
57,Archer Heights,6,13,31,1582
57,Archer Heights,6,14,27,1593
57,Archer Heights,6,15,29,1604
57,Archer Heights,6,16,47,1615
57,Archer Heights,6,17,51,1626
57,Archer Heights,6,18,46,1637
57,Archer Heights,6,19,49,1648
57,Archer Heights,6,20,36,1659
57,Archer Heights,6,21,33,1670
57,Archer Heights,6,22,35,1931
57,Archer Heights,6,23,17,1942
58,Brighton Park,0,0,19,1786
58,Brighton Park,0,1,21,1797
58,Brighton Park,0,2,9,1808
58,Brighton Park,0,3,10,1819
58,Brighton Park,0,4,11,1830
58,Brighton Park,0,5,10,1841
58,Brighton Park,0,6,32,1602
58,Brighton Park,0,7,43,1613
58,Brighton Park,0,8,46,1624
58,Brighton Park,0,9,49,1455
58,Brighton Park,0,10,30,1466
58,Brighton Park,0,11,40,1477
58,Brighton Park,0,12,36,1488
58,Brighton Park,0,13,39,1499
58,Brighton Park,0,14,29,1510
58,Brighton Park,0,15,31,1521
58,Brighton Park,0,16,60,1532
58,Brighton Park,0,17,54,1543
58,Brighton Park,0,18,58,1554
58,Brighton Park,0,19,53,1565
58,Brighton Park,0,20,38,1576
58,Brighton Park,0,21,41,1587
58,Brighton Park,0,22,37,1848
58,Brighton Park,0,23,21,1859
58,Brighton Park,1,0,19,1786
58,Brighton Park,1,1,21,1797
58,Brighton Park,1,2,11,1808
58,Brighton Park,1,3,10,1819
58,Brighton Park,1,4,11,1830
58,Brighton Park,1,5,10,1841
58,Brighton Park,1,6,33,1602
58,Brighton Park,1,7,51,1613
58,Brighton Park,1,8,47,1624
58,Brighton Park,1,9,50,1455
58,Brighton Park,1,10,31,1466
58,Brighton Park,1,11,41,1477
58,Brighton Park,1,12,44,1488
58,Brighton Park,1,13,40,1499
58,Brighton Park,1,14,34,1510
58,Brighton Park,1,15,31,1521
58,Brighton Park,1,16,61,1532
58,Brighton Park,1,17,55,1543
58,Brighton Park,1,18,59,1554
58,Brighton Park,1,19,63,1565
58,Brighton Park,1,20,39,1576
58,Brighton Park,1,21,42,1587
58,Brighton Park,1,22,37,1848
58,Brighton Park,1,23,21,1859
58,Brighton Park,2,0,22,1786
58,Brighton Park,2,1,20,1797
58,Brighton Park,2,2,11,1808
58,Brighton Park,2,3,10,1819
58,Brighton Park,2,4,11,1830
58,Brighton Park,2,5,11,1841
58,Brighton Park,2,6,31,1602
58,Brighton Park,2,7,49,1613
58,Brighton Park,2,8,45,1624
58,Brighton Park,2,9,48,1455
58,Brighton Park,2,10,35,1466
58,Brighton Park,2,11,39,1477
58,Brighton Park,2,12,42,1488
58,Brighton Park,2,13,38,1499
58,Brighton Park,2,14,33,1510
58,Brighton Park,2,15,35,1521
58,Brighton Park,2,16,58,1532
58,Brighton Park,2,17,62,1543
58,Brighton Park,2,18,57,1554
58,Brighton Park,2,19,61,1565
58,Brighton Park,2,20,37,1576
58,Brighton Park,2,21,40,1587
58,Brighton Park,2,22,43,1848
58,Brighton Park,2,23,20,1859
58,Brighton Park,3,0,21,1786
58,Brighton Park,3,1,23,1797
58,Brighton Park,3,2,11,1808
58,Brighton Park,3,3,11,1819
58,Brighton Park,3,4,10,1830
58,Brighton Park,3,5,11,1841
58,Brighton Park,3,6,30,1602
58,Brighton Park,3,7,48,1613
58,Brighton Park,3,8,51,1624
58,Brighton Park,3,9,46,1455
58,Brighton Park,3,10,34,1466
58,Brighton Park,3,11,37,1477
58,Brighton Park,3,12,40,1488
58,Brighton Park,3,13,43,1499
58,Brighton Park,3,14,32,1510
58,Brighton Park,3,15,34,1521
58,Brighton Park,3,16,56,1532
58,Brighton Park,3,17,60,1543
58,Brighton Park,3,18,64,1554
58,Brighton Park,3,19,58,1565
58,Brighton Park,3,20,42,1576
58,Brighton Park,3,21,38,1587
58,Brighton Park,3,22,41,1848
58,Brighton Park,3,23,19,1859
58,Brighton Park,4,0,20,1786
58,Brighton Park,4,1,22,1797
58,Brighton Park,4,2,10,1808
58,Brighton Park,4,3,11,1819
58,Brighton Park,4,4,12,1830
58,Brighton Park,4,5,11,1841
58,Brighton Park,4,6,34,1602
58,Brighton Park,4,7,46,1613
58,Brighton Park,4,8,49,1624
58,Brighton Park,4,9,44,1455
58,Brighton Park,4,10,32,1466
58,Brighton Park,4,11,43,1477
58,Brighton Park,4,12,39,1488
58,Brighton Park,4,13,42,1499
58,Brighton Park,4,14,30,1510
58,Brighton Park,4,15,33,1521
58,Brighton Park,4,16,64,1532
58,Brighton Park,4,17,58,1543
58,Brighton Park,4,18,62,1554
58,Brighton Park,4,19,56,1565
58,Brighton Park,4,20,41,1576
58,Brighton Park,4,21,44,1587
58,Brighton Park,4,22,40,1848
58,Brighton Park,4,23,22,1859
58,Brighton Park,5,0,20,1886
58,Brighton Park,5,1,21,1897
58,Brighton Park,5,2,12,1908
58,Brighton Park,5,3,10,1919
58,Brighton Park,5,4,11,1930
58,Brighton Park,5,5,10,1941
58,Brighton Park,5,6,33,1702
58,Brighton Park,5,7,52,1713
58,Brighton Park,5,8,47,1724
58,Brighton Park,5,9,50,1555
58,Brighton Park,5,10,31,1566
58,Brighton Park,5,11,41,1577
58,Brighton Park,5,12,37,1588
58,Brighton Park,5,13,40,1599
58,Brighton Park,5,14,35,1610
58,Brighton Park,5,15,31,1621
58,Brighton Park,5,16,61,1632
58,Brighton Park,5,17,55,1643
58,Brighton Park,5,18,60,1654
58,Brighton Park,5,19,64,1665
58,Brighton Park,5,20,39,1676
58,Brighton Park,5,21,42,1687
58,Brighton Park,5,22,38,1948
58,Brighton Park,5,23,21,1959
58,Brighton Park,6,0,21,1886
58,Brighton Park,6,1,19,1897
58,Brighton Park,6,2,11,1908
58,Brighton Park,6,3,9,1919
58,Brighton Park,6,4,10,1930
58,Brighton Park,6,5,11,1941
58,Brighton Park,6,6,30,1702
58,Brighton Park,6,7,47,1713
58,Brighton Park,6,8,43,1724
58,Brighton Park,6,9,46,1555
58,Brighton Park,6,10,33,1566
58,Brighton Park,6,11,38,1577
58,Brighton Park,6,12,40,1588
58,Brighton Park,6,13,36,1599
58,Brighton Park,6,14,32,1610
58,Brighton Park,6,15,29,1621
58,Brighton Park,6,16,56,1632
58,Brighton Park,6,17,60,1643
58,Brighton Park,6,18,54,1654
58,Brighton Park,6,19,58,1665
58,Brighton Park,6,20,36,1676
58,Brighton Park,6,21,38,1687
58,Brighton Park,6,22,41,1948
58,Brighton Park,6,23,19,1959
59,McKinley Park,0,0,21,1803
59,McKinley Park,0,1,23,1814
59,McKinley Park,0,2,10,1825
59,McKinley Park,0,3,11,1836
59,McKinley Park,0,4,10,1847
59,McKinley Park,0,5,11,1858
59,McKinley Park,0,6,35,1619
59,McKinley Park,0,7,47,1450
59,McKinley Park,0,8,50,1461
59,McKinley Park,0,9,46,1472
59,McKinley Park,0,10,33,1483
59,McKinley Park,0,11,44,1494
59,McKinley Park,0,12,40,1505
59,McKinley Park,0,13,43,1516
59,McKinley Park,0,14,31,1527
59,McKinley Park,0,15,34,1538
59,McKinley Park,0,16,55,1549
59,McKinley Park,0,17,59,1560
59,McKinley Park,0,18,64,1571
59,McKinley Park,0,19,58,1582
59,McKinley Park,0,20,42,1593
59,McKinley Park,0,21,38,1604
59,McKinley Park,0,22,41,1865
59,McKinley Park,0,23,23,1876
59,McKinley Park,1,0,21,1803
59,McKinley Park,1,1,23,1814
59,McKinley Park,1,2,11,1825
59,McKinley Park,1,3,11,1836
59,McKinley Park,1,4,12,1847
59,McKinley Park,1,5,11,1858
59,McKinley Park,1,6,36,1619
59,McKinley Park,1,7,47,1450
59,McKinley Park,1,8,51,1461
59,McKinley Park,1,9,55,1472
59,McKinley Park,1,10,34,1483
59,McKinley Park,1,11,45,1494
59,McKinley Park,1,12,40,1505
59,McKinley Park,1,13,43,1516
59,McKinley Park,1,14,37,1527
59,McKinley Park,1,15,34,1538
59,McKinley Park,1,16,66,1549
59,McKinley Park,1,17,60,1560
59,McKinley Park,1,18,65,1571
59,McKinley Park,1,19,58,1582
59,McKinley Park,1,20,42,1593
59,McKinley Park,1,21,45,1604
59,McKinley Park,1,22,41,1865
59,McKinley Park,1,23,23,1876
59,McKinley Park,2,0,24,1803
59,McKinley Park,2,1,22,1814
59,McKinley Park,2,2,12,1825
59,McKinley Park,2,3,11,1836
59,McKinley Park,2,4,12,1847
59,McKinley Park,2,5,11,1858
59,McKinley Park,2,6,34,1619
59,McKinley Park,2,7,54,1450
59,McKinley Park,2,8,49,1461
59,McKinley Park,2,9,53,1472
59,McKinley Park,2,10,32,1483
59,McKinley Park,2,11,43,1494
59,McKinley Park,2,12,46,1505
59,McKinley Park,2,13,42,1516
59,McKinley Park,2,14,36,1527
59,McKinley Park,2,15,33,1538
59,McKinley Park,2,16,64,1549
59,McKinley Park,2,17,68,1560
59,McKinley Park,2,18,62,1571
59,McKinley Park,2,19,66,1582
59,McKinley Park,2,20,41,1593
59,McKinley Park,2,21,44,1604
59,McKinley Park,2,22,39,1865
59,McKinley Park,2,23,22,1876
59,McKinley Park,3,0,23,1803
59,McKinley Park,3,1,21,1814
59,McKinley Park,3,2,12,1825
59,McKinley Park,3,3,12,1836
59,McKinley Park,3,4,11,1847
59,McKinley Park,3,5,12,1858
59,McKinley Park,3,6,33,1619
59,McKinley Park,3,7,52,1450
59,McKinley Park,3,8,47,1461
59,McKinley Park,3,9,50,1472
59,McKinley Park,3,10,37,1483
59,McKinley Park,3,11,41,1494
59,McKinley Park,3,12,44,1505
59,McKinley Park,3,13,40,1516
59,McKinley Park,3,14,35,1527
59,McKinley Park,3,15,37,1538
59,McKinley Park,3,16,61,1549
59,McKinley Park,3,17,66,1560
59,McKinley Park,3,18,59,1571
59,McKinley Park,3,19,64,1582
59,McKinley Park,3,20,46,1593
59,McKinley Park,3,21,42,1604
59,McKinley Park,3,22,45,1865
59,McKinley Park,3,23,21,1876
59,McKinley Park,4,0,22,1803
59,McKinley Park,4,1,24,1814
59,McKinley Park,4,2,11,1825
59,McKinley Park,4,3,12,1836
59,McKinley Park,4,4,11,1847
59,McKinley Park,4,5,12,1858
59,McKinley Park,4,6,37,1619
59,McKinley Park,4,7,50,1450
59,McKinley Park,4,8,54,1461
59,McKinley Park,4,9,48,1472
59,McKinley Park,4,10,35,1483
59,McKinley Park,4,11,39,1494
59,McKinley Park,4,12,42,1505
59,McKinley Park,4,13,45,1516
59,McKinley Park,4,14,33,1527
59,McKinley Park,4,15,36,1538
59,McKinley Park,4,16,59,1549
59,McKinley Park,4,17,63,1560
59,McKinley Park,4,18,68,1571
59,McKinley Park,4,19,61,1582
59,McKinley Park,4,20,45,1593
59,McKinley Park,4,21,40,1604
59,McKinley Park,4,22,43,1865
59,McKinley Park,4,23,24,1876
59,McKinley Park,5,0,22,1903
59,McKinley Park,5,1,23,1914
59,McKinley Park,5,2,11,1925
59,McKinley Park,5,3,11,1936
59,McKinley Park,5,4,12,1947
59,McKinley Park,5,5,11,1958
59,McKinley Park,5,6,36,1719
59,McKinley Park,5,7,48,1550
59,McKinley Park,5,8,52,1561
59,McKinley Park,5,9,55,1572
59,McKinley Park,5,10,34,1583
59,McKinley Park,5,11,45,1594
59,McKinley Park,5,12,41,1605
59,McKinley Park,5,13,44,1616
59,McKinley Park,5,14,32,1627
59,McKinley Park,5,15,34,1638
59,McKinley Park,5,16,67,1649
59,McKinley Park,5,17,61,1660
59,McKinley Park,5,18,65,1671
59,McKinley Park,5,19,59,1682
59,McKinley Park,5,20,43,1693
59,McKinley Park,5,21,46,1704
59,McKinley Park,5,22,42,1965
59,McKinley Park,5,23,23,1976
59,McKinley Park,6,0,20,1903
59,McKinley Park,6,1,21,1914
59,McKinley Park,6,2,12,1925
59,McKinley Park,6,3,10,1936
59,McKinley Park,6,4,11,1947
59,McKinley Park,6,5,10,1958
59,McKinley Park,6,6,33,1719
59,McKinley Park,6,7,52,1550
59,McKinley Park,6,8,47,1561
59,McKinley Park,6,9,50,1572
59,McKinley Park,6,10,31,1583
59,McKinley Park,6,11,41,1594
59,McKinley Park,6,12,44,1605
59,McKinley Park,6,13,40,1616
59,McKinley Park,6,14,35,1627
59,McKinley Park,6,15,31,1638
59,McKinley Park,6,16,61,1649
59,McKinley Park,6,17,55,1660
59,McKinley Park,6,18,59,1671
59,McKinley Park,6,19,64,1682
59,McKinley Park,6,20,39,1693
59,McKinley Park,6,21,42,1704
59,McKinley Park,6,22,38,1965
59,McKinley Park,6,23,21,1976
60,Bridgeport,0,0,29,1820
60,Bridgeport,0,1,27,1831
60,Bridgeport,0,2,15,1842
60,Bridgeport,0,3,16,1853
60,Bridgeport,0,4,14,1864
60,Bridgeport,0,5,15,1875
60,Bridgeport,0,6,41,1456
60,Bridgeport,0,7,66,1467
60,Bridgeport,0,8,70,1478
60,Bridgeport,0,9,64,1489
60,Bridgeport,0,10,46,1500
60,Bridgeport,0,11,52,1511
60,Bridgeport,0,12,56,1522
60,Bridgeport,0,13,59,1533
60,Bridgeport,0,14,44,1544
60,Bridgeport,0,15,47,1555
60,Bridgeport,0,16,77,1566
60,Bridgeport,0,17,83,1577
60,Bridgeport,0,18,75,1588
60,Bridgeport,0,19,80,1599
60,Bridgeport,0,20,58,1610
60,Bridgeport,0,21,53,1621
60,Bridgeport,0,22,57,1702
60,Bridgeport,0,23,27,1713
60,Bridgeport,1,0,30,1820
60,Bridgeport,1,1,32,1831
60,Bridgeport,1,2,15,1842
60,Bridgeport,1,3,16,1853
60,Bridgeport,1,4,14,1864
60,Bridgeport,1,5,15,1875
60,Bridgeport,1,6,50,1456
60,Bridgeport,1,7,66,1467
60,Bridgeport,1,8,71,1478
60,Bridgeport,1,9,64,1489
60,Bridgeport,1,10,47,1500
60,Bridgeport,1,11,62,1511
60,Bridgeport,1,12,56,1522
60,Bridgeport,1,13,60,1533
60,Bridgeport,1,14,44,1544
60,Bridgeport,1,15,47,1555
60,Bridgeport,1,16,92,1566
60,Bridgeport,1,17,84,1577
60,Bridgeport,1,18,90,1588
60,Bridgeport,1,19,81,1599
60,Bridgeport,1,20,59,1610
60,Bridgeport,1,21,53,1621
60,Bridgeport,1,22,57,1702
60,Bridgeport,1,23,32,1713
60,Bridgeport,2,0,29,1820
60,Bridgeport,2,1,31,1831
60,Bridgeport,2,2,17,1842
60,Bridgeport,2,3,15,1853
60,Bridgeport,2,4,16,1864
60,Bridgeport,2,5,15,1875
60,Bridgeport,2,6,48,1456
60,Bridgeport,2,7,63,1467
60,Bridgeport,2,8,68,1478
60,Bridgeport,2,9,73,1489
60,Bridgeport,2,10,45,1500
60,Bridgeport,2,11,60,1511
60,Bridgeport,2,12,54,1522
60,Bridgeport,2,13,58,1533
60,Bridgeport,2,14,50,1544
60,Bridgeport,2,15,46,1555
60,Bridgeport,2,16,89,1566
60,Bridgeport,2,17,80,1577
60,Bridgeport,2,18,86,1588
60,Bridgeport,2,19,92,1599
60,Bridgeport,2,20,57,1610
60,Bridgeport,2,21,61,1621
60,Bridgeport,2,22,55,1702
60,Bridgeport,2,23,31,1713
60,Bridgeport,3,0,32,1820
60,Bridgeport,3,1,29,1831
60,Bridgeport,3,2,16,1842
60,Bridgeport,3,3,15,1853
60,Bridgeport,3,4,16,1864
60,Bridgeport,3,5,17,1875
60,Bridgeport,3,6,46,1456
60,Bridgeport,3,7,72,1467
60,Bridgeport,3,8,66,1478
60,Bridgeport,3,9,70,1489
60,Bridgeport,3,10,43,1500
60,Bridgeport,3,11,57,1511
60,Bridgeport,3,12,61,1522
60,Bridgeport,3,13,56,1533
60,Bridgeport,3,14,48,1544
60,Bridgeport,3,15,44,1555
60,Bridgeport,3,16,86,1566
60,Bridgeport,3,17,92,1577
60,Bridgeport,3,18,83,1588
60,Bridgeport,3,19,89,1599
60,Bridgeport,3,20,54,1610
60,Bridgeport,3,21,59,1621
60,Bridgeport,3,22,63,1702
60,Bridgeport,3,23,30,1713
60,Bridgeport,4,0,31,1820
60,Bridgeport,4,1,28,1831
60,Bridgeport,4,2,15,1842
60,Bridgeport,4,3,17,1853
60,Bridgeport,4,4,15,1864
60,Bridgeport,4,5,16,1875
60,Bridgeport,4,6,44,1456
60,Bridgeport,4,7,70,1467
60,Bridgeport,4,8,75,1478
60,Bridgeport,4,9,68,1489
60,Bridgeport,4,10,49,1500
60,Bridgeport,4,11,55,1511
60,Bridgeport,4,12,59,1522
60,Bridgeport,4,13,53,1533
60,Bridgeport,4,14,46,1544
60,Bridgeport,4,15,50,1555
60,Bridgeport,4,16,82,1566
60,Bridgeport,4,17,88,1577
60,Bridgeport,4,18,80,1588
60,Bridgeport,4,19,86,1599
60,Bridgeport,4,20,62,1610
60,Bridgeport,4,21,56,1621
60,Bridgeport,4,22,60,1702
60,Bridgeport,4,23,29,1713
60,Bridgeport,5,0,30,1920
60,Bridgeport,5,1,32,1931
60,Bridgeport,5,2,15,1942
60,Bridgeport,5,3,16,1953
60,Bridgeport,5,4,14,1964
60,Bridgeport,5,5,15,1975
60,Bridgeport,5,6,50,1556
60,Bridgeport,5,7,67,1567
60,Bridgeport,5,8,72,1578
60,Bridgeport,5,9,65,1589
60,Bridgeport,5,10,47,1600
60,Bridgeport,5,11,63,1611
60,Bridgeport,5,12,57,1622
60,Bridgeport,5,13,61,1633
60,Bridgeport,5,14,45,1644
60,Bridgeport,5,15,48,1655
60,Bridgeport,5,16,79,1666
60,Bridgeport,5,17,85,1677
60,Bridgeport,5,18,91,1688
60,Bridgeport,5,19,82,1699
60,Bridgeport,5,20,60,1710
60,Bridgeport,5,21,54,1721
60,Bridgeport,5,22,58,1802
60,Bridgeport,5,23,32,1813
60,Bridgeport,6,0,27,1920
60,Bridgeport,6,1,29,1931
60,Bridgeport,6,2,14,1942
60,Bridgeport,6,3,15,1953
60,Bridgeport,6,4,16,1964
60,Bridgeport,6,5,14,1975
60,Bridgeport,6,6,46,1556
60,Bridgeport,6,7,61,1567
60,Bridgeport,6,8,66,1578
60,Bridgeport,6,9,70,1589
60,Bridgeport,6,10,43,1600
60,Bridgeport,6,11,57,1611
60,Bridgeport,6,12,52,1622
60,Bridgeport,6,13,56,1633
60,Bridgeport,6,14,48,1644
60,Bridgeport,6,15,44,1655
60,Bridgeport,6,16,85,1666
60,Bridgeport,6,17,77,1677
60,Bridgeport,6,18,83,1688
60,Bridgeport,6,19,75,1699
60,Bridgeport,6,20,55,1710
60,Bridgeport,6,21,58,1721
60,Bridgeport,6,22,53,1802
60,Bridgeport,6,23,30,1813
61,New City,0,0,20,1837
61,New City,0,1,18,1848
61,New City,0,2,10,1859
61,New City,0,3,9,1870
61,New City,0,4,9,1701
61,New City,0,5,10,1712
61,New City,0,6,28,1473
61,New City,0,7,44,1484
61,New City,0,8,40,1495
61,New City,0,9,43,1506
61,New City,0,10,31,1517
61,New City,0,11,35,1528
61,New City,0,12,37,1539
61,New City,0,13,34,1550
61,New City,0,14,29,1561
61,New City,0,15,31,1572
61,New City,0,16,52,1583
61,New City,0,17,56,1594
61,New City,0,18,50,1605
61,New City,0,19,54,1616
61,New City,0,20,33,1627
61,New City,0,21,36,1458
61,New City,0,22,38,1719
61,New City,0,23,18,1730
61,New City,1,0,20,1837
61,New City,1,1,21,1848
61,New City,1,2,10,1859
61,New City,1,3,11,1870
61,New City,1,4,10,1701
61,New City,1,5,10,1712
61,New City,1,6,28,1473
61,New City,1,7,45,1484
61,New City,1,8,48,1495
61,New City,1,9,43,1506
61,New City,1,10,32,1517
61,New City,1,11,35,1528
61,New City,1,12,38,1539
61,New City,1,13,40,1550
61,New City,1,14,30,1561
61,New City,1,15,32,1572
61,New City,1,16,52,1583
61,New City,1,17,56,1594
61,New City,1,18,60,1605
61,New City,1,19,55,1616
61,New City,1,20,40,1627
61,New City,1,21,36,1458
61,New City,1,22,39,1719
61,New City,1,23,18,1730
61,New City,2,0,19,1837
61,New City,2,1,21,1848
61,New City,2,2,9,1859
61,New City,2,3,10,1870
61,New City,2,4,11,1701
61,New City,2,5,10,1712
61,New City,2,6,32,1473
61,New City,2,7,43,1484
61,New City,2,8,46,1495
61,New City,2,9,41,1506
61,New City,2,10,30,1517
61,New City,2,11,40,1528
61,New City,2,12,36,1539
61,New City,2,13,39,1550
61,New City,2,14,28,1561
61,New City,2,15,31,1572
61,New City,2,16,60,1583
61,New City,2,17,54,1594
61,New City,2,18,58,1605
61,New City,2,19,52,1616
61,New City,2,20,38,1627
61,New City,2,21,41,1458
61,New City,2,22,37,1719
61,New City,2,23,21,1730
61,New City,3,0,18,1837
61,New City,3,1,20,1848
61,New City,3,2,11,1859
61,New City,3,3,10,1870
61,New City,3,4,10,1701
61,New City,3,5,9,1712
61,New City,3,6,31,1473
61,New City,3,7,49,1484
61,New City,3,8,44,1495
61,New City,3,9,47,1506
61,New City,3,10,29,1517
61,New City,3,11,39,1528
61,New City,3,12,35,1539
61,New City,3,13,37,1550
61,New City,3,14,32,1561
61,New City,3,15,29,1572
61,New City,3,16,57,1583
61,New City,3,17,52,1594
61,New City,3,18,56,1605
61,New City,3,19,60,1616
61,New City,3,20,37,1627
61,New City,3,21,39,1458
61,New City,3,22,36,1719
61,New City,3,23,20,1730
61,New City,4,0,21,1837
61,New City,4,1,19,1848
61,New City,4,2,10,1859
61,New City,4,3,9,1870
61,New City,4,4,10,1701
61,New City,4,5,11,1712
61,New City,4,6,30,1473
61,New City,4,7,47,1484
61,New City,4,8,42,1495
61,New City,4,9,45,1506
61,New City,4,10,33,1517
61,New City,4,11,37,1528
61,New City,4,12,40,1539
61,New City,4,13,36,1550
61,New City,4,14,31,1561
61,New City,4,15,28,1572
61,New City,4,16,55,1583
61,New City,4,17,59,1594
61,New City,4,18,54,1605
61,New City,4,19,57,1616
61,New City,4,20,35,1627
61,New City,4,21,38,1458
61,New City,4,22,40,1719
61,New City,4,23,19,1730
61,New City,5,0,20,1937
61,New City,5,1,18,1948
61,New City,5,2,10,1959
61,New City,5,3,11,1970
61,New City,5,4,10,1801
61,New City,5,5,10,1812
61,New City,5,6,28,1573
61,New City,5,7,45,1584
61,New City,5,8,48,1595
61,New City,5,9,44,1606
61,New City,5,10,32,1617
61,New City,5,11,36,1628
61,New City,5,12,38,1639
61,New City,5,13,41,1650
61,New City,5,14,30,1661
61,New City,5,15,32,1672
61,New City,5,16,53,1683
61,New City,5,17,57,1694
61,New City,5,18,51,1705
61,New City,5,19,55,1716
61,New City,5,20,40,1727
61,New City,5,21,36,1558
61,New City,5,22,39,1819
61,New City,5,23,18,1830
61,New City,6,0,18,1937
61,New City,6,1,20,1948
61,New City,6,2,9,1959
61,New City,6,3,10,1970
61,New City,6,4,9,1801
61,New City,6,5,9,1812
61,New City,6,6,31,1573
61,New City,6,7,41,1584
61,New City,6,8,44,1595
61,New City,6,9,40,1606
61,New City,6,10,29,1617
61,New City,6,11,38,1628
61,New City,6,12,35,1639
61,New City,6,13,37,1650
61,New City,6,14,27,1661
61,New City,6,15,29,1672
61,New City,6,16,57,1683
61,New City,6,17,52,1694
61,New City,6,18,56,1705
61,New City,6,19,50,1716
61,New City,6,20,37,1727
61,New City,6,21,33,1558
61,New City,6,22,36,1819
61,New City,6,23,20,1830
62,West Elsdon,0,0,15,1854
62,West Elsdon,0,1,14,1865
62,West Elsdon,0,2,7,1876
62,West Elsdon,0,3,7,1707
62,West Elsdon,0,4,7,1718
62,West Elsdon,0,5,6,1729
62,West Elsdon,0,6,21,1490
62,West Elsdon,0,7,33,1501
62,West Elsdon,0,8,30,1512
62,West Elsdon,0,9,32,1523
62,West Elsdon,0,10,20,1534
62,West Elsdon,0,11,26,1545
62,West Elsdon,0,12,28,1556
62,West Elsdon,0,13,26,1567
62,West Elsdon,0,14,22,1578
62,West Elsdon,0,15,20,1589
62,West Elsdon,0,16,39,1600
62,West Elsdon,0,17,42,1611
62,West Elsdon,0,18,38,1622
62,West Elsdon,0,19,41,1453
62,West Elsdon,0,20,25,1464
62,West Elsdon,0,21,27,1475
62,West Elsdon,0,22,24,1736
62,West Elsdon,0,23,14,1747
62,West Elsdon,1,0,15,1854
62,West Elsdon,1,1,14,1865
62,West Elsdon,1,2,7,1876
62,West Elsdon,1,3,8,1707
62,West Elsdon,1,4,7,1718
62,West Elsdon,1,5,8,1729
62,West Elsdon,1,6,21,1490
62,West Elsdon,1,7,34,1501
62,West Elsdon,1,8,30,1512
62,West Elsdon,1,9,33,1523
62,West Elsdon,1,10,24,1534
62,West Elsdon,1,11,27,1545
62,West Elsdon,1,12,29,1556
62,West Elsdon,1,13,26,1567
62,West Elsdon,1,14,22,1578
62,West Elsdon,1,15,24,1589
62,West Elsdon,1,16,40,1600
62,West Elsdon,1,17,43,1611
62,West Elsdon,1,18,38,1622
62,West Elsdon,1,19,41,1453
62,West Elsdon,1,20,30,1464
62,West Elsdon,1,21,27,1475
62,West Elsdon,1,22,29,1736
62,West Elsdon,1,23,14,1747
62,West Elsdon,2,0,15,1854
62,West Elsdon,2,1,16,1865
62,West Elsdon,2,2,7,1876
62,West Elsdon,2,3,8,1707
62,West Elsdon,2,4,7,1718
62,West Elsdon,2,5,7,1729
62,West Elsdon,2,6,24,1490
62,West Elsdon,2,7,32,1501
62,West Elsdon,2,8,35,1512
62,West Elsdon,2,9,31,1523
62,West Elsdon,2,10,23,1534
62,West Elsdon,2,11,26,1545
62,West Elsdon,2,12,27,1556
62,West Elsdon,2,13,29,1567
62,West Elsdon,2,14,22,1578
62,West Elsdon,2,15,23,1589
62,West Elsdon,2,16,38,1600
62,West Elsdon,2,17,41,1611
62,West Elsdon,2,18,44,1622
62,West Elsdon,2,19,40,1453
62,West Elsdon,2,20,29,1464
62,West Elsdon,2,21,26,1475
62,West Elsdon,2,22,28,1736
62,West Elsdon,2,23,16,1747
62,West Elsdon,3,0,14,1854
62,West Elsdon,3,1,15,1865
62,West Elsdon,3,2,7,1876
62,West Elsdon,3,3,7,1707
62,West Elsdon,3,4,8,1718
62,West Elsdon,3,5,7,1729
62,West Elsdon,3,6,23,1490
62,West Elsdon,3,7,31,1501
62,West Elsdon,3,8,33,1512
62,West Elsdon,3,9,36,1523
62,West Elsdon,3,10,22,1534
62,West Elsdon,3,11,29,1545
62,West Elsdon,3,12,26,1556
62,West Elsdon,3,13,28,1567
62,West Elsdon,3,14,21,1578
62,West Elsdon,3,15,22,1589
62,West Elsdon,3,16,43,1600
62,West Elsdon,3,17,39,1611
62,West Elsdon,3,18,42,1622
62,West Elsdon,3,19,38,1453
62,West Elsdon,3,20,28,1464
62,West Elsdon,3,21,30,1475
62,West Elsdon,3,22,27,1736
62,West Elsdon,3,23,15,1747
62,West Elsdon,4,0,13,1854
62,West Elsdon,4,1,14,1865
62,West Elsdon,4,2,8,1876
62,West Elsdon,4,3,7,1707
62,West Elsdon,4,4,8,1718
62,West Elsdon,4,5,7,1729
62,West Elsdon,4,6,22,1490
62,West Elsdon,4,7,35,1501
62,West Elsdon,4,8,32,1512
62,West Elsdon,4,9,34,1523
62,West Elsdon,4,10,21,1534
62,West Elsdon,4,11,28,1545
62,West Elsdon,4,12,30,1556
62,West Elsdon,4,13,27,1567
62,West Elsdon,4,14,24,1578
62,West Elsdon,4,15,21,1589
62,West Elsdon,4,16,42,1600
62,West Elsdon,4,17,38,1611
62,West Elsdon,4,18,41,1622
62,West Elsdon,4,19,43,1453
62,West Elsdon,4,20,27,1464
62,West Elsdon,4,21,29,1475
62,West Elsdon,4,22,26,1736
62,West Elsdon,4,23,15,1747
62,West Elsdon,5,0,15,1954
62,West Elsdon,5,1,14,1965
62,West Elsdon,5,2,8,1976
62,West Elsdon,5,3,7,1807
62,West Elsdon,5,4,7,1818
62,West Elsdon,5,5,8,1829
62,West Elsdon,5,6,22,1590
62,West Elsdon,5,7,34,1601
62,West Elsdon,5,8,31,1612
62,West Elsdon,5,9,33,1623
62,West Elsdon,5,10,24,1634
62,West Elsdon,5,11,27,1645
62,West Elsdon,5,12,29,1656
62,West Elsdon,5,13,26,1667
62,West Elsdon,5,14,23,1678
62,West Elsdon,5,15,24,1689
62,West Elsdon,5,16,40,1700
62,West Elsdon,5,17,43,1711
62,West Elsdon,5,18,39,1722
62,West Elsdon,5,19,42,1553
62,West Elsdon,5,20,26,1564
62,West Elsdon,5,21,27,1575
62,West Elsdon,5,22,29,1836
62,West Elsdon,5,23,14,1847
62,West Elsdon,6,0,14,1954
62,West Elsdon,6,1,15,1965
62,West Elsdon,6,2,7,1976
62,West Elsdon,6,3,7,1807
62,West Elsdon,6,4,7,1818
62,West Elsdon,6,5,7,1829
62,West Elsdon,6,6,20,1590
62,West Elsdon,6,7,31,1601
62,West Elsdon,6,8,33,1612
62,West Elsdon,6,9,30,1623
62,West Elsdon,6,10,22,1634
62,West Elsdon,6,11,24,1645
62,West Elsdon,6,12,26,1656
62,West Elsdon,6,13,28,1667
62,West Elsdon,6,14,21,1678
62,West Elsdon,6,15,22,1689
62,West Elsdon,6,16,37,1700
62,West Elsdon,6,17,39,1711
62,West Elsdon,6,18,42,1722
62,West Elsdon,6,19,38,1553
62,West Elsdon,6,20,28,1564
62,West Elsdon,6,21,25,1575
62,West Elsdon,6,22,27,1836
62,West Elsdon,6,23,13,1847
63,Gage Park,0,0,17,1871
63,Gage Park,0,1,18,1702
63,Gage Park,0,2,10,1713
63,Gage Park,0,3,9,1724
63,Gage Park,0,4,9,1735
63,Gage Park,0,5,8,1746
63,Gage Park,0,6,28,1507
63,Gage Park,0,7,37,1518
63,Gage Park,0,8,40,1529
63,Gage Park,0,9,42,1540
63,Gage Park,0,10,26,1551
63,Gage Park,0,11,35,1562
63,Gage Park,0,12,31,1573
63,Gage Park,0,13,34,1584
63,Gage Park,0,14,29,1595
63,Gage Park,0,15,26,1606
63,Gage Park,0,16,51,1617
63,Gage Park,0,17,47,1628
63,Gage Park,0,18,50,1459
63,Gage Park,0,19,53,1470
63,Gage Park,0,20,33,1481
63,Gage Park,0,21,35,1492
63,Gage Park,0,22,32,1753
63,Gage Park,0,23,18,1764
63,Gage Park,1,0,20,1871
63,Gage Park,1,1,18,1702
63,Gage Park,1,2,10,1713
63,Gage Park,1,3,9,1724
63,Gage Park,1,4,10,1735
63,Gage Park,1,5,10,1746
63,Gage Park,1,6,28,1507
63,Gage Park,1,7,44,1518
63,Gage Park,1,8,40,1529
63,Gage Park,1,9,43,1540
63,Gage Park,1,10,26,1551
63,Gage Park,1,11,35,1562
63,Gage Park,1,12,37,1573
63,Gage Park,1,13,34,1584
63,Gage Park,1,14,29,1595
63,Gage Park,1,15,27,1606
63,Gage Park,1,16,52,1617
63,Gage Park,1,17,56,1628
63,Gage Park,1,18,51,1459
63,Gage Park,1,19,54,1470
63,Gage Park,1,20,33,1481
63,Gage Park,1,21,36,1492
63,Gage Park,1,22,38,1753
63,Gage Park,1,23,18,1764
63,Gage Park,2,0,19,1871
63,Gage Park,2,1,17,1702
63,Gage Park,2,2,9,1713
63,Gage Park,2,3,10,1724
63,Gage Park,2,4,9,1735
63,Gage Park,2,5,10,1746
63,Gage Park,2,6,27,1507
63,Gage Park,2,7,42,1518
63,Gage Park,2,8,45,1529
63,Gage Park,2,9,41,1540
63,Gage Park,2,10,30,1551
63,Gage Park,2,11,34,1562
63,Gage Park,2,12,36,1573
63,Gage Park,2,13,32,1584
63,Gage Park,2,14,28,1595
63,Gage Park,2,15,30,1606
63,Gage Park,2,16,50,1617
63,Gage Park,2,17,54,1628
63,Gage Park,2,18,48,1459
63,Gage Park,2,19,52,1470
63,Gage Park,2,20,38,1481
63,Gage Park,2,21,34,1492
63,Gage Park,2,22,37,1753
63,Gage Park,2,23,17,1764
63,Gage Park,3,0,18,1871
63,Gage Park,3,1,20,1702
63,Gage Park,3,2,9,1713
63,Gage Park,3,3,10,1724
63,Gage Park,3,4,9,1735
63,Gage Park,3,5,9,1746
63,Gage Park,3,6,31,1507
63,Gage Park,3,7,41,1518
63,Gage Park,3,8,44,1529
63,Gage Park,3,9,39,1540
63,Gage Park,3,10,29,1551
63,Gage Park,3,11,38,1562
63,Gage Park,3,12,35,1573
63,Gage Park,3,13,37,1584
63,Gage Park,3,14,27,1595
63,Gage Park,3,15,29,1606
63,Gage Park,3,16,48,1617
63,Gage Park,3,17,52,1628
63,Gage Park,3,18,55,1459
63,Gage Park,3,19,50,1470
63,Gage Park,3,20,36,1481
63,Gage Park,3,21,33,1492
63,Gage Park,3,22,35,1753
63,Gage Park,3,23,20,1764
63,Gage Park,4,0,18,1871
63,Gage Park,4,1,19,1702
63,Gage Park,4,2,9,1713
63,Gage Park,4,3,9,1724
63,Gage Park,4,4,10,1735
63,Gage Park,4,5,9,1746
63,Gage Park,4,6,29,1507
63,Gage Park,4,7,39,1518
63,Gage Park,4,8,42,1529
63,Gage Park,4,9,45,1540
63,Gage Park,4,10,28,1551
63,Gage Park,4,11,37,1562
63,Gage Park,4,12,33,1573
63,Gage Park,4,13,36,1584
63,Gage Park,4,14,31,1595
63,Gage Park,4,15,28,1606
63,Gage Park,4,16,55,1617
63,Gage Park,4,17,49,1628
63,Gage Park,4,18,53,1459
63,Gage Park,4,19,48,1470
63,Gage Park,4,20,35,1481
63,Gage Park,4,21,37,1492
63,Gage Park,4,22,34,1753
63,Gage Park,4,23,19,1764
63,Gage Park,5,0,20,1971
63,Gage Park,5,1,18,1802
63,Gage Park,5,2,10,1813
63,Gage Park,5,3,9,1824
63,Gage Park,5,4,10,1835
63,Gage Park,5,5,9,1846
63,Gage Park,5,6,28,1607
63,Gage Park,5,7,45,1618
63,Gage Park,5,8,40,1629
63,Gage Park,5,9,43,1640
63,Gage Park,5,10,27,1651
63,Gage Park,5,11,35,1662
63,Gage Park,5,12,38,1673
63,Gage Park,5,13,34,1684
63,Gage Park,5,14,30,1695
63,Gage Park,5,15,27,1706
63,Gage Park,5,16,53,1717
63,Gage Park,5,17,56,1728
63,Gage Park,5,18,51,1559
63,Gage Park,5,19,55,1570
63,Gage Park,5,20,34,1581
63,Gage Park,5,21,36,1592
63,Gage Park,5,22,32,1853
63,Gage Park,5,23,18,1864
63,Gage Park,6,0,18,1971
63,Gage Park,6,1,17,1802
63,Gage Park,6,2,9,1813
63,Gage Park,6,3,10,1824
63,Gage Park,6,4,9,1835
63,Gage Park,6,5,9,1846
63,Gage Park,6,6,26,1607
63,Gage Park,6,7,41,1618
63,Gage Park,6,8,37,1629
63,Gage Park,6,9,40,1640
63,Gage Park,6,10,29,1651
63,Gage Park,6,11,32,1662
63,Gage Park,6,12,35,1673
63,Gage Park,6,13,31,1684
63,Gage Park,6,14,27,1695
63,Gage Park,6,15,29,1706
63,Gage Park,6,16,48,1717
63,Gage Park,6,17,51,1728
63,Gage Park,6,18,47,1559
63,Gage Park,6,19,50,1570
63,Gage Park,6,20,36,1581
63,Gage Park,6,21,33,1592
63,Gage Park,6,22,35,1853
63,Gage Park,6,23,17,1864
64,Clearing,0,0,16,1708
64,Clearing,0,1,17,1719
64,Clearing,0,2,8,1730
64,Clearing,0,3,8,1741
64,Clearing,0,4,9,1752
64,Clearing,0,5,8,1763
64,Clearing,0,6,26,1524
64,Clearing,0,7,35,1535
64,Clearing,0,8,38,1546
64,Clearing,0,9,34,1557
64,Clearing,0,10,25,1568
64,Clearing,0,11,33,1579
64,Clearing,0,12,30,1590
64,Clearing,0,13,32,1601
64,Clearing,0,14,23,1612
64,Clearing,0,15,25,1623
64,Clearing,0,16,49,1454
64,Clearing,0,17,45,1465
64,Clearing,0,18,48,1476
64,Clearing,0,19,43,1487
64,Clearing,0,20,31,1498
64,Clearing,0,21,34,1509
64,Clearing,0,22,30,1770
64,Clearing,0,23,17,1781
64,Clearing,1,0,16,1708
64,Clearing,1,1,17,1719
64,Clearing,1,2,9,1730
64,Clearing,1,3,8,1741
64,Clearing,1,4,9,1752
64,Clearing,1,5,8,1763
64,Clearing,1,6,27,1524
64,Clearing,1,7,42,1535
64,Clearing,1,8,38,1546
64,Clearing,1,9,41,1557
64,Clearing,1,10,25,1568
64,Clearing,1,11,33,1579
64,Clearing,1,12,30,1590
64,Clearing,1,13,32,1601
64,Clearing,1,14,28,1612
64,Clearing,1,15,25,1623
64,Clearing,1,16,50,1454
64,Clearing,1,17,45,1465
64,Clearing,1,18,48,1476
64,Clearing,1,19,52,1487
64,Clearing,1,20,32,1498
64,Clearing,1,21,34,1509
64,Clearing,1,22,31,1770
64,Clearing,1,23,17,1781
64,Clearing,2,0,18,1708
64,Clearing,2,1,16,1719
64,Clearing,2,2,9,1730
64,Clearing,2,3,8,1741
64,Clearing,2,4,9,1752
64,Clearing,2,5,9,1763
64,Clearing,2,6,26,1524
64,Clearing,2,7,41,1535
64,Clearing,2,8,37,1546
64,Clearing,2,9,39,1557
64,Clearing,2,10,29,1568
64,Clearing,2,11,32,1579
64,Clearing,2,12,34,1590
64,Clearing,2,13,31,1601
64,Clearing,2,14,27,1612
64,Clearing,2,15,24,1623
64,Clearing,2,16,48,1454
64,Clearing,2,17,51,1465
64,Clearing,2,18,46,1476
64,Clearing,2,19,50,1487
64,Clearing,2,20,30,1498
64,Clearing,2,21,33,1509
64,Clearing,2,22,35,1770
64,Clearing,2,23,17,1781
64,Clearing,3,0,18,1708
64,Clearing,3,1,16,1719
64,Clearing,3,2,9,1730
64,Clearing,3,3,9,1741
64,Clearing,3,4,8,1752
64,Clearing,3,5,9,1763
64,Clearing,3,6,25,1524
64,Clearing,3,7,39,1535
64,Clearing,3,8,42,1546
64,Clearing,3,9,38,1557
64,Clearing,3,10,28,1568
64,Clearing,3,11,31,1579
64,Clearing,3,12,33,1590
64,Clearing,3,13,35,1601
64,Clearing,3,14,26,1612
64,Clearing,3,15,28,1623
64,Clearing,3,16,46,1454
64,Clearing,3,17,49,1465
64,Clearing,3,18,44,1476
64,Clearing,3,19,48,1487
64,Clearing,3,20,35,1498
64,Clearing,3,21,31,1509
64,Clearing,3,22,34,1770
64,Clearing,3,23,16,1781
64,Clearing,4,0,17,1708
64,Clearing,4,1,18,1719
64,Clearing,4,2,8,1730
64,Clearing,4,3,9,1741
64,Clearing,4,4,8,1752
64,Clearing,4,5,9,1763
64,Clearing,4,6,28,1524
64,Clearing,4,7,37,1535
64,Clearing,4,8,40,1546
64,Clearing,4,9,36,1557
64,Clearing,4,10,27,1568
64,Clearing,4,11,35,1579
64,Clearing,4,12,32,1590
64,Clearing,4,13,34,1601
64,Clearing,4,14,25,1612
64,Clearing,4,15,27,1623
64,Clearing,4,16,52,1454
64,Clearing,4,17,47,1465
64,Clearing,4,18,51,1476
64,Clearing,4,19,46,1487
64,Clearing,4,20,33,1498
64,Clearing,4,21,30,1509
64,Clearing,4,22,32,1770
64,Clearing,4,23,18,1781
64,Clearing,5,0,16,1808
64,Clearing,5,1,17,1819
64,Clearing,5,2,9,1830
64,Clearing,5,3,9,1841
64,Clearing,5,4,9,1852
64,Clearing,5,5,8,1863
64,Clearing,5,6,27,1624
64,Clearing,5,7,36,1635
64,Clearing,5,8,39,1646
64,Clearing,5,9,41,1657
64,Clearing,5,10,25,1668
64,Clearing,5,11,34,1679
64,Clearing,5,12,30,1690
64,Clearing,5,13,33,1701
64,Clearing,5,14,28,1712
64,Clearing,5,15,26,1723
64,Clearing,5,16,50,1554
64,Clearing,5,17,45,1565
64,Clearing,5,18,49,1576
64,Clearing,5,19,52,1587
64,Clearing,5,20,32,1598
64,Clearing,5,21,34,1609
64,Clearing,5,22,31,1870
64,Clearing,5,23,18,1881
64,Clearing,6,0,17,1808
64,Clearing,6,1,16,1819
64,Clearing,6,2,9,1830
64,Clearing,6,3,8,1841
64,Clearing,6,4,8,1852
64,Clearing,6,5,9,1863
64,Clearing,6,6,25,1624
64,Clearing,6,7,39,1635
64,Clearing,6,8,35,1646
64,Clearing,6,9,38,1657
64,Clearing,6,10,23,1668
64,Clearing,6,11,31,1679
64,Clearing,6,12,33,1690
64,Clearing,6,13,30,1701
64,Clearing,6,14,26,1712
64,Clearing,6,15,23,1723
64,Clearing,6,16,46,1554
64,Clearing,6,17,49,1565
64,Clearing,6,18,45,1576
64,Clearing,6,19,48,1587
64,Clearing,6,20,29,1598
64,Clearing,6,21,31,1609
64,Clearing,6,22,34,1870
64,Clearing,6,23,16,1881
65,West Lawn,0,0,18,1725
65,West Lawn,0,1,19,1736
65,West Lawn,0,2,9,1747
65,West Lawn,0,3,9,1758
65,West Lawn,0,4,8,1769
65,West Lawn,0,5,9,1780
65,West Lawn,0,6,29,1541
65,West Lawn,0,7,39,1552
65,West Lawn,0,8,42,1563
65,West Lawn,0,9,38,1574
65,West Lawn,0,10,28,1585
65,West Lawn,0,11,31,1596
65,West Lawn,0,12,33,1607
65,West Lawn,0,13,36,1618
65,West Lawn,0,14,26,1629
65,West Lawn,0,15,28,1460
65,West Lawn,0,16,46,1471
65,West Lawn,0,17,49,1482
65,West Lawn,0,18,53,1493
65,West Lawn,0,19,48,1504
65,West Lawn,0,20,35,1515
65,West Lawn,0,21,32,1526
65,West Lawn,0,22,34,1787
65,West Lawn,0,23,19,1798
65,West Lawn,1,0,18,1725
65,West Lawn,1,1,19,1736
65,West Lawn,1,2,9,1747
65,West Lawn,1,3,9,1758
65,West Lawn,1,4,10,1769
65,West Lawn,1,5,9,1780
65,West Lawn,1,6,30,1541
65,West Lawn,1,7,39,1552
65,West Lawn,1,8,42,1563
65,West Lawn,1,9,45,1574
65,West Lawn,1,10,28,1585
65,West Lawn,1,11,37,1596
65,West Lawn,1,12,34,1607
65,West Lawn,1,13,36,1618
65,West Lawn,1,14,26,1629
65,West Lawn,1,15,28,1460
65,West Lawn,1,16,55,1471
65,West Lawn,1,17,50,1482
65,West Lawn,1,18,54,1493
65,West Lawn,1,19,48,1504
65,West Lawn,1,20,35,1515
65,West Lawn,1,21,38,1526
65,West Lawn,1,22,34,1787
65,West Lawn,1,23,19,1798
65,West Lawn,2,0,17,1725
65,West Lawn,2,1,18,1736
65,West Lawn,2,2,10,1747
65,West Lawn,2,3,9,1758
65,West Lawn,2,4,10,1769
65,West Lawn,2,5,9,1780
65,West Lawn,2,6,29,1541
65,West Lawn,2,7,45,1552
65,West Lawn,2,8,41,1563
65,West Lawn,2,9,44,1574
65,West Lawn,2,10,27,1585
65,West Lawn,2,11,36,1596
65,West Lawn,2,12,38,1607
65,West Lawn,2,13,35,1618
65,West Lawn,2,14,30,1629
65,West Lawn,2,15,27,1460
65,West Lawn,2,16,53,1471
65,West Lawn,2,17,48,1482
65,West Lawn,2,18,52,1493
65,West Lawn,2,19,55,1504
65,West Lawn,2,20,34,1515
65,West Lawn,2,21,36,1526
65,West Lawn,2,22,33,1787
65,West Lawn,2,23,18,1798
65,West Lawn,3,0,19,1725
65,West Lawn,3,1,18,1736
65,West Lawn,3,2,10,1747
65,West Lawn,3,3,9,1758
65,West Lawn,3,4,9,1769
65,West Lawn,3,5,10,1780
65,West Lawn,3,6,27,1541
65,West Lawn,3,7,43,1552
65,West Lawn,3,8,39,1563
65,West Lawn,3,9,42,1574
65,West Lawn,3,10,31,1585
65,West Lawn,3,11,34,1596
65,West Lawn,3,12,37,1607
65,West Lawn,3,13,33,1618
65,West Lawn,3,14,29,1629
65,West Lawn,3,15,31,1460
65,West Lawn,3,16,51,1471
65,West Lawn,3,17,55,1482
65,West Lawn,3,18,49,1493
65,West Lawn,3,19,53,1504
65,West Lawn,3,20,32,1515
65,West Lawn,3,21,35,1526
65,West Lawn,3,22,37,1787
65,West Lawn,3,23,18,1798
65,West Lawn,4,0,19,1725
65,West Lawn,4,1,20,1736
65,West Lawn,4,2,9,1747
65,West Lawn,4,3,10,1758
65,West Lawn,4,4,9,1769
65,West Lawn,4,5,10,1780
65,West Lawn,4,6,26,1541
65,West Lawn,4,7,42,1552
65,West Lawn,4,8,45,1563
65,West Lawn,4,9,40,1574
65,West Lawn,4,10,29,1585
65,West Lawn,4,11,33,1596
65,West Lawn,4,12,35,1607
65,West Lawn,4,13,38,1618
65,West Lawn,4,14,28,1629
65,West Lawn,4,15,30,1460
65,West Lawn,4,16,49,1471
65,West Lawn,4,17,53,1482
65,West Lawn,4,18,56,1493
65,West Lawn,4,19,51,1504
65,West Lawn,4,20,37,1515
65,West Lawn,4,21,34,1526
65,West Lawn,4,22,36,1787
65,West Lawn,4,23,17,1798
65,West Lawn,5,0,18,1825
65,West Lawn,5,1,19,1836
65,West Lawn,5,2,9,1847
65,West Lawn,5,3,10,1858
65,West Lawn,5,4,10,1869
65,West Lawn,5,5,9,1880
65,West Lawn,5,6,30,1641
65,West Lawn,5,7,40,1652
65,West Lawn,5,8,43,1663
65,West Lawn,5,9,39,1674
65,West Lawn,5,10,28,1685
65,West Lawn,5,11,37,1696
65,West Lawn,5,12,34,1707
65,West Lawn,5,13,36,1718
65,West Lawn,5,14,27,1729
65,West Lawn,5,15,29,1560
65,West Lawn,5,16,56,1571
65,West Lawn,5,17,51,1582
65,West Lawn,5,18,54,1593
65,West Lawn,5,19,49,1604
65,West Lawn,5,20,36,1615
65,West Lawn,5,21,38,1626
65,West Lawn,5,22,35,1887
65,West Lawn,5,23,19,1898
65,West Lawn,6,0,16,1825
65,West Lawn,6,1,18,1836
65,West Lawn,6,2,10,1847
65,West Lawn,6,3,9,1858
65,West Lawn,6,4,9,1869
65,West Lawn,6,5,8,1880
65,West Lawn,6,6,27,1641
65,West Lawn,6,7,43,1652
65,West Lawn,6,8,39,1663
65,West Lawn,6,9,42,1674
65,West Lawn,6,10,26,1685
65,West Lawn,6,11,34,1696
65,West Lawn,6,12,31,1707
65,West Lawn,6,13,33,1718
65,West Lawn,6,14,29,1729
65,West Lawn,6,15,26,1560
65,West Lawn,6,16,51,1571
65,West Lawn,6,17,46,1582
65,West Lawn,6,18,49,1593
65,West Lawn,6,19,53,1604
65,West Lawn,6,20,33,1615
65,West Lawn,6,21,35,1626
65,West Lawn,6,22,32,1887
65,West Lawn,6,23,18,1898
66,Chicago Lawn,0,0,22,1742
66,Chicago Lawn,0,1,20,1753
66,Chicago Lawn,0,2,11,1764
66,Chicago Lawn,0,3,12,1775
66,Chicago Lawn,0,4,11,1786
66,Chicago Lawn,0,5,11,1797
66,Chicago Lawn,0,6,31,1558
66,Chicago Lawn,0,7,49,1569
66,Chicago Lawn,0,8,52,1580
66,Chicago Lawn,0,9,47,1591
66,Chicago Lawn,0,10,35,1602
66,Chicago Lawn,0,11,39,1613
66,Chicago Lawn,0,12,42,1624
66,Chicago Lawn,0,13,37,1455
66,Chicago Lawn,0,14,33,1466
66,Chicago Lawn,0,15,35,1477
66,Chicago Lawn,0,16,58,1488
66,Chicago Lawn,0,17,62,1499
66,Chicago Lawn,0,18,56,1510
66,Chicago Lawn,0,19,60,1521
66,Chicago Lawn,0,20,44,1532
66,Chicago Lawn,0,21,39,1543
66,Chicago Lawn,0,22,42,1804
66,Chicago Lawn,0,23,20,1815
66,Chicago Lawn,1,0,22,1742
66,Chicago Lawn,1,1,24,1753
66,Chicago Lawn,1,2,11,1764
66,Chicago Lawn,1,3,12,1775
66,Chicago Lawn,1,4,11,1786
66,Chicago Lawn,1,5,11,1797
66,Chicago Lawn,1,6,37,1558
66,Chicago Lawn,1,7,49,1569
66,Chicago Lawn,1,8,53,1580
66,Chicago Lawn,1,9,48,1591
66,Chicago Lawn,1,10,35,1602
66,Chicago Lawn,1,11,46,1613
66,Chicago Lawn,1,12,42,1624
66,Chicago Lawn,1,13,45,1455
66,Chicago Lawn,1,14,33,1466
66,Chicago Lawn,1,15,35,1477
66,Chicago Lawn,1,16,58,1488
66,Chicago Lawn,1,17,63,1499
66,Chicago Lawn,1,18,67,1510
66,Chicago Lawn,1,19,61,1521
66,Chicago Lawn,1,20,44,1532
66,Chicago Lawn,1,21,40,1543
66,Chicago Lawn,1,22,43,1804
66,Chicago Lawn,1,23,24,1815
66,Chicago Lawn,2,0,21,1742
66,Chicago Lawn,2,1,23,1753
66,Chicago Lawn,2,2,11,1764
66,Chicago Lawn,2,3,11,1775
66,Chicago Lawn,2,4,12,1786
66,Chicago Lawn,2,5,11,1797
66,Chicago Lawn,2,6,36,1558
66,Chicago Lawn,2,7,47,1569
66,Chicago Lawn,2,8,51,1580
66,Chicago Lawn,2,9,55,1591
66,Chicago Lawn,2,10,34,1602
66,Chicago Lawn,2,11,45,1613
66,Chicago Lawn,2,12,40,1624
66,Chicago Lawn,2,13,43,1455
66,Chicago Lawn,2,14,37,1466
66,Chicago Lawn,2,15,34,1477
66,Chicago Lawn,2,16,66,1488
66,Chicago Lawn,2,17,60,1499
66,Chicago Lawn,2,18,65,1510
66,Chicago Lawn,2,19,58,1521
66,Chicago Lawn,2,20,42,1532
66,Chicago Lawn,2,21,45,1543
66,Chicago Lawn,2,22,41,1804
66,Chicago Lawn,2,23,23,1815
66,Chicago Lawn,3,0,24,1742
66,Chicago Lawn,3,1,22,1753
66,Chicago Lawn,3,2,12,1764
66,Chicago Lawn,3,3,11,1775
66,Chicago Lawn,3,4,12,1786
66,Chicago Lawn,3,5,11,1797
66,Chicago Lawn,3,6,34,1558
66,Chicago Lawn,3,7,54,1569
66,Chicago Lawn,3,8,49,1580
66,Chicago Lawn,3,9,53,1591
66,Chicago Lawn,3,10,32,1602
66,Chicago Lawn,3,11,43,1613
66,Chicago Lawn,3,12,46,1624
66,Chicago Lawn,3,13,42,1455
66,Chicago Lawn,3,14,36,1466
66,Chicago Lawn,3,15,33,1477
66,Chicago Lawn,3,16,64,1488
66,Chicago Lawn,3,17,68,1499
66,Chicago Lawn,3,18,62,1510
66,Chicago Lawn,3,19,66,1521
66,Chicago Lawn,3,20,41,1532
66,Chicago Lawn,3,21,44,1543
66,Chicago Lawn,3,22,39,1804
66,Chicago Lawn,3,23,22,1815
66,Chicago Lawn,4,0,23,1742
66,Chicago Lawn,4,1,21,1753
66,Chicago Lawn,4,2,12,1764
66,Chicago Lawn,4,3,12,1775
66,Chicago Lawn,4,4,11,1786
66,Chicago Lawn,4,5,12,1797
66,Chicago Lawn,4,6,33,1558
66,Chicago Lawn,4,7,52,1569
66,Chicago Lawn,4,8,47,1580
66,Chicago Lawn,4,9,50,1591
66,Chicago Lawn,4,10,37,1602
66,Chicago Lawn,4,11,41,1613
66,Chicago Lawn,4,12,44,1624
66,Chicago Lawn,4,13,40,1455
66,Chicago Lawn,4,14,35,1466
66,Chicago Lawn,4,15,37,1477
66,Chicago Lawn,4,16,61,1488
66,Chicago Lawn,4,17,66,1499
66,Chicago Lawn,4,18,59,1510
66,Chicago Lawn,4,19,64,1521
66,Chicago Lawn,4,20,46,1532
66,Chicago Lawn,4,21,42,1543
66,Chicago Lawn,4,22,45,1804
66,Chicago Lawn,4,23,21,1815
66,Chicago Lawn,5,0,22,1842
66,Chicago Lawn,5,1,24,1853
66,Chicago Lawn,5,2,11,1864
66,Chicago Lawn,5,3,12,1875
66,Chicago Lawn,5,4,11,1886
66,Chicago Lawn,5,5,12,1897
66,Chicago Lawn,5,6,37,1658
66,Chicago Lawn,5,7,50,1669
66,Chicago Lawn,5,8,54,1680
66,Chicago Lawn,5,9,48,1691
66,Chicago Lawn,5,10,35,1702
66,Chicago Lawn,5,11,39,1713
66,Chicago Lawn,5,12,42,1724
66,Chicago Lawn,5,13,45,1555
66,Chicago Lawn,5,14,33,1566
66,Chicago Lawn,5,15,36,1577
66,Chicago Lawn,5,16,59,1588
66,Chicago Lawn,5,17,63,1599
66,Chicago Lawn,5,18,68,1610
66,Chicago Lawn,5,19,61,1621
66,Chicago Lawn,5,20,45,1632
66,Chicago Lawn,5,21,40,1643
66,Chicago Lawn,5,22,43,1904
66,Chicago Lawn,5,23,24,1915
66,Chicago Lawn,6,0,20,1842
66,Chicago Lawn,6,1,22,1853
66,Chicago Lawn,6,2,10,1864
66,Chicago Lawn,6,3,11,1875
66,Chicago Lawn,6,4,12,1886
66,Chicago Lawn,6,5,11,1897
66,Chicago Lawn,6,6,34,1658
66,Chicago Lawn,6,7,46,1669
66,Chicago Lawn,6,8,49,1680
66,Chicago Lawn,6,9,52,1691
66,Chicago Lawn,6,10,32,1702
66,Chicago Lawn,6,11,43,1713
66,Chicago Lawn,6,12,39,1724
66,Chicago Lawn,6,13,42,1555
66,Chicago Lawn,6,14,30,1566
66,Chicago Lawn,6,15,33,1577
66,Chicago Lawn,6,16,64,1588
66,Chicago Lawn,6,17,58,1599
66,Chicago Lawn,6,18,62,1610
66,Chicago Lawn,6,19,56,1621
66,Chicago Lawn,6,20,41,1632
66,Chicago Lawn,6,21,44,1643
66,Chicago Lawn,6,22,39,1904
66,Chicago Lawn,6,23,22,1915
67,West Englewood,0,0,16,1759
67,West Englewood,0,1,14,1770
67,West Englewood,0,2,8,1781
67,West Englewood,0,3,7,1792
67,West Englewood,0,4,8,1803
67,West Englewood,0,5,8,1814
67,West Englewood,0,6,23,1575
67,West Englewood,0,7,36,1586
67,West Englewood,0,8,32,1597
67,West Englewood,0,9,35,1608
67,West Englewood,0,10,25,1619
67,West Englewood,0,11,28,1450
67,West Englewood,0,12,30,1461
67,West Englewood,0,13,27,1472
67,West Englewood,0,14,24,1483
67,West Englewood,0,15,21,1494
67,West Englewood,0,16,42,1505
67,West Englewood,0,17,45,1516
67,West Englewood,0,18,41,1527
67,West Englewood,0,19,44,1538
67,West Englewood,0,20,27,1549
67,West Englewood,0,21,29,1560
67,West Englewood,0,22,31,1821
67,West Englewood,0,23,15,1832
67,West Englewood,1,0,16,1759
67,West Englewood,1,1,15,1770
67,West Englewood,1,2,8,1781
67,West Englewood,1,3,9,1792
67,West Englewood,1,4,8,1803
67,West Englewood,1,5,8,1814
67,West Englewood,1,6,23,1575
67,West Englewood,1,7,36,1586
67,West Englewood,1,8,39,1597
67,West Englewood,1,9,35,1608
67,West Englewood,1,10,25,1619
67,West Englewood,1,11,28,1450
67,West Englewood,1,12,31,1461
67,West Englewood,1,13,33,1472
67,West Englewood,1,14,24,1483
67,West Englewood,1,15,26,1494
67,West Englewood,1,16,42,1505
67,West Englewood,1,17,46,1516
67,West Englewood,1,18,41,1527
67,West Englewood,1,19,44,1538
67,West Englewood,1,20,32,1549
67,West Englewood,1,21,29,1560
67,West Englewood,1,22,31,1821
67,West Englewood,1,23,15,1832
67,West Englewood,2,0,16,1759
67,West Englewood,2,1,17,1770
67,West Englewood,2,2,8,1781
67,West Englewood,2,3,8,1792
67,West Englewood,2,4,7,1803
67,West Englewood,2,5,8,1814
67,West Englewood,2,6,26,1575
67,West Englewood,2,7,35,1586
67,West Englewood,2,8,37,1597
67,West Englewood,2,9,33,1608
67,West Englewood,2,10,24,1619
67,West Englewood,2,11,32,1450
67,West Englewood,2,12,29,1461
67,West Englewood,2,13,31,1472
67,West Englewood,2,14,23,1483
67,West Englewood,2,15,25,1494
67,West Englewood,2,16,48,1505
67,West Englewood,2,17,44,1516
67,West Englewood,2,18,47,1527
67,West Englewood,2,19,42,1538
67,West Englewood,2,20,31,1549
67,West Englewood,2,21,28,1560
67,West Englewood,2,22,30,1821
67,West Englewood,2,23,17,1832
67,West Englewood,3,0,15,1759
67,West Englewood,3,1,16,1770
67,West Englewood,3,2,9,1781
67,West Englewood,3,3,8,1792
67,West Englewood,3,4,8,1803
67,West Englewood,3,5,8,1814
67,West Englewood,3,6,25,1575
67,West Englewood,3,7,33,1586
67,West Englewood,3,8,36,1597
67,West Englewood,3,9,38,1608
67,West Englewood,3,10,24,1619
67,West Englewood,3,11,31,1450
67,West Englewood,3,12,28,1461
67,West Englewood,3,13,30,1472
67,West Englewood,3,14,26,1483
67,West Englewood,3,15,24,1494
67,West Englewood,3,16,46,1505
67,West Englewood,3,17,42,1516
67,West Englewood,3,18,45,1527
67,West Englewood,3,19,48,1538
67,West Englewood,3,20,30,1549
67,West Englewood,3,21,32,1560
67,West Englewood,3,22,29,1821
67,West Englewood,3,23,16,1832
67,West Englewood,4,0,17,1759
67,West Englewood,4,1,15,1770
67,West Englewood,4,2,8,1781
67,West Englewood,4,3,8,1792
67,West Englewood,4,4,8,1803
67,West Englewood,4,5,9,1814
67,West Englewood,4,6,24,1575
67,West Englewood,4,7,38,1586
67,West Englewood,4,8,34,1597
67,West Englewood,4,9,37,1608
67,West Englewood,4,10,23,1619
67,West Englewood,4,11,30,1450
67,West Englewood,4,12,32,1461
67,West Englewood,4,13,29,1472
67,West Englewood,4,14,25,1483
67,West Englewood,4,15,23,1494
67,West Englewood,4,16,45,1505
67,West Englewood,4,17,48,1516
67,West Englewood,4,18,43,1527
67,West Englewood,4,19,46,1538
67,West Englewood,4,20,28,1549
67,West Englewood,4,21,31,1560
67,West Englewood,4,22,33,1821
67,West Englewood,4,23,16,1832
67,West Englewood,5,0,16,1859
67,West Englewood,5,1,15,1870
67,West Englewood,5,2,8,1881
67,West Englewood,5,3,9,1892
67,West Englewood,5,4,8,1903
67,West Englewood,5,5,8,1914
67,West Englewood,5,6,23,1675
67,West Englewood,5,7,36,1686
67,West Englewood,5,8,39,1697
67,West Englewood,5,9,35,1708
67,West Englewood,5,10,26,1719
67,West Englewood,5,11,29,1550
67,West Englewood,5,12,31,1561
67,West Englewood,5,13,28,1572
67,West Englewood,5,14,24,1583
67,West Englewood,5,15,26,1594
67,West Englewood,5,16,43,1605
67,West Englewood,5,17,46,1616
67,West Englewood,5,18,42,1627
67,West Englewood,5,19,45,1638
67,West Englewood,5,20,32,1649
67,West Englewood,5,21,29,1660
67,West Englewood,5,22,31,1921
67,West Englewood,5,23,15,1932
67,West Englewood,6,0,15,1859
67,West Englewood,6,1,16,1870
67,West Englewood,6,2,7,1881
67,West Englewood,6,3,8,1892
67,West Englewood,6,4,7,1903
67,West Englewood,6,5,8,1914
67,West Englewood,6,6,25,1675
67,West Englewood,6,7,33,1686
67,West Englewood,6,8,36,1697
67,West Englewood,6,9,32,1708
67,West Englewood,6,10,23,1719
67,West Englewood,6,11,31,1550
67,West Englewood,6,12,28,1561
67,West Englewood,6,13,30,1572
67,West Englewood,6,14,22,1583
67,West Englewood,6,15,24,1594
67,West Englewood,6,16,39,1605
67,West Englewood,6,17,42,1616
67,West Englewood,6,18,45,1627
67,West Englewood,6,19,41,1638
67,West Englewood,6,20,30,1649
67,West Englewood,6,21,27,1660
67,West Englewood,6,22,29,1921
67,West Englewood,6,23,16,1932
68,Englewood,0,0,15,1776
68,Englewood,0,1,16,1787
68,Englewood,0,2,9,1798
68,Englewood,0,3,8,1809
68,Englewood,0,4,9,1820
68,Englewood,0,5,8,1831
68,Englewood,0,6,25,1592
68,Englewood,0,7,40,1603
68,Englewood,0,8,36,1614
68,Englewood,0,9,39,1625
68,Englewood,0,10,24,1456
68,Englewood,0,11,31,1467
68,Englewood,0,12,34,1478
68,Englewood,0,13,30,1489
68,Englewood,0,14,26,1500
68,Englewood,0,15,24,1511
68,Englewood,0,16,47,1522
68,Englewood,0,17,42,1533
68,Englewood,0,18,45,1544
68,Englewood,0,19,49,1555
68,Englewood,0,20,30,1566
68,Englewood,0,21,32,1577
68,Englewood,0,22,29,1838
68,Englewood,0,23,16,1849
68,Englewood,1,0,18,1776
68,Englewood,1,1,16,1787
68,Englewood,1,2,9,1798
68,Englewood,1,3,8,1809
68,Englewood,1,4,9,1820
68,Englewood,1,5,9,1831
68,Englewood,1,6,25,1592
68,Englewood,1,7,40,1603
68,Englewood,1,8,36,1614
68,Englewood,1,9,39,1625
68,Englewood,1,10,28,1456
68,Englewood,1,11,32,1467
68,Englewood,1,12,34,1478
68,Englewood,1,13,31,1489
68,Englewood,1,14,27,1500
68,Englewood,1,15,29,1511
68,Englewood,1,16,47,1522
68,Englewood,1,17,51,1533
68,Englewood,1,18,46,1544
68,Englewood,1,19,49,1555
68,Englewood,1,20,30,1566
68,Englewood,1,21,32,1577
68,Englewood,1,22,35,1838
68,Englewood,1,23,16,1849
68,Englewood,2,0,17,1776
68,Englewood,2,1,19,1787
68,Englewood,2,2,9,1798
68,Englewood,2,3,9,1809
68,Englewood,2,4,8,1820
68,Englewood,2,5,9,1831
68,Englewood,2,6,24,1592
68,Englewood,2,7,39,1603
68,Englewood,2,8,41,1614
68,Englewood,2,9,37,1625
68,Englewood,2,10,27,1456
68,Englewood,2,11,30,1467
68,Englewood,2,12,33,1478
68,Englewood,2,13,35,1489
68,Englewood,2,14,26,1500
68,Englewood,2,15,28,1511
68,Englewood,2,16,45,1522
68,Englewood,2,17,49,1533
68,Englewood,2,18,52,1544
68,Englewood,2,19,47,1555
68,Englewood,2,20,34,1566
68,Englewood,2,21,31,1577
68,Englewood,2,22,33,1838
68,Englewood,2,23,16,1849
68,Englewood,3,0,17,1776
68,Englewood,3,1,18,1787
68,Englewood,3,2,8,1798
68,Englewood,3,3,9,1809
68,Englewood,3,4,9,1820
68,Englewood,3,5,9,1831
68,Englewood,3,6,28,1592
68,Englewood,3,7,37,1603
68,Englewood,3,8,40,1614
68,Englewood,3,9,36,1625
68,Englewood,3,10,26,1456
68,Englewood,3,11,35,1467
68,Englewood,3,12,31,1478
68,Englewood,3,13,34,1489
68,Englewood,3,14,25,1500
68,Englewood,3,15,27,1511
68,Englewood,3,16,52,1522
68,Englewood,3,17,47,1533
68,Englewood,3,18,50,1544
68,Englewood,3,19,45,1555
68,Englewood,3,20,33,1566
68,Englewood,3,21,35,1577
68,Englewood,3,22,32,1838
68,Englewood,3,23,18,1849
68,Englewood,4,0,16,1776
68,Englewood,4,1,17,1787
68,Englewood,4,2,9,1798
68,Englewood,4,3,8,1809
68,Englewood,4,4,9,1820
68,Englewood,4,5,8,1831
68,Englewood,4,6,27,1592
68,Englewood,4,7,42,1603
68,Englewood,4,8,38,1614
68,Englewood,4,9,41,1625
68,Englewood,4,10,25,1456
68,Englewood,4,11,33,1467
68,Englewood,4,12,30,1478
68,Englewood,4,13,32,1489
68,Englewood,4,14,28,1500
68,Englewood,4,15,25,1511
68,Englewood,4,16,50,1522
68,Englewood,4,17,45,1533
68,Englewood,4,18,48,1544
68,Englewood,4,19,52,1555
68,Englewood,4,20,32,1566
68,Englewood,4,21,34,1577
68,Englewood,4,22,31,1838
68,Englewood,4,23,17,1849
68,Englewood,5,0,18,1876
68,Englewood,5,1,16,1887
68,Englewood,5,2,9,1898
68,Englewood,5,3,8,1909
68,Englewood,5,4,9,1920
68,Englewood,5,5,9,1931
68,Englewood,5,6,26,1692
68,Englewood,5,7,41,1703
68,Englewood,5,8,37,1714
68,Englewood,5,9,39,1725
68,Englewood,5,10,29,1556
68,Englewood,5,11,32,1567
68,Englewood,5,12,34,1578
68,Englewood,5,13,31,1589
68,Englewood,5,14,27,1600
68,Englewood,5,15,24,1611
68,Englewood,5,16,48,1622
68,Englewood,5,17,51,1633
68,Englewood,5,18,46,1644
68,Englewood,5,19,50,1655
68,Englewood,5,20,30,1666
68,Englewood,5,21,33,1677
68,Englewood,5,22,35,1938
68,Englewood,5,23,17,1949
68,Englewood,6,0,17,1876
68,Englewood,6,1,15,1887
68,Englewood,6,2,8,1898
68,Englewood,6,3,9,1909
68,Englewood,6,4,8,1920
68,Englewood,6,5,9,1931
68,Englewood,6,6,23,1692
68,Englewood,6,7,37,1703
68,Englewood,6,8,40,1714
68,Englewood,6,9,36,1725
68,Englewood,6,10,26,1556
68,Englewood,6,11,29,1567
68,Englewood,6,12,31,1578
68,Englewood,6,13,34,1589
68,Englewood,6,14,25,1600
68,Englewood,6,15,26,1611
68,Englewood,6,16,44,1622
68,Englewood,6,17,47,1633
68,Englewood,6,18,42,1644
68,Englewood,6,19,45,1655
68,Englewood,6,20,33,1666
68,Englewood,6,21,30,1677
68,Englewood,6,22,32,1938
68,Englewood,6,23,15,1949
69,Greater Grand Crossing,0,0,17,1793
69,Greater Grand Crossing,0,1,18,1804
69,Greater Grand Crossing,0,2,8,1815
69,Greater Grand Crossing,0,3,9,1826
69,Greater Grand Crossing,0,4,9,1837
69,Greater Grand Crossing,0,5,9,1848
69,Greater Grand Crossing,0,6,28,1609
69,Greater Grand Crossing,0,7,37,1620
69,Greater Grand Crossing,0,8,40,1451
69,Greater Grand Crossing,0,9,43,1462
69,Greater Grand Crossing,0,10,26,1473
69,Greater Grand Crossing,0,11,35,1484
69,Greater Grand Crossing,0,12,32,1495
69,Greater Grand Crossing,0,13,34,1506
69,Greater Grand Crossing,0,14,29,1517
69,Greater Grand Crossing,0,15,27,1528
69,Greater Grand Crossing,0,16,52,1539
69,Greater Grand Crossing,0,17,47,1550
69,Greater Grand Crossing,0,18,50,1561
69,Greater Grand Crossing,0,19,46,1572
69,Greater Grand Crossing,0,20,33,1583
69,Greater Grand Crossing,0,21,36,1594
69,Greater Grand Crossing,0,22,32,1855
69,Greater Grand Crossing,0,23,18,1866
69,Greater Grand Crossing,1,0,20,1793
69,Greater Grand Crossing,1,1,18,1804
69,Greater Grand Crossing,1,2,10,1815
69,Greater Grand Crossing,1,3,9,1826
69,Greater Grand Crossing,1,4,10,1837
69,Greater Grand Crossing,1,5,9,1848
69,Greater Grand Crossing,1,6,28,1609
69,Greater Grand Crossing,1,7,45,1620
69,Greater Grand Crossing,1,8,40,1451
69,Greater Grand Crossing,1,9,43,1462
69,Greater Grand Crossing,1,10,27,1473
69,Greater Grand Crossing,1,11,35,1484
69,Greater Grand Crossing,1,12,38,1495
69,Greater Grand Crossing,1,13,34,1506
69,Greater Grand Crossing,1,14,30,1517
69,Greater Grand Crossing,1,15,27,1528
69,Greater Grand Crossing,1,16,53,1539
69,Greater Grand Crossing,1,17,56,1550
69,Greater Grand Crossing,1,18,51,1561
69,Greater Grand Crossing,1,19,55,1572
69,Greater Grand Crossing,1,20,34,1583
69,Greater Grand Crossing,1,21,36,1594
69,Greater Grand Crossing,1,22,32,1855
69,Greater Grand Crossing,1,23,18,1866
69,Greater Grand Crossing,2,0,19,1793
69,Greater Grand Crossing,2,1,17,1804
69,Greater Grand Crossing,2,2,10,1815
69,Greater Grand Crossing,2,3,10,1826
69,Greater Grand Crossing,2,4,9,1837
69,Greater Grand Crossing,2,5,10,1848
69,Greater Grand Crossing,2,6,27,1609
69,Greater Grand Crossing,2,7,43,1620
69,Greater Grand Crossing,2,8,39,1451
69,Greater Grand Crossing,2,9,42,1462
69,Greater Grand Crossing,2,10,30,1473
69,Greater Grand Crossing,2,11,34,1484
69,Greater Grand Crossing,2,12,36,1495
69,Greater Grand Crossing,2,13,33,1506
69,Greater Grand Crossing,2,14,29,1517
69,Greater Grand Crossing,2,15,31,1528
69,Greater Grand Crossing,2,16,51,1539
69,Greater Grand Crossing,2,17,54,1550
69,Greater Grand Crossing,2,18,49,1561
69,Greater Grand Crossing,2,19,53,1572
69,Greater Grand Crossing,2,20,38,1583
69,Greater Grand Crossing,2,21,35,1594
69,Greater Grand Crossing,2,22,37,1855
69,Greater Grand Crossing,2,23,18,1866
69,Greater Grand Crossing,3,0,18,1793
69,Greater Grand Crossing,3,1,20,1804
69,Greater Grand Crossing,3,2,9,1815
69,Greater Grand Crossing,3,3,10,1826
69,Greater Grand Crossing,3,4,9,1837
69,Greater Grand Crossing,3,5,10,1848
69,Greater Grand Crossing,3,6,31,1609
69,Greater Grand Crossing,3,7,41,1620
69,Greater Grand Crossing,3,8,44,1451
69,Greater Grand Crossing,3,9,40,1462
69,Greater Grand Crossing,3,10,29,1473
69,Greater Grand Crossing,3,11,32,1484
69,Greater Grand Crossing,3,12,35,1495
69,Greater Grand Crossing,3,13,37,1506
69,Greater Grand Crossing,3,14,27,1517
69,Greater Grand Crossing,3,15,29,1528
69,Greater Grand Crossing,3,16,48,1539
69,Greater Grand Crossing,3,17,52,1550
69,Greater Grand Crossing,3,18,56,1561
69,Greater Grand Crossing,3,19,51,1572
69,Greater Grand Crossing,3,20,37,1583
69,Greater Grand Crossing,3,21,33,1594
69,Greater Grand Crossing,3,22,36,1855
69,Greater Grand Crossing,3,23,20,1866
69,Greater Grand Crossing,4,0,18,1793
69,Greater Grand Crossing,4,1,19,1804
69,Greater Grand Crossing,4,2,9,1815
69,Greater Grand Crossing,4,3,9,1826
69,Greater Grand Crossing,4,4,10,1837
69,Greater Grand Crossing,4,5,9,1848
69,Greater Grand Crossing,4,6,30,1609
69,Greater Grand Crossing,4,7,39,1620
69,Greater Grand Crossing,4,8,42,1451
69,Greater Grand Crossing,4,9,45,1462
69,Greater Grand Crossing,4,10,28,1473
69,Greater Grand Crossing,4,11,37,1484
69,Greater Grand Crossing,4,12,34,1495
69,Greater Grand Crossing,4,13,36,1506
69,Greater Grand Crossing,4,14,26,1517
69,Greater Grand Crossing,4,15,28,1528
69,Greater Grand Crossing,4,16,55,1539
69,Greater Grand Crossing,4,17,50,1550
69,Greater Grand Crossing,4,18,54,1561
69,Greater Grand Crossing,4,19,48,1572
69,Greater Grand Crossing,4,20,35,1583
69,Greater Grand Crossing,4,21,38,1594
69,Greater Grand Crossing,4,22,34,1855
69,Greater Grand Crossing,4,23,19,1866
69,Greater Grand Crossing,5,0,17,1893
69,Greater Grand Crossing,5,1,18,1904
69,Greater Grand Crossing,5,2,10,1915
69,Greater Grand Crossing,5,3,9,1926
69,Greater Grand Crossing,5,4,10,1937
69,Greater Grand Crossing,5,5,9,1948
69,Greater Grand Crossing,5,6,29,1709
69,Greater Grand Crossing,5,7,45,1720
69,Greater Grand Crossing,5,8,41,1551
69,Greater Grand Crossing,5,9,44,1562
69,Greater Grand Crossing,5,10,27,1573
69,Greater Grand Crossing,5,11,36,1584
69,Greater Grand Crossing,5,12,38,1595
69,Greater Grand Crossing,5,13,35,1606
69,Greater Grand Crossing,5,14,30,1617
69,Greater Grand Crossing,5,15,27,1628
69,Greater Grand Crossing,5,16,53,1639
69,Greater Grand Crossing,5,17,48,1650
69,Greater Grand Crossing,5,18,52,1661
69,Greater Grand Crossing,5,19,55,1672
69,Greater Grand Crossing,5,20,34,1683
69,Greater Grand Crossing,5,21,36,1694
69,Greater Grand Crossing,5,22,33,1955
69,Greater Grand Crossing,5,23,18,1966
69,Greater Grand Crossing,6,0,18,1893
69,Greater Grand Crossing,6,1,17,1904
69,Greater Grand Crossing,6,2,9,1915
69,Greater Grand Crossing,6,3,8,1926
69,Greater Grand Crossing,6,4,9,1937
69,Greater Grand Crossing,6,5,9,1948
69,Greater Grand Crossing,6,6,26,1709
69,Greater Grand Crossing,6,7,41,1720
69,Greater Grand Crossing,6,8,37,1551
69,Greater Grand Crossing,6,9,40,1562
69,Greater Grand Crossing,6,10,29,1573
69,Greater Grand Crossing,6,11,33,1584
69,Greater Grand Crossing,6,12,35,1595
69,Greater Grand Crossing,6,13,32,1606
69,Greater Grand Crossing,6,14,27,1617
69,Greater Grand Crossing,6,15,29,1628
69,Greater Grand Crossing,6,16,48,1639
69,Greater Grand Crossing,6,17,52,1650
69,Greater Grand Crossing,6,18,47,1661
69,Greater Grand Crossing,6,19,50,1672
69,Greater Grand Crossing,6,20,31,1683
69,Greater Grand Crossing,6,21,33,1694
69,Greater Grand Crossing,6,22,36,1955
69,Greater Grand Crossing,6,23,17,1966
70,Ashburn,0,0,18,1810
70,Ashburn,0,1,20,1821
70,Ashburn,0,2,9,1832
70,Ashburn,0,3,10,1843
70,Ashburn,0,4,9,1854
70,Ashburn,0,5,9,1865
70,Ashburn,0,6,31,1626
70,Ashburn,0,7,41,1457
70,Ashburn,0,8,44,1468
70,Ashburn,0,9,40,1479
70,Ashburn,0,10,29,1490
70,Ashburn,0,11,38,1501
70,Ashburn,0,12,35,1512
70,Ashburn,0,13,37,1523
70,Ashburn,0,14,27,1534
70,Ashburn,0,15,29,1545
70,Ashburn,0,16,57,1556
70,Ashburn,0,17,52,1567
70,Ashburn,0,18,56,1578
70,Ashburn,0,19,50,1589
70,Ashburn,0,20,37,1600
70,Ashburn,0,21,33,1611
70,Ashburn,0,22,36,1872
70,Ashburn,0,23,20,1703
70,Ashburn,1,0,19,1810
70,Ashburn,1,1,20,1821
70,Ashburn,1,2,11,1832
70,Ashburn,1,3,10,1843
70,Ashburn,1,4,11,1854
70,Ashburn,1,5,10,1865
70,Ashburn,1,6,31,1626
70,Ashburn,1,7,41,1457
70,Ashburn,1,8,45,1468
70,Ashburn,1,9,48,1479
70,Ashburn,1,10,29,1490
70,Ashburn,1,11,39,1501
70,Ashburn,1,12,35,1512
70,Ashburn,1,13,38,1523
70,Ashburn,1,14,33,1534
70,Ashburn,1,15,30,1545
70,Ashburn,1,16,58,1556
70,Ashburn,1,17,52,1567
70,Ashburn,1,18,56,1578
70,Ashburn,1,19,60,1589
70,Ashburn,1,20,37,1600
70,Ashburn,1,21,40,1611
70,Ashburn,1,22,36,1872
70,Ashburn,1,23,20,1703
70,Ashburn,2,0,21,1810
70,Ashburn,2,1,19,1821
70,Ashburn,2,2,10,1832
70,Ashburn,2,3,9,1843
70,Ashburn,2,4,10,1854
70,Ashburn,2,5,11,1865
70,Ashburn,2,6,30,1626
70,Ashburn,2,7,47,1457
70,Ashburn,2,8,43,1468
70,Ashburn,2,9,46,1479
70,Ashburn,2,10,28,1490
70,Ashburn,2,11,37,1501
70,Ashburn,2,12,40,1512
70,Ashburn,2,13,36,1523
70,Ashburn,2,14,32,1534
70,Ashburn,2,15,28,1545
70,Ashburn,2,16,56,1556
70,Ashburn,2,17,60,1567
70,Ashburn,2,18,54,1578
70,Ashburn,2,19,58,1589
70,Ashburn,2,20,36,1600
70,Ashburn,2,21,38,1611
70,Ashburn,2,22,41,1872
70,Ashburn,2,23,19,1703
70,Ashburn,3,0,20,1810
70,Ashburn,3,1,18,1821
70,Ashburn,3,2,10,1832
70,Ashburn,3,3,11,1843
70,Ashburn,3,4,10,1854
70,Ashburn,3,5,10,1865
70,Ashburn,3,6,29,1626
70,Ashburn,3,7,45,1457
70,Ashburn,3,8,49,1468
70,Ashburn,3,9,44,1479
70,Ashburn,3,10,32,1490
70,Ashburn,3,11,36,1501
70,Ashburn,3,12,39,1512
70,Ashburn,3,13,35,1523
70,Ashburn,3,14,30,1534
70,Ashburn,3,15,32,1545
70,Ashburn,3,16,54,1556
70,Ashburn,3,17,57,1567
70,Ashburn,3,18,52,1578
70,Ashburn,3,19,56,1589
70,Ashburn,3,20,40,1600
70,Ashburn,3,21,37,1611
70,Ashburn,3,22,39,1872
70,Ashburn,3,23,19,1703
70,Ashburn,4,0,20,1810
70,Ashburn,4,1,21,1821
70,Ashburn,4,2,10,1832
70,Ashburn,4,3,10,1843
70,Ashburn,4,4,9,1854
70,Ashburn,4,5,10,1865
70,Ashburn,4,6,33,1626
70,Ashburn,4,7,44,1457
70,Ashburn,4,8,47,1468
70,Ashburn,4,9,42,1479
70,Ashburn,4,10,31,1490
70,Ashburn,4,11,41,1501
70,Ashburn,4,12,37,1512
70,Ashburn,4,13,40,1523
70,Ashburn,4,14,29,1534
70,Ashburn,4,15,31,1545
70,Ashburn,4,16,51,1556
70,Ashburn,4,17,55,1567
70,Ashburn,4,18,59,1578
70,Ashburn,4,19,54,1589
70,Ashburn,4,20,39,1600
70,Ashburn,4,21,35,1611
70,Ashburn,4,22,38,1872
70,Ashburn,4,23,21,1703
70,Ashburn,5,0,19,1910
70,Ashburn,5,1,20,1921
70,Ashburn,5,2,9,1932
70,Ashburn,5,3,10,1943
70,Ashburn,5,4,11,1954
70,Ashburn,5,5,10,1965
70,Ashburn,5,6,32,1726
70,Ashburn,5,7,42,1557
70,Ashburn,5,8,45,1568
70,Ashburn,5,9,48,1579
70,Ashburn,5,10,30,1590
70,Ashburn,5,11,39,1601
70,Ashburn,5,12,36,1612
70,Ashburn,5,13,38,1623
70,Ashburn,5,14,33,1634
70,Ashburn,5,15,30,1645
70,Ashburn,5,16,59,1656
70,Ashburn,5,17,53,1667
70,Ashburn,5,18,57,1678
70,Ashburn,5,19,51,1689
70,Ashburn,5,20,37,1700
70,Ashburn,5,21,40,1711
70,Ashburn,5,22,36,1972
70,Ashburn,5,23,20,1803
70,Ashburn,6,0,20,1910
70,Ashburn,6,1,18,1921
70,Ashburn,6,2,10,1932
70,Ashburn,6,3,9,1943
70,Ashburn,6,4,10,1954
70,Ashburn,6,5,9,1965
70,Ashburn,6,6,29,1726
70,Ashburn,6,7,45,1557
70,Ashburn,6,8,41,1568
70,Ashburn,6,9,44,1579
70,Ashburn,6,10,27,1590
70,Ashburn,6,11,36,1601
70,Ashburn,6,12,38,1612
70,Ashburn,6,13,35,1623
70,Ashburn,6,14,30,1634
70,Ashburn,6,15,27,1645
70,Ashburn,6,16,54,1656
70,Ashburn,6,17,57,1667
70,Ashburn,6,18,52,1678
70,Ashburn,6,19,56,1689
70,Ashburn,6,20,34,1700
70,Ashburn,6,21,37,1711
70,Ashburn,6,22,33,1972
70,Ashburn,6,23,19,1803
71,Auburn Gresham,0,0,20,1827
71,Auburn Gresham,0,1,22,1838
71,Auburn Gresham,0,2,10,1849
71,Auburn Gresham,0,3,11,1860
71,Auburn Gresham,0,4,10,1871
71,Auburn Gresham,0,5,10,1702
71,Auburn Gresham,0,6,29,1463
71,Auburn Gresham,0,7,45,1474
71,Auburn Gresham,0,8,48,1485
71,Auburn Gresham,0,9,44,1496
71,Auburn Gresham,0,10,32,1507
71,Auburn Gresham,0,11,36,1518
71,Auburn Gresham,0,12,38,1529
71,Auburn Gresham,0,13,41,1540
71,Auburn Gresham,0,14,30,1551
71,Auburn Gresham,0,15,32,1562
71,Auburn Gresham,0,16,53,1573
71,Auburn Gresham,0,17,57,1584
71,Auburn Gresham,0,18,61,1595
71,Auburn Gresham,0,19,55,1606
71,Auburn Gresham,0,20,40,1617
71,Auburn Gresham,0,21,36,1628
71,Auburn Gresham,0,22,39,1709
71,Auburn Gresham,0,23,18,1720
71,Auburn Gresham,1,0,20,1827
71,Auburn Gresham,1,1,22,1838
71,Auburn Gresham,1,2,10,1849
71,Auburn Gresham,1,3,11,1860
71,Auburn Gresham,1,4,12,1871
71,Auburn Gresham,1,5,11,1702
71,Auburn Gresham,1,6,34,1463
71,Auburn Gresham,1,7,46,1474
71,Auburn Gresham,1,8,49,1485
71,Auburn Gresham,1,9,44,1496
71,Auburn Gresham,1,10,32,1507
71,Auburn Gresham,1,11,43,1518
71,Auburn Gresham,1,12,39,1529
71,Auburn Gresham,1,13,42,1540
71,Auburn Gresham,1,14,30,1551
71,Auburn Gresham,1,15,33,1562
71,Auburn Gresham,1,16,64,1573
71,Auburn Gresham,1,17,58,1584
71,Auburn Gresham,1,18,62,1595
71,Auburn Gresham,1,19,56,1606
71,Auburn Gresham,1,20,41,1617
71,Auburn Gresham,1,21,44,1628
71,Auburn Gresham,1,22,40,1709
71,Auburn Gresham,1,23,22,1720
71,Auburn Gresham,2,0,20,1827
71,Auburn Gresham,2,1,21,1838
71,Auburn Gresham,2,2,12,1849
71,Auburn Gresham,2,3,10,1860
71,Auburn Gresham,2,4,11,1871
71,Auburn Gresham,2,5,10,1702
71,Auburn Gresham,2,6,33,1463
71,Auburn Gresham,2,7,52,1474
71,Auburn Gresham,2,8,47,1485
71,Auburn Gresham,2,9,50,1496
71,Auburn Gresham,2,10,31,1507
71,Auburn Gresham,2,11,41,1518
71,Auburn Gresham,2,12,37,1529
71,Auburn Gresham,2,13,40,1540
71,Auburn Gresham,2,14,35,1551
71,Auburn Gresham,2,15,31,1562
71,Auburn Gresham,2,16,61,1573
71,Auburn Gresham,2,17,55,1584
71,Auburn Gresham,2,18,60,1595
71,Auburn Gresham,2,19,64,1606
71,Auburn Gresham,2,20,39,1617
71,Auburn Gresham,2,21,42,1628
71,Auburn Gresham,2,22,38,1709
71,Auburn Gresham,2,23,21,1720
71,Auburn Gresham,3,0,22,1827
71,Auburn Gresham,3,1,20,1838
71,Auburn Gresham,3,2,11,1849
71,Auburn Gresham,3,3,10,1860
71,Auburn Gresham,3,4,11,1871
71,Auburn Gresham,3,5,12,1702
71,Auburn Gresham,3,6,32,1463
71,Auburn Gresham,3,7,50,1474
71,Auburn Gresham,3,8,45,1485
71,Auburn Gresham,3,9,48,1496
71,Auburn Gresham,3,10,35,1507
71,Auburn Gresham,3,11,40,1518
71,Auburn Gresham,3,12,42,1529
71,Auburn Gresham,3,13,38,1540
71,Auburn Gresham,3,14,33,1551
71,Auburn Gresham,3,15,30,1562
71,Auburn Gresham,3,16,59,1573
71,Auburn Gresham,3,17,63,1584
71,Auburn Gresham,3,18,57,1595
71,Auburn Gresham,3,19,61,1606
71,Auburn Gresham,3,20,37,1617
71,Auburn Gresham,3,21,40,1628
71,Auburn Gresham,3,22,43,1709
71,Auburn Gresham,3,23,20,1720
71,Auburn Gresham,4,0,22,1827
71,Auburn Gresham,4,1,19,1838
71,Auburn Gresham,4,2,11,1849
71,Auburn Gresham,4,3,11,1860
71,Auburn Gresham,4,4,10,1871
71,Auburn Gresham,4,5,11,1702
71,Auburn Gresham,4,6,30,1463
71,Auburn Gresham,4,7,48,1474
71,Auburn Gresham,4,8,51,1485
71,Auburn Gresham,4,9,47,1496
71,Auburn Gresham,4,10,34,1507
71,Auburn Gresham,4,11,38,1518
71,Auburn Gresham,4,12,41,1529
71,Auburn Gresham,4,13,44,1540
71,Auburn Gresham,4,14,32,1551
71,Auburn Gresham,4,15,34,1562
71,Auburn Gresham,4,16,57,1573
71,Auburn Gresham,4,17,61,1584
71,Auburn Gresham,4,18,55,1595
71,Auburn Gresham,4,19,59,1606
71,Auburn Gresham,4,20,43,1617
71,Auburn Gresham,4,21,39,1628
71,Auburn Gresham,4,22,42,1709
71,Auburn Gresham,4,23,20,1720
71,Auburn Gresham,5,0,21,1927
71,Auburn Gresham,5,1,22,1938
71,Auburn Gresham,5,2,10,1949
71,Auburn Gresham,5,3,11,1960
71,Auburn Gresham,5,4,10,1971
71,Auburn Gresham,5,5,11,1802
71,Auburn Gresham,5,6,35,1563
71,Auburn Gresham,5,7,46,1574
71,Auburn Gresham,5,8,49,1585
71,Auburn Gresham,5,9,45,1596
71,Auburn Gresham,5,10,33,1607
71,Auburn Gresham,5,11,43,1618
71,Auburn Gresham,5,12,39,1629
71,Auburn Gresham,5,13,42,1640
71,Auburn Gresham,5,14,31,1651
71,Auburn Gresham,5,15,33,1662
71,Auburn Gresham,5,16,64,1673
71,Auburn Gresham,5,17,58,1684
71,Auburn Gresham,5,18,62,1695
71,Auburn Gresham,5,19,57,1706
71,Auburn Gresham,5,20,41,1717
71,Auburn Gresham,5,21,37,1728
71,Auburn Gresham,5,22,40,1809
71,Auburn Gresham,5,23,22,1820
71,Auburn Gresham,6,0,19,1927
71,Auburn Gresham,6,1,20,1938
71,Auburn Gresham,6,2,11,1949
71,Auburn Gresham,6,3,10,1960
71,Auburn Gresham,6,4,11,1971
71,Auburn Gresham,6,5,10,1802
71,Auburn Gresham,6,6,32,1563
71,Auburn Gresham,6,7,42,1574
71,Auburn Gresham,6,8,45,1585
71,Auburn Gresham,6,9,48,1596
71,Auburn Gresham,6,10,30,1607
71,Auburn Gresham,6,11,39,1618
71,Auburn Gresham,6,12,36,1629
71,Auburn Gresham,6,13,38,1640
71,Auburn Gresham,6,14,33,1651
71,Auburn Gresham,6,15,30,1662
71,Auburn Gresham,6,16,59,1673
71,Auburn Gresham,6,17,53,1684
71,Auburn Gresham,6,18,57,1695
71,Auburn Gresham,6,19,61,1706
71,Auburn Gresham,6,20,38,1717
71,Auburn Gresham,6,21,40,1728
71,Auburn Gresham,6,22,36,1809
71,Auburn Gresham,6,23,20,1820
72,Beverly,0,0,18,1844
72,Beverly,0,1,17,1855
72,Beverly,0,2,9,1866
72,Beverly,0,3,10,1877
72,Beverly,0,4,9,1708
72,Beverly,0,5,9,1719
72,Beverly,0,6,26,1480
72,Beverly,0,7,41,1491
72,Beverly,0,8,37,1502
72,Beverly,0,9,40,1513
72,Beverly,0,10,29,1524
72,Beverly,0,11,32,1535
72,Beverly,0,12,35,1546
72,Beverly,0,13,31,1557
72,Beverly,0,14,27,1568
72,Beverly,0,15,29,1579
72,Beverly,0,16,48,1590
72,Beverly,0,17,51,1601
72,Beverly,0,18,47,1612
72,Beverly,0,19,50,1623
72,Beverly,0,20,36,1454
72,Beverly,0,21,33,1465
72,Beverly,0,22,35,1726
72,Beverly,0,23,17,1737
72,Beverly,1,0,18,1844
72,Beverly,1,1,20,1855
72,Beverly,1,2,9,1866
72,Beverly,1,3,10,1877
72,Beverly,1,4,9,1708
72,Beverly,1,5,10,1719
72,Beverly,1,6,31,1480
72,Beverly,1,7,41,1491
72,Beverly,1,8,44,1502
72,Beverly,1,9,40,1513
72,Beverly,1,10,29,1524
72,Beverly,1,11,32,1535
72,Beverly,1,12,35,1546
72,Beverly,1,13,37,1557
72,Beverly,1,14,27,1568
72,Beverly,1,15,29,1579
72,Beverly,1,16,48,1590
72,Beverly,1,17,52,1601
72,Beverly,1,18,56,1612
72,Beverly,1,19,51,1623
72,Beverly,1,20,37,1454
72,Beverly,1,21,33,1465
72,Beverly,1,22,36,1726
72,Beverly,1,23,20,1737
72,Beverly,2,0,18,1844
72,Beverly,2,1,19,1855
72,Beverly,2,2,9,1866
72,Beverly,2,3,9,1877
72,Beverly,2,4,10,1708
72,Beverly,2,5,9,1719
72,Beverly,2,6,30,1480
72,Beverly,2,7,39,1491
72,Beverly,2,8,42,1502
72,Beverly,2,9,45,1513
72,Beverly,2,10,28,1524
72,Beverly,2,11,37,1535
72,Beverly,2,12,34,1546
72,Beverly,2,13,36,1557
72,Beverly,2,14,26,1568
72,Beverly,2,15,28,1579
72,Beverly,2,16,55,1590
72,Beverly,2,17,50,1601
72,Beverly,2,18,54,1612
72,Beverly,2,19,48,1623
72,Beverly,2,20,35,1454
72,Beverly,2,21,38,1465
72,Beverly,2,22,34,1726
72,Beverly,2,23,19,1737
72,Beverly,3,0,17,1844
72,Beverly,3,1,18,1855
72,Beverly,3,2,10,1866
72,Beverly,3,3,9,1877
72,Beverly,3,4,10,1708
72,Beverly,3,5,9,1719
72,Beverly,3,6,29,1480
72,Beverly,3,7,45,1491
72,Beverly,3,8,41,1502
72,Beverly,3,9,44,1513
72,Beverly,3,10,27,1524
72,Beverly,3,11,36,1535
72,Beverly,3,12,38,1546
72,Beverly,3,13,35,1557
72,Beverly,3,14,30,1568
72,Beverly,3,15,27,1579
72,Beverly,3,16,53,1590
72,Beverly,3,17,48,1601
72,Beverly,3,18,52,1612
72,Beverly,3,19,55,1623
72,Beverly,3,20,34,1454
72,Beverly,3,21,36,1465
72,Beverly,3,22,33,1726
72,Beverly,3,23,18,1737
72,Beverly,4,0,19,1844
72,Beverly,4,1,18,1855
72,Beverly,4,2,10,1866
72,Beverly,4,3,9,1877
72,Beverly,4,4,9,1708
72,Beverly,4,5,10,1719
72,Beverly,4,6,27,1480
72,Beverly,4,7,43,1491
72,Beverly,4,8,39,1502
72,Beverly,4,9,42,1513
72,Beverly,4,10,31,1524
72,Beverly,4,11,34,1535
72,Beverly,4,12,37,1546
72,Beverly,4,13,33,1557
72,Beverly,4,14,29,1568
72,Beverly,4,15,31,1579
72,Beverly,4,16,51,1590
72,Beverly,4,17,55,1601
72,Beverly,4,18,49,1612
72,Beverly,4,19,53,1623
72,Beverly,4,20,32,1454
72,Beverly,4,21,35,1465
72,Beverly,4,22,37,1726
72,Beverly,4,23,18,1737
72,Beverly,5,0,19,1944
72,Beverly,5,1,20,1955
72,Beverly,5,2,9,1966
72,Beverly,5,3,10,1977
72,Beverly,5,4,9,1808
72,Beverly,5,5,10,1819
72,Beverly,5,6,26,1580
72,Beverly,5,7,42,1591
72,Beverly,5,8,45,1602
72,Beverly,5,9,40,1613
72,Beverly,5,10,29,1624
72,Beverly,5,11,33,1635
72,Beverly,5,12,35,1646
72,Beverly,5,13,38,1657
72,Beverly,5,14,28,1668
72,Beverly,5,15,30,1679
72,Beverly,5,16,49,1690
72,Beverly,5,17,53,1701
72,Beverly,5,18,56,1712
72,Beverly,5,19,51,1723
72,Beverly,5,20,37,1554
72,Beverly,5,21,34,1565
72,Beverly,5,22,36,1826
72,Beverly,5,23,17,1837
72,Beverly,6,0,17,1944
72,Beverly,6,1,18,1955
72,Beverly,6,2,8,1966
72,Beverly,6,3,9,1977
72,Beverly,6,4,10,1808
72,Beverly,6,5,9,1819
72,Beverly,6,6,28,1580
72,Beverly,6,7,38,1591
72,Beverly,6,8,41,1602
72,Beverly,6,9,37,1613
72,Beverly,6,10,27,1624
72,Beverly,6,11,36,1635
72,Beverly,6,12,32,1646
72,Beverly,6,13,35,1657
72,Beverly,6,14,25,1668
72,Beverly,6,15,27,1679
72,Beverly,6,16,53,1690
72,Beverly,6,17,48,1701
72,Beverly,6,18,51,1712
72,Beverly,6,19,47,1723
72,Beverly,6,20,34,1554
72,Beverly,6,21,36,1565
72,Beverly,6,22,33,1826
72,Beverly,6,23,18,1837
73,Washington Heights,0,0,17,1861
73,Washington Heights,0,1,16,1872
73,Washington Heights,0,2,9,1703
73,Washington Heights,0,3,8,1714
73,Washington Heights,0,4,8,1725
73,Washington Heights,0,5,9,1736
73,Washington Heights,0,6,25,1497
73,Washington Heights,0,7,39,1508
73,Washington Heights,0,8,35,1519
73,Washington Heights,0,9,38,1530
73,Washington Heights,0,10,23,1541
73,Washington Heights,0,11,31,1552
73,Washington Heights,0,12,33,1563
73,Washington Heights,0,13,30,1574
73,Washington Heights,0,14,26,1585
73,Washington Heights,0,15,23,1596
73,Washington Heights,0,16,46,1607
73,Washington Heights,0,17,49,1618
73,Washington Heights,0,18,45,1629
73,Washington Heights,0,19,48,1460
73,Washington Heights,0,20,29,1471
73,Washington Heights,0,21,31,1482
73,Washington Heights,0,22,34,1743
73,Washington Heights,0,23,16,1754
73,Washington Heights,1,0,18,1861
73,Washington Heights,1,1,16,1872
73,Washington Heights,1,2,9,1703
73,Washington Heights,1,3,9,1714
73,Washington Heights,1,4,8,1725
73,Washington Heights,1,5,9,1736
73,Washington Heights,1,6,25,1497
73,Washington Heights,1,7,39,1508
73,Washington Heights,1,8,42,1519
73,Washington Heights,1,9,38,1530
73,Washington Heights,1,10,28,1541
73,Washington Heights,1,11,31,1552
73,Washington Heights,1,12,33,1563
73,Washington Heights,1,13,30,1574
73,Washington Heights,1,14,26,1585
73,Washington Heights,1,15,28,1596
73,Washington Heights,1,16,46,1607
73,Washington Heights,1,17,50,1618
73,Washington Heights,1,18,45,1629
73,Washington Heights,1,19,48,1460
73,Washington Heights,1,20,35,1471
73,Washington Heights,1,21,32,1482
73,Washington Heights,1,22,34,1743
73,Washington Heights,1,23,16,1754
73,Washington Heights,2,0,17,1861
73,Washington Heights,2,1,18,1872
73,Washington Heights,2,2,8,1703
73,Washington Heights,2,3,9,1714
73,Washington Heights,2,4,8,1725
73,Washington Heights,2,5,9,1736
73,Washington Heights,2,6,28,1497
73,Washington Heights,2,7,38,1508
73,Washington Heights,2,8,41,1519
73,Washington Heights,2,9,37,1530
73,Washington Heights,2,10,27,1541
73,Washington Heights,2,11,35,1552
73,Washington Heights,2,12,32,1563
73,Washington Heights,2,13,34,1574
73,Washington Heights,2,14,25,1585
73,Washington Heights,2,15,27,1596
73,Washington Heights,2,16,44,1607
73,Washington Heights,2,17,48,1618
73,Washington Heights,2,18,51,1629
73,Washington Heights,2,19,46,1460
73,Washington Heights,2,20,34,1471
73,Washington Heights,2,21,30,1482
73,Washington Heights,2,22,33,1743
73,Washington Heights,2,23,18,1754
73,Washington Heights,3,0,16,1861
73,Washington Heights,3,1,18,1872
73,Washington Heights,3,2,8,1703
73,Washington Heights,3,3,9,1714
73,Washington Heights,3,4,9,1725
73,Washington Heights,3,5,8,1736
73,Washington Heights,3,6,27,1497
73,Washington Heights,3,7,36,1508
73,Washington Heights,3,8,39,1519
73,Washington Heights,3,9,42,1530
73,Washington Heights,3,10,26,1541
73,Washington Heights,3,11,34,1552
73,Washington Heights,3,12,31,1563
73,Washington Heights,3,13,33,1574
73,Washington Heights,3,14,29,1585
73,Washington Heights,3,15,26,1596
73,Washington Heights,3,16,51,1607
73,Washington Heights,3,17,46,1618
73,Washington Heights,3,18,49,1629
73,Washington Heights,3,19,44,1460
73,Washington Heights,3,20,32,1471
73,Washington Heights,3,21,35,1482
73,Washington Heights,3,22,31,1743
73,Washington Heights,3,23,18,1754
73,Washington Heights,4,0,19,1861
73,Washington Heights,4,1,17,1872
73,Washington Heights,4,2,9,1703
73,Washington Heights,4,3,8,1714
73,Washington Heights,4,4,9,1725
73,Washington Heights,4,5,8,1736
73,Washington Heights,4,6,26,1497
73,Washington Heights,4,7,41,1508
73,Washington Heights,4,8,37,1519
73,Washington Heights,4,9,40,1530
73,Washington Heights,4,10,25,1541
73,Washington Heights,4,11,33,1552
73,Washington Heights,4,12,35,1563
73,Washington Heights,4,13,32,1574
73,Washington Heights,4,14,28,1585
73,Washington Heights,4,15,25,1596
73,Washington Heights,4,16,49,1607
73,Washington Heights,4,17,52,1618
73,Washington Heights,4,18,47,1629
73,Washington Heights,4,19,51,1460
73,Washington Heights,4,20,31,1471
73,Washington Heights,4,21,33,1482
73,Washington Heights,4,22,30,1743
73,Washington Heights,4,23,17,1754
73,Washington Heights,5,0,18,1961
73,Washington Heights,5,1,16,1972
73,Washington Heights,5,2,9,1803
73,Washington Heights,5,3,9,1814
73,Washington Heights,5,4,9,1825
73,Washington Heights,5,5,9,1836
73,Washington Heights,5,6,25,1597
73,Washington Heights,5,7,40,1608
73,Washington Heights,5,8,36,1619
73,Washington Heights,5,9,39,1630
73,Washington Heights,5,10,28,1641
73,Washington Heights,5,11,31,1652
73,Washington Heights,5,12,34,1663
73,Washington Heights,5,13,30,1674
73,Washington Heights,5,14,27,1685
73,Washington Heights,5,15,28,1696
73,Washington Heights,5,16,47,1707
73,Washington Heights,5,17,50,1718
73,Washington Heights,5,18,45,1729
73,Washington Heights,5,19,49,1560
73,Washington Heights,5,20,35,1571
73,Washington Heights,5,21,32,1582
73,Washington Heights,5,22,34,1843
73,Washington Heights,5,23,16,1854
73,Washington Heights,6,0,16,1961
73,Washington Heights,6,1,17,1972
73,Washington Heights,6,2,8,1803
73,Washington Heights,6,3,9,1814
73,Washington Heights,6,4,8,1825
73,Washington Heights,6,5,8,1836
73,Washington Heights,6,6,27,1597
73,Washington Heights,6,7,36,1608
73,Washington Heights,6,8,39,1619
73,Washington Heights,6,9,35,1630
73,Washington Heights,6,10,26,1641
73,Washington Heights,6,11,29,1652
73,Washington Heights,6,12,31,1663
73,Washington Heights,6,13,33,1674
73,Washington Heights,6,14,24,1685
73,Washington Heights,6,15,26,1696
73,Washington Heights,6,16,43,1707
73,Washington Heights,6,17,46,1718
73,Washington Heights,6,18,49,1729
73,Washington Heights,6,19,45,1560
73,Washington Heights,6,20,32,1571
73,Washington Heights,6,21,29,1582
73,Washington Heights,6,22,31,1843
73,Washington Heights,6,23,18,1854
74,Mount Greenwood,0,0,12,1878
74,Mount Greenwood,0,1,13,1709
74,Mount Greenwood,0,2,7,1720
74,Mount Greenwood,0,3,6,1731
74,Mount Greenwood,0,4,7,1742
74,Mount Greenwood,0,5,6,1753
74,Mount Greenwood,0,6,20,1514
74,Mount Greenwood,0,7,31,1525
74,Mount Greenwood,0,8,28,1536
74,Mount Greenwood,0,9,30,1547
74,Mount Greenwood,0,10,18,1558
74,Mount Greenwood,0,11,24,1569
74,Mount Greenwood,0,12,22,1580
74,Mount Greenwood,0,13,24,1591
74,Mount Greenwood,0,14,21,1602
74,Mount Greenwood,0,15,19,1613
74,Mount Greenwood,0,16,36,1624
74,Mount Greenwood,0,17,33,1455
74,Mount Greenwood,0,18,35,1466
74,Mount Greenwood,0,19,38,1477
74,Mount Greenwood,0,20,23,1488
74,Mount Greenwood,0,21,25,1499
74,Mount Greenwood,0,22,23,1760
74,Mount Greenwood,0,23,13,1771
74,Mount Greenwood,1,0,14,1878
74,Mount Greenwood,1,1,13,1709
74,Mount Greenwood,1,2,7,1720
74,Mount Greenwood,1,3,6,1731
74,Mount Greenwood,1,4,7,1742
74,Mount Greenwood,1,5,7,1753
74,Mount Greenwood,1,6,20,1514
74,Mount Greenwood,1,7,31,1525
74,Mount Greenwood,1,8,28,1536
74,Mount Greenwood,1,9,30,1547
74,Mount Greenwood,1,10,22,1558
74,Mount Greenwood,1,11,25,1569
74,Mount Greenwood,1,12,26,1580
74,Mount Greenwood,1,13,24,1591
74,Mount Greenwood,1,14,21,1602
74,Mount Greenwood,1,15,19,1613
74,Mount Greenwood,1,16,37,1624
74,Mount Greenwood,1,17,39,1455
74,Mount Greenwood,1,18,36,1466
74,Mount Greenwood,1,19,38,1477
74,Mount Greenwood,1,20,23,1488
74,Mount Greenwood,1,21,25,1499
74,Mount Greenwood,1,22,27,1760
74,Mount Greenwood,1,23,13,1771
74,Mount Greenwood,2,0,13,1878
74,Mount Greenwood,2,1,12,1709
74,Mount Greenwood,2,2,7,1720
74,Mount Greenwood,2,3,7,1731
74,Mount Greenwood,2,4,6,1742
74,Mount Greenwood,2,5,7,1753
74,Mount Greenwood,2,6,19,1514
74,Mount Greenwood,2,7,30,1525
74,Mount Greenwood,2,8,32,1536
74,Mount Greenwood,2,9,29,1547
74,Mount Greenwood,2,10,21,1558
74,Mount Greenwood,2,11,24,1569
74,Mount Greenwood,2,12,25,1580
74,Mount Greenwood,2,13,27,1591
74,Mount Greenwood,2,14,20,1602
74,Mount Greenwood,2,15,21,1613
74,Mount Greenwood,2,16,35,1624
74,Mount Greenwood,2,17,38,1455
74,Mount Greenwood,2,18,34,1466
74,Mount Greenwood,2,19,37,1477
74,Mount Greenwood,2,20,27,1488
74,Mount Greenwood,2,21,24,1499
74,Mount Greenwood,2,22,26,1760
74,Mount Greenwood,2,23,12,1771
74,Mount Greenwood,3,0,13,1878
74,Mount Greenwood,3,1,14,1709
74,Mount Greenwood,3,2,6,1720
74,Mount Greenwood,3,3,7,1731
74,Mount Greenwood,3,4,6,1742
74,Mount Greenwood,3,5,7,1753
74,Mount Greenwood,3,6,22,1514
74,Mount Greenwood,3,7,29,1525
74,Mount Greenwood,3,8,31,1536
74,Mount Greenwood,3,9,28,1547
74,Mount Greenwood,3,10,20,1558
74,Mount Greenwood,3,11,27,1569
74,Mount Greenwood,3,12,24,1580
74,Mount Greenwood,3,13,26,1591
74,Mount Greenwood,3,14,19,1602
74,Mount Greenwood,3,15,21,1613
74,Mount Greenwood,3,16,40,1624
74,Mount Greenwood,3,17,36,1455
74,Mount Greenwood,3,18,39,1466
74,Mount Greenwood,3,19,35,1477
74,Mount Greenwood,3,20,26,1488
74,Mount Greenwood,3,21,23,1499
74,Mount Greenwood,3,22,25,1760
74,Mount Greenwood,3,23,14,1771
74,Mount Greenwood,4,0,12,1878
74,Mount Greenwood,4,1,13,1709
74,Mount Greenwood,4,2,7,1720
74,Mount Greenwood,4,3,7,1731
74,Mount Greenwood,4,4,7,1742
74,Mount Greenwood,4,5,6,1753
74,Mount Greenwood,4,6,21,1514
74,Mount Greenwood,4,7,28,1525
74,Mount Greenwood,4,8,30,1536
74,Mount Greenwood,4,9,32,1547
74,Mount Greenwood,4,10,20,1558
74,Mount Greenwood,4,11,26,1569
74,Mount Greenwood,4,12,23,1580
74,Mount Greenwood,4,13,25,1591
74,Mount Greenwood,4,14,22,1602
74,Mount Greenwood,4,15,20,1613
74,Mount Greenwood,4,16,39,1624
74,Mount Greenwood,4,17,35,1455
74,Mount Greenwood,4,18,38,1466
74,Mount Greenwood,4,19,40,1477
74,Mount Greenwood,4,20,25,1488
74,Mount Greenwood,4,21,26,1499
74,Mount Greenwood,4,22,24,1760
74,Mount Greenwood,4,23,13,1771
74,Mount Greenwood,5,0,14,1978
74,Mount Greenwood,5,1,13,1809
74,Mount Greenwood,5,2,7,1820
74,Mount Greenwood,5,3,6,1831
74,Mount Greenwood,5,4,7,1842
74,Mount Greenwood,5,5,7,1853
74,Mount Greenwood,5,6,20,1614
74,Mount Greenwood,5,7,32,1625
74,Mount Greenwood,5,8,29,1636
74,Mount Greenwood,5,9,31,1647
74,Mount Greenwood,5,10,19,1658
74,Mount Greenwood,5,11,25,1669
74,Mount Greenwood,5,12,27,1680
74,Mount Greenwood,5,13,24,1691
74,Mount Greenwood,5,14,21,1702
74,Mount Greenwood,5,15,19,1713
74,Mount Greenwood,5,16,37,1724
74,Mount Greenwood,5,17,40,1555
74,Mount Greenwood,5,18,36,1566
74,Mount Greenwood,5,19,39,1577
74,Mount Greenwood,5,20,24,1588
74,Mount Greenwood,5,21,25,1599
74,Mount Greenwood,5,22,27,1860
74,Mount Greenwood,5,23,13,1871
74,Mount Greenwood,6,0,13,1978
74,Mount Greenwood,6,1,12,1809
74,Mount Greenwood,6,2,6,1820
74,Mount Greenwood,6,3,7,1831
74,Mount Greenwood,6,4,6,1842
74,Mount Greenwood,6,5,7,1853
74,Mount Greenwood,6,6,18,1614
74,Mount Greenwood,6,7,29,1625
74,Mount Greenwood,6,8,31,1636
74,Mount Greenwood,6,9,28,1647
74,Mount Greenwood,6,10,20,1658
74,Mount Greenwood,6,11,23,1669
74,Mount Greenwood,6,12,24,1680
74,Mount Greenwood,6,13,22,1691
74,Mount Greenwood,6,14,19,1702
74,Mount Greenwood,6,15,21,1713
74,Mount Greenwood,6,16,34,1724
74,Mount Greenwood,6,17,36,1555
74,Mount Greenwood,6,18,33,1566
74,Mount Greenwood,6,19,35,1577
74,Mount Greenwood,6,20,26,1588
74,Mount Greenwood,6,21,23,1599
74,Mount Greenwood,6,22,25,1860
74,Mount Greenwood,6,23,12,1871
75,Morgan Park,0,0,14,1715
75,Morgan Park,0,1,15,1726
75,Morgan Park,0,2,7,1737
75,Morgan Park,0,3,8,1748
75,Morgan Park,0,4,8,1759
75,Morgan Park,0,5,7,1770
75,Morgan Park,0,6,24,1531
75,Morgan Park,0,7,32,1542
75,Morgan Park,0,8,35,1553
75,Morgan Park,0,9,37,1564
75,Morgan Park,0,10,23,1575
75,Morgan Park,0,11,30,1586
75,Morgan Park,0,12,27,1597
75,Morgan Park,0,13,29,1608
75,Morgan Park,0,14,21,1619
75,Morgan Park,0,15,23,1450
75,Morgan Park,0,16,45,1461
75,Morgan Park,0,17,41,1472
75,Morgan Park,0,18,44,1483
75,Morgan Park,0,19,39,1494
75,Morgan Park,0,20,29,1505
75,Morgan Park,0,21,31,1516
75,Morgan Park,0,22,28,1777
75,Morgan Park,0,23,16,1788
75,Morgan Park,1,0,15,1715
75,Morgan Park,1,1,16,1726
75,Morgan Park,1,2,9,1737
75,Morgan Park,1,3,8,1748
75,Morgan Park,1,4,8,1759
75,Morgan Park,1,5,7,1770
75,Morgan Park,1,6,24,1531
75,Morgan Park,1,7,39,1542
75,Morgan Park,1,8,35,1553
75,Morgan Park,1,9,37,1564
75,Morgan Park,1,10,23,1575
75,Morgan Park,1,11,31,1586
75,Morgan Park,1,12,33,1597
75,Morgan Park,1,13,30,1608
75,Morgan Park,1,14,26,1619
75,Morgan Park,1,15,23,1450
75,Morgan Park,1,16,46,1461
75,Morgan Park,1,17,41,1472
75,Morgan Park,1,18,44,1483
75,Morgan Park,1,19,47,1494
75,Morgan Park,1,20,29,1505
75,Morgan Park,1,21,31,1516
75,Morgan Park,1,22,28,1777
75,Morgan Park,1,23,16,1788
75,Morgan Park,2,0,17,1715
75,Morgan Park,2,1,15,1726
75,Morgan Park,2,2,8,1737
75,Morgan Park,2,3,7,1748
75,Morgan Park,2,4,8,1759
75,Morgan Park,2,5,9,1770
75,Morgan Park,2,6,24,1531
75,Morgan Park,2,7,37,1542
75,Morgan Park,2,8,33,1553
75,Morgan Park,2,9,36,1564
75,Morgan Park,2,10,26,1575
75,Morgan Park,2,11,29,1586
75,Morgan Park,2,12,31,1597
75,Morgan Park,2,13,28,1608
75,Morgan Park,2,14,25,1619
75,Morgan Park,2,15,26,1450
75,Morgan Park,2,16,44,1461
75,Morgan Park,2,17,47,1472
75,Morgan Park,2,18,42,1483
75,Morgan Park,2,19,46,1494
75,Morgan Park,2,20,28,1505
75,Morgan Park,2,21,30,1516
75,Morgan Park,2,22,32,1777
75,Morgan Park,2,23,15,1788
75,Morgan Park,3,0,16,1715
75,Morgan Park,3,1,17,1726
75,Morgan Park,3,2,8,1737
75,Morgan Park,3,3,8,1748
75,Morgan Park,3,4,8,1759
75,Morgan Park,3,5,8,1770
75,Morgan Park,3,6,23,1531
75,Morgan Park,3,7,36,1542
75,Morgan Park,3,8,38,1553
75,Morgan Park,3,9,35,1564
75,Morgan Park,3,10,25,1575
75,Morgan Park,3,11,28,1586
75,Morgan Park,3,12,30,1597
75,Morgan Park,3,13,32,1608
75,Morgan Park,3,14,24,1619
75,Morgan Park,3,15,25,1450
75,Morgan Park,3,16,42,1461
75,Morgan Park,3,17,45,1472
75,Morgan Park,3,18,48,1483
75,Morgan Park,3,19,44,1494
75,Morgan Park,3,20,32,1505
75,Morgan Park,3,21,29,1516
75,Morgan Park,3,22,31,1777
75,Morgan Park,3,23,15,1788
75,Morgan Park,4,0,15,1715
75,Morgan Park,4,1,16,1726
75,Morgan Park,4,2,8,1737
75,Morgan Park,4,3,8,1748
75,Morgan Park,4,4,9,1759
75,Morgan Park,4,5,8,1770
75,Morgan Park,4,6,26,1531
75,Morgan Park,4,7,34,1542
75,Morgan Park,4,8,37,1553
75,Morgan Park,4,9,33,1564
75,Morgan Park,4,10,24,1575
75,Morgan Park,4,11,32,1586
75,Morgan Park,4,12,29,1597
75,Morgan Park,4,13,31,1608
75,Morgan Park,4,14,23,1619
75,Morgan Park,4,15,24,1450
75,Morgan Park,4,16,48,1461
75,Morgan Park,4,17,43,1472
75,Morgan Park,4,18,46,1483
75,Morgan Park,4,19,42,1494
75,Morgan Park,4,20,31,1505
75,Morgan Park,4,21,33,1516
75,Morgan Park,4,22,30,1777
75,Morgan Park,4,23,17,1788
75,Morgan Park,5,0,15,1815
75,Morgan Park,5,1,16,1826
75,Morgan Park,5,2,9,1837
75,Morgan Park,5,3,8,1848
75,Morgan Park,5,4,8,1859
75,Morgan Park,5,5,8,1870
75,Morgan Park,5,6,25,1631
75,Morgan Park,5,7,39,1642
75,Morgan Park,5,8,35,1653
75,Morgan Park,5,9,38,1664
75,Morgan Park,5,10,23,1675
75,Morgan Park,5,11,31,1686
75,Morgan Park,5,12,28,1697
75,Morgan Park,5,13,30,1708
75,Morgan Park,5,14,26,1719
75,Morgan Park,5,15,24,1550
75,Morgan Park,5,16,46,1561
75,Morgan Park,5,17,42,1572
75,Morgan Park,5,18,45,1583
75,Morgan Park,5,19,48,1594
75,Morgan Park,5,20,29,1605
75,Morgan Park,5,21,31,1616
75,Morgan Park,5,22,28,1877
75,Morgan Park,5,23,16,1888
75,Morgan Park,6,0,16,1815
75,Morgan Park,6,1,14,1826
75,Morgan Park,6,2,8,1837
75,Morgan Park,6,3,7,1848
75,Morgan Park,6,4,8,1859
75,Morgan Park,6,5,8,1870
75,Morgan Park,6,6,23,1631
75,Morgan Park,6,7,36,1642
75,Morgan Park,6,8,32,1653
75,Morgan Park,6,9,35,1664
75,Morgan Park,6,10,25,1675
75,Morgan Park,6,11,28,1686
75,Morgan Park,6,12,30,1697
75,Morgan Park,6,13,27,1708
75,Morgan Park,6,14,24,1719
75,Morgan Park,6,15,21,1550
75,Morgan Park,6,16,42,1561
75,Morgan Park,6,17,45,1572
75,Morgan Park,6,18,41,1583
75,Morgan Park,6,19,44,1594
75,Morgan Park,6,20,27,1605
75,Morgan Park,6,21,29,1616
75,Morgan Park,6,22,31,1877
75,Morgan Park,6,23,15,1888
76,O'Hare,0,0,67,3082
76,O'Hare,0,1,72,3093
76,O'Hare,0,2,65,3104
76,O'Hare,0,3,70,3115
76,O'Hare,0,4,63,3126
76,O'Hare,0,5,166,3137
76,O'Hare,0,6,178,2898
76,O'Hare,0,7,161,2909
76,O'Hare,0,8,173,2920
76,O'Hare,0,9,156,2931
76,O'Hare,0,10,118,2942
76,O'Hare,0,11,126,2953
76,O'Hare,0,12,115,2964
76,O'Hare,0,13,123,2975
76,O'Hare,0,14,111,2806
76,O'Hare,0,15,151,2817
76,O'Hare,0,16,136,2828
76,O'Hare,0,17,146,2839
76,O'Hare,0,18,157,2850
76,O'Hare,0,19,142,2861
76,O'Hare,0,20,152,2872
76,O'Hare,0,21,109,2883
76,O'Hare,0,22,117,3144
76,O'Hare,0,23,125,3155
76,O'Hare,1,0,68,3082
76,O'Hare,1,1,73,3093
76,O'Hare,1,2,66,3104
76,O'Hare,1,3,71,3115
76,O'Hare,1,4,76,3126
76,O'Hare,1,5,168,3137
76,O'Hare,1,6,180,2898
76,O'Hare,1,7,163,2909
76,O'Hare,1,8,175,2920
76,O'Hare,1,9,187,2931
76,O'Hare,1,10,119,2942
76,O'Hare,1,11,128,2953
76,O'Hare,1,12,116,2964
76,O'Hare,1,13,124,2975
76,O'Hare,1,14,133,2806
76,O'Hare,1,15,152,2817
76,O'Hare,1,16,163,2828
76,O'Hare,1,17,148,2839
76,O'Hare,1,18,159,2850
76,O'Hare,1,19,143,2861
76,O'Hare,1,20,154,2872
76,O'Hare,1,21,131,2883
76,O'Hare,1,22,118,3144
76,O'Hare,1,23,127,3155
76,O'Hare,2,0,77,3082
76,O'Hare,2,1,70,3093
76,O'Hare,2,2,75,3104
76,O'Hare,2,3,68,3115
76,O'Hare,2,4,73,3126
76,O'Hare,2,5,161,3137
76,O'Hare,2,6,173,2898
76,O'Hare,2,7,185,2909
76,O'Hare,2,8,168,2920
76,O'Hare,2,9,180,2931
76,O'Hare,2,10,115,2942
76,O'Hare,2,11,123,2953
76,O'Hare,2,12,132,2964
76,O'Hare,2,13,119,2975
76,O'Hare,2,14,128,2806
76,O'Hare,2,15,146,2817
76,O'Hare,2,16,157,2828
76,O'Hare,2,17,168,2839
76,O'Hare,2,18,152,2850
76,O'Hare,2,19,163,2861
76,O'Hare,2,20,148,2872
76,O'Hare,2,21,126,2883
76,O'Hare,2,22,113,3144
76,O'Hare,2,23,122,3155
76,O'Hare,3,0,74,3082
76,O'Hare,3,1,67,3093
76,O'Hare,3,2,72,3104
76,O'Hare,3,3,77,3115
76,O'Hare,3,4,70,3126
76,O'Hare,3,5,184,3137
76,O'Hare,3,6,166,2898
76,O'Hare,3,7,178,2909
76,O'Hare,3,8,161,2920
76,O'Hare,3,9,173,2931
76,O'Hare,3,10,131,2942
76,O'Hare,3,11,118,2953
76,O'Hare,3,12,127,2964
76,O'Hare,3,13,115,2975
76,O'Hare,3,14,123,2806
76,O'Hare,3,15,166,2817
76,O'Hare,3,16,151,2828
76,O'Hare,3,17,162,2839
76,O'Hare,3,18,146,2850
76,O'Hare,3,19,157,2861
76,O'Hare,3,20,168,2872
76,O'Hare,3,21,121,2883
76,O'Hare,3,22,129,3144
76,O'Hare,3,23,117,3155
76,O'Hare,4,0,71,3082
76,O'Hare,4,1,76,3093
76,O'Hare,4,2,69,3104
76,O'Hare,4,3,74,3115
76,O'Hare,4,4,67,3126
76,O'Hare,4,5,177,3137
76,O'Hare,4,6,189,2898
76,O'Hare,4,7,171,2909
76,O'Hare,4,8,184,2920
76,O'Hare,4,9,166,2931
76,O'Hare,4,10,126,2942
76,O'Hare,4,11,113,2953
76,O'Hare,4,12,122,2964
76,O'Hare,4,13,131,2975
76,O'Hare,4,14,118,2806
76,O'Hare,4,15,160,2817
76,O'Hare,4,16,145,2828
76,O'Hare,4,17,156,2839
76,O'Hare,4,18,166,2850
76,O'Hare,4,19,151,2861
76,O'Hare,4,20,162,2872
76,O'Hare,4,21,116,2883
76,O'Hare,4,22,124,3144
76,O'Hare,4,23,133,3155
76,O'Hare,5,0,68,3182
76,O'Hare,5,1,73,3193
76,O'Hare,5,2,66,3204
76,O'Hare,5,3,71,3215
76,O'Hare,5,4,76,3226
76,O'Hare,5,5,170,3237
76,O'Hare,5,6,182,2998
76,O'Hare,5,7,164,3009
76,O'Hare,5,8,177,3020
76,O'Hare,5,9,189,3031
76,O'Hare,5,10,121,3042
76,O'Hare,5,11,129,3053
76,O'Hare,5,12,117,3064
76,O'Hare,5,13,126,3075
76,O'Hare,5,14,113,2906
76,O'Hare,5,15,154,2917
76,O'Hare,5,16,165,2928
76,O'Hare,5,17,149,2939
76,O'Hare,5,18,160,2950
76,O'Hare,5,19,145,2961
76,O'Hare,5,20,156,2972
76,O'Hare,5,21,132,2983
76,O'Hare,5,22,119,3244
76,O'Hare,5,23,128,3255
76,O'Hare,6,0,62,3182
76,O'Hare,6,1,67,3193
76,O'Hare,6,2,72,3204
76,O'Hare,6,3,65,3215
76,O'Hare,6,4,70,3226
76,O'Hare,6,5,155,3237
76,O'Hare,6,6,166,2998
76,O'Hare,6,7,178,3009
76,O'Hare,6,8,161,3020
76,O'Hare,6,9,173,3031
76,O'Hare,6,10,110,3042
76,O'Hare,6,11,118,3053
76,O'Hare,6,12,126,3064
76,O'Hare,6,13,115,3075
76,O'Hare,6,14,123,2906
76,O'Hare,6,15,140,2917
76,O'Hare,6,16,151,2928
76,O'Hare,6,17,136,2939
76,O'Hare,6,18,146,2950
76,O'Hare,6,19,157,2961
76,O'Hare,6,20,142,2972
76,O'Hare,6,21,120,2983
76,O'Hare,6,22,109,3244
76,O'Hare,6,23,117,3255
77,Edgewater,0,0,52,1749
77,Edgewater,0,1,47,1760
77,Edgewater,0,2,26,1771
77,Edgewater,0,3,21,1782
77,Edgewater,0,4,19,1793
77,Edgewater,0,5,20,1804
77,Edgewater,0,6,56,1565
77,Edgewater,0,7,88,1576
77,Edgewater,0,8,95,1587
77,Edgewater,0,9,86,1598
77,Edgewater,0,10,62,1609
77,Edgewater,0,11,70,1620
77,Edgewater,0,12,75,1451
77,Edgewater,0,13,80,1462
77,Edgewater,0,14,59,1473
77,Edgewater,0,15,63,1484
77,Edgewater,0,16,104,1495
77,Edgewater,0,17,112,1506
77,Edgewater,0,18,101,1517
77,Edgewater,0,19,108,1528
77,Edgewater,0,20,143,1539
77,Edgewater,0,21,129,1550
77,Edgewater,0,22,139,1811
77,Edgewater,0,23,48,1822
77,Edgewater,1,0,40,1749
77,Edgewater,1,1,43,1760
77,Edgewater,1,2,20,1771
77,Edgewater,1,3,21,1782
77,Edgewater,1,4,19,1793
77,Edgewater,1,5,21,1804
77,Edgewater,1,6,67,1565
77,Edgewater,1,7,89,1576
77,Edgewater,1,8,96,1587
77,Edgewater,1,9,86,1598
77,Edgewater,1,10,63,1609
77,Edgewater,1,11,84,1620
77,Edgewater,1,12,76,1451
77,Edgewater,1,13,81,1462
77,Edgewater,1,14,59,1473
77,Edgewater,1,15,64,1484
77,Edgewater,1,16,125,1495
77,Edgewater,1,17,113,1506
77,Edgewater,1,18,121,1517
77,Edgewater,1,19,110,1528
77,Edgewater,1,20,110,1539
77,Edgewater,1,21,99,1550
77,Edgewater,1,22,107,1811
77,Edgewater,1,23,43,1822
77,Edgewater,2,0,38,1749
77,Edgewater,2,1,41,1760
77,Edgewater,2,2,22,1771
77,Edgewater,2,3,20,1782
77,Edgewater,2,4,22,1793
77,Edgewater,2,5,20,1804
77,Edgewater,2,6,65,1565
77,Edgewater,2,7,86,1576
77,Edgewater,2,8,92,1587
77,Edgewater,2,9,99,1598
77,Edgewater,2,10,61,1609
77,Edgewater,2,11,80,1620
77,Edgewater,2,12,73,1451
77,Edgewater,2,13,78,1462
77,Edgewater,2,14,68,1473
77,Edgewater,2,15,61,1484
77,Edgewater,2,16,120,1495
77,Edgewater,2,17,108,1506
77,Edgewater,2,18,116,1517
77,Edgewater,2,19,125,1528
77,Edgewater,2,20,106,1539
77,Edgewater,2,21,113,1550
77,Edgewater,2,22,102,1811
77,Edgewater,2,23,42,1822
77,Edgewater,3,0,44,1749
77,Edgewater,3,1,40,1760
77,Edgewater,3,2,22,1771
77,Edgewater,3,3,20,1782
77,Edgewater,3,4,21,1793
77,Edgewater,3,5,22,1804
77,Edgewater,3,6,62,1565
77,Edgewater,3,7,98,1576
77,Edgewater,3,8,88,1587
77,Edgewater,3,9,95,1598
77,Edgewater,3,10,58,1609
77,Edgewater,3,11,77,1620
77,Edgewater,3,12,83,1451
77,Edgewater,3,13,75,1462
77,Edgewater,3,14,65,1473
77,Edgewater,3,15,59,1484
77,Edgewater,3,16,115,1495
77,Edgewater,3,17,123,1506
77,Edgewater,3,18,112,1517
77,Edgewater,3,19,120,1528
77,Edgewater,3,20,101,1539
77,Edgewater,3,21,109,1550
77,Edgewater,3,22,117,1811
77,Edgewater,3,23,40,1822
77,Edgewater,4,0,42,1749
77,Edgewater,4,1,38,1760
77,Edgewater,4,2,21,1771
77,Edgewater,4,3,22,1782
77,Edgewater,4,4,20,1793
77,Edgewater,4,5,22,1804
77,Edgewater,4,6,59,1565
77,Edgewater,4,7,94,1576
77,Edgewater,4,8,100,1587
77,Edgewater,4,9,91,1598
77,Edgewater,4,10,66,1609
77,Edgewater,4,11,74,1620
77,Edgewater,4,12,80,1451
77,Edgewater,4,13,72,1462
77,Edgewater,4,14,63,1473
77,Edgewater,4,15,67,1484
77,Edgewater,4,16,111,1495
77,Edgewater,4,17,119,1506
77,Edgewater,4,18,107,1517
77,Edgewater,4,19,115,1528
77,Edgewater,4,20,115,1539
77,Edgewater,4,21,105,1550
77,Edgewater,4,22,112,1811
77,Edgewater,4,23,38,1822
77,Edgewater,5,0,114,1849
77,Edgewater,5,1,122,1860
77,Edgewater,5,2,20,1871
77,Edgewater,5,3,21,1882
77,Edgewater,5,4,19,1893
77,Edgewater,5,5,21,1904
77,Edgewater,5,6,68,1665
77,Edgewater,5,7,90,1676
77,Edgewater,5,8,97,1687
77,Edgewater,5,9,87,1698
77,Edgewater,5,10,64,1709
77,Edgewater,5,11,84,1720
77,Edgewater,5,12,77,1551
77,Edgewater,5,13,82,1562
77,Edgewater,5,14,60,1573
77,Edgewater,5,15,65,1584
77,Edgewater,5,16,106,1595
77,Edgewater,5,17,114,1606
77,Edgewater,5,18,122,1617
77,Edgewater,5,19,111,1628
77,Edgewater,5,20,111,1639
77,Edgewater,5,21,100,1650
77,Edgewater,5,22,108,1911
77,Edgewater,5,23,123,1922
77,Edgewater,6,0,137,1849
77,Edgewater,6,1,147,1860
77,Edgewater,6,2,24,1871
77,Edgewater,6,3,20,1882
77,Edgewater,6,4,21,1893
77,Edgewater,6,5,19,1904
77,Edgewater,6,6,62,1665
77,Edgewater,6,7,82,1676
77,Edgewater,6,8,88,1687
77,Edgewater,6,9,95,1698
77,Edgewater,6,10,58,1709
77,Edgewater,6,11,77,1720
77,Edgewater,6,12,70,1551
77,Edgewater,6,13,75,1562
77,Edgewater,6,14,65,1573
77,Edgewater,6,15,59,1584
77,Edgewater,6,16,115,1595
77,Edgewater,6,17,104,1606
77,Edgewater,6,18,112,1617
77,Edgewater,6,19,101,1628
77,Edgewater,6,20,134,1639
77,Edgewater,6,21,143,1650
77,Edgewater,6,22,129,1911
77,Edgewater,6,23,148,1922
